{
"type": "FeatureCollection",
"name": "qc_ridings_2026",
"crs": { "type": "name", "properties": { "name": "urn:ogc:def:crs:OGC:1.3:CRS84" } },
"features": [
{ "type": "Feature", "properties": { "riding_code": 211, "riding_name": "Vachon" }, "geometry": { "type": "Polygon", "coordinates": [ [ [ -73.410666407739313, 45.552969652553962 ], [ -73.377011542861084, 45.527661629971888 ], [ -73.39416945342893, 45.509589952751135 ], [ -73.377148504746771, 45.497280881406056 ], [ -73.371968871373696, 45.507843258327426 ], [ -73.338627083407047, 45.48212402030763 ], [ -73.363015245054754, 45.445102223855919 ], [ -73.367717899463287, 45.448283214476966 ], [ -73.375629069571588, 45.442300033121271 ], [ -73.372803669759975, 45.437994634745174 ], [ -73.378984255556176, 45.437702992492767 ], [ -73.377526996887369, 45.434365436695074 ], [ -73.379884482534194, 45.432639054933304 ], [ -73.452807640959719, 45.481114292642964 ], [ -73.435798155247824, 45.491278267441139 ], [ -73.461729377980348, 45.505795695667501 ], [ -73.442564734465449, 45.507501283376982 ], [ -73.431017311249022, 45.527762849626832 ], [ -73.439187009725984, 45.532915571925777 ], [ -73.438213783208681, 45.536483410417624 ], [ -73.42406193689115, 45.548699819135017 ], [ -73.419614648203947, 45.545264866254364 ], [ -73.410666407739313, 45.552969652553962 ] ] ] } },
{ "type": "Feature", "properties": { "riding_code": 797, "riding_name": "Bellechasse" }, "geometry": { "type": "Polygon", "coordinates": [ [ [ -70.817919427527954, 46.934175575251778 ], [ -70.778601219302558, 46.905868057885741 ], [ -70.782551919187057, 46.906511692377883 ], [ -70.752502076092142, 46.885136305810676 ], [ -70.75905690934735, 46.88099375157163 ], [ -70.754184000825873, 46.877594909766572 ], [ -70.759664612638701, 46.874001354033219 ], [ -70.756012558568059, 46.868232846449921 ], [ -70.767467996658425, 46.861797092700776 ], [ -70.762250843640075, 46.858116847732688 ], [ -70.767912104250499, 46.860560920665215 ], [ -70.766617159031242, 46.857766528214825 ], [ -70.771189243227838, 46.855274133007875 ], [ -70.703665724716856, 46.806400724770896 ], [ -70.690656141037195, 46.819849120728428 ], [ -70.684896972134851, 46.834348479096072 ], [ -70.678268814251993, 46.835441760318766 ], [ -70.629956602763073, 46.802125009728599 ], [ -70.579244438479719, 46.836781000748445 ], [ -70.475065869658067, 46.76246545318282 ], [ -70.503223422029578, 46.751308214823098 ], [ -70.489968583316283, 46.739756314313709 ], [ -70.493795716136617, 46.737127305025268 ], [ -70.49108039561402, 46.732429693948134 ], [ -70.48044078368838, 46.730135703412884 ], [ -70.48141304555817, 46.72325354570804 ], [ -70.477583726449069, 46.718945726938571 ], [ -70.444892159926084, 46.741544354775549 ], [ -70.324383677630507, 46.658016148711532 ], [ -70.297184418724612, 46.676423103268633 ], [ -70.162691964535071, 46.581461490568749 ], [ -70.188969256447947, 46.56326149166599 ], [ -70.046753762686507, 46.462733155068513 ], [ -70.056499990792034, 46.415583316882753 ], [ -70.07644445597397, 46.409527776343921 ], [ -70.096944435342024, 46.409472245663579 ], [ -70.095166691152627, 46.406416659319042 ], [ -70.100916653438858, 46.405249992683864 ], [ -70.097777770178027, 46.404250009123501 ], [ -70.100416690215241, 46.403138910065088 ], [ -70.098777752736723, 46.40108335246255 ], [ -70.109861114927156, 46.39027776325382 ], [ -70.107750016797368, 46.389000015946024 ], [ -70.107750023202712, 46.387722204758404 ], [ -70.114194469135583, 46.385194437060996 ], [ -70.116638878280014, 46.388222243992765 ], [ -70.116194460777621, 46.385916674179093 ], [ -70.127027741896029, 46.380388886303166 ], [ -70.126972221162134, 46.370805562267989 ], [ -70.136416632093017, 46.369888907375994 ], [ -70.141083308181763, 46.362527756661457 ], [ -70.148083317037347, 46.359000012060662 ], [ -70.156416684092434, 46.361444431289897 ], [ -70.166555550822366, 46.357361088335665 ], [ -70.1728611063524, 46.359194430710346 ], [ -70.181666641642835, 46.352194448570934 ], [ -70.191166673870185, 46.350222232659377 ], [ -70.195694436600206, 46.340833325089996 ], [ -70.20894445162736, 46.329500019536674 ], [ -70.206027786614996, 46.324750004338924 ], [ -70.207277801837023, 46.319555569927616 ], [ -70.202972199668125, 46.314361093779546 ], [ -70.206083323878104, 46.309861114963944 ], [ -70.205861093889709, 46.299722236991869 ], [ -70.231611143856597, 46.291027776455174 ], [ -70.232527783960492, 46.284722211270228 ], [ -70.239861127235415, 46.279166667075778 ], [ -70.240666684296656, 46.272972203517412 ], [ -70.243333335353313, 46.273083350576471 ], [ -70.252499971249478, 46.259972236868599 ], [ -70.25466667188654, 46.254222206289455 ], [ -70.250888892822431, 46.249111099260496 ], [ -70.255388905096481, 46.246138898943322 ], [ -70.260361114542476, 46.230222202766768 ], [ -70.267333312215854, 46.225027792213304 ], [ -70.266321361506627, 46.22261308485978 ], [ -70.286376948208314, 46.236624460146082 ], [ -70.339823579581605, 46.217894599299541 ], [ -70.347761109155996, 46.228576997752953 ], [ -70.372224630888653, 46.212365870847606 ], [ -70.420704708983948, 46.251259295469659 ], [ -70.449115932678666, 46.250618671020433 ], [ -70.440903851668324, 46.255981599078083 ], [ -70.467386148872066, 46.275258151434656 ], [ -70.491411655405145, 46.259544675874778 ], [ -70.511361951293694, 46.254651197929711 ], [ -70.515623346002201, 46.256026853927644 ], [ -70.510836550238395, 46.256890763489167 ], [ -70.517298915427006, 46.26361377349329 ], [ -70.513279383606033, 46.262755127829244 ], [ -70.512390016974607, 46.26985640668078 ], [ -70.505469940767853, 46.272620323859464 ], [ -70.540479729353137, 46.301193140639334 ], [ -70.511964109304827, 46.320506594794466 ], [ -70.534810244919498, 46.336915592956373 ], [ -70.537690521531104, 46.335291756567052 ], [ -70.662535774461091, 46.424569445704954 ], [ -70.688793585921132, 46.407331766402613 ], [ -70.723531620496374, 46.434710452201287 ], [ -70.695784673635757, 46.456316667601548 ], [ -70.743414006455808, 46.493654324636665 ], [ -70.754459780300209, 46.485939931994622 ], [ -70.765056046644958, 46.494095167259474 ], [ -70.768263224209122, 46.491890921310542 ], [ -70.814188418376588, 46.528432961998831 ], [ -70.836219758452486, 46.513686772677701 ], [ -70.863349671618224, 46.539723773991014 ], [ -70.874973856791968, 46.534877096676894 ], [ -70.9052124763016, 46.562923393956531 ], [ -70.909360203508868, 46.561297274555024 ], [ -70.923240039355619, 46.577789459543972 ], [ -70.937421601823473, 46.577381979700228 ], [ -70.948400834036846, 46.581941948717024 ], [ -70.9608990970397, 46.593768197330178 ], [ -70.981903544686134, 46.585354601698221 ], [ -71.042159159329117, 46.590324433608117 ], [ -71.039323819957275, 46.608492308378594 ], [ -71.060783215792966, 46.612740262506236 ], [ -71.05443597717769, 46.61365808611103 ], [ -71.047159348895718, 46.620816437605107 ], [ -71.080238368576929, 46.630270016154768 ], [ -71.088136398765599, 46.639055494505861 ], [ -71.084398511900361, 46.64291558304798 ], [ -71.092954243445121, 46.648473487900638 ], [ -71.11902475400305, 46.630387246466903 ], [ -71.151570941294523, 46.652889830262936 ], [ -71.127909521327652, 46.669215549269303 ], [ -71.127758348648925, 46.68199578554546 ], [ -71.136725304780555, 46.681796766373651 ], [ -71.134210295849883, 46.688026010382195 ], [ -71.138226531869293, 46.694436970669472 ], [ -71.132987130166896, 46.695906372525094 ], [ -71.132786424547547, 46.707879781373741 ], [ -71.139449124830307, 46.703242910445255 ], [ -71.140810961967873, 46.70793299563578 ], [ -71.124290185955942, 46.719454150375739 ], [ -71.152683415799572, 46.742775327952323 ], [ -71.169576760933111, 46.740026548833981 ], [ -71.19011143497751, 46.744274720069804 ], [ -71.181076385311243, 46.753301009522914 ], [ -71.184380559255047, 46.755575202971215 ], [ -71.166709992365753, 46.778210641528858 ], [ -71.129071188145531, 46.801576216606222 ], [ -71.092135404142454, 46.814516550833801 ], [ -71.06377419857516, 46.812792849887217 ], [ -71.046209644036637, 46.816079115739669 ], [ -71.078856159362985, 46.839139025421254 ], [ -70.994636686114831, 46.849197854156074 ], [ -70.940851724276612, 46.883670890906004 ], [ -70.851013283899292, 46.916092918520441 ], [ -70.817919427527954, 46.934175575251778 ] ] ] } },
{ "type": "Feature", "properties": { "riding_code": 817, "riding_name": "René-Lévesque" }, "geometry": { "type": "Polygon", "coordinates": [ [ [ -67.916902971820903, 51.563677722182028 ], [ -67.916896140468225, 51.450193678731338 ], [ -67.859587897561852, 51.450254805490545 ], [ -67.859755844927889, 51.446476321850575 ], [ -67.871378636266485, 51.441701866752382 ], [ -67.875896543345917, 51.429835623616071 ], [ -67.871736880765482, 51.417334145099147 ], [ -67.863870545763419, 51.414001306047545 ], [ -67.854123202849294, 51.403557357079372 ], [ -67.855425582335883, 51.397221662900776 ], [ -67.85248889648939, 51.389671288815755 ], [ -67.866850742358395, 51.380085417926885 ], [ -67.874104449092926, 51.370529279715129 ], [ -67.871131826182094, 51.359196693994384 ], [ -67.873823862894838, 51.350504450686664 ], [ -67.891510094631911, 51.341943780821239 ], [ -67.885381602735009, 51.334222433611494 ], [ -67.894268089309051, 51.331006752155801 ], [ -67.902487512547893, 51.322335492496407 ], [ -67.913882907147425, 51.319700056157224 ], [ -67.910987914950084, 51.31005860030799 ], [ -67.919323270992265, 51.299887871828957 ], [ -67.891275884915316, 51.291191380827129 ], [ -67.888988300813111, 51.287810533777495 ], [ -67.892521735048504, 51.285266366495925 ], [ -67.883960968609514, 51.281895292782139 ], [ -67.87394766204693, 51.288432375678113 ], [ -67.869160491897929, 51.286894133328033 ], [ -67.865085788325914, 51.277302199410585 ], [ -67.852793464854756, 51.268356858979779 ], [ -67.848320368870375, 51.257561572283379 ], [ -67.831947176096094, 51.238948783640211 ], [ -67.830210796700015, 51.224715461535418 ], [ -67.833704490844539, 51.213782550459385 ], [ -67.854340993727121, 51.203184704245523 ], [ -67.849620169961014, 51.200317259724358 ], [ -67.857943551099169, 51.192863493803948 ], [ -67.846607128304228, 51.192512033632191 ], [ -67.843202481206831, 51.180684005479463 ], [ -67.824846543575248, 51.154989512172065 ], [ -67.787949790789767, 51.128633623757906 ], [ -67.786963998206446, 51.124572935564125 ], [ -67.773899378263295, 51.123976749902148 ], [ -67.760281439479158, 51.11836461411216 ], [ -67.757340524384944, 51.112211004483825 ], [ -67.745559721700786, 51.108013620096656 ], [ -67.7344685895727, 51.096731039318655 ], [ -67.722403905720753, 51.095662136760261 ], [ -67.723261775305573, 51.098085785884969 ], [ -67.71959799581235, 51.100138585936335 ], [ -67.712792565656017, 51.095240054921675 ], [ -67.712818137136438, 51.089867861241828 ], [ -67.702499291455027, 51.073060968985821 ], [ -67.693930754005763, 51.0480642486148 ], [ -67.679547166952659, 51.042131312981986 ], [ -67.676947035724723, 51.036574035909602 ], [ -67.670838799863944, 51.033186633042291 ], [ -67.671520542830805, 51.029686683717742 ], [ -67.666348543379868, 51.029965660252202 ], [ -67.666540819722584, 51.024478463037305 ], [ -67.660716375270653, 51.023522029059961 ], [ -67.662263176255578, 51.020667652823505 ], [ -67.651161232817998, 51.015745766145344 ], [ -67.649802871773431, 51.010238291157954 ], [ -67.646086931924273, 51.011092056036773 ], [ -67.644695228770701, 51.008352346009708 ], [ -67.655420533391251, 50.992697484907467 ], [ -67.666468246711517, 50.989179958991819 ], [ -67.665486273240205, 50.985908037064817 ], [ -67.684985419023363, 50.968954447111194 ], [ -67.692740325790083, 50.966908301436902 ], [ -67.69116369780393, 50.952149656909469 ], [ -67.697236954733881, 50.935325223524188 ], [ -67.693412515523704, 50.933212800570821 ], [ -67.693021055405509, 50.920750514373886 ], [ -67.693886122260551, 50.913882520696802 ], [ -67.697202241840202, 50.911392564182783 ], [ -67.693166619558696, 50.909563874905629 ], [ -67.697127805754079, 50.907275501351698 ], [ -67.701326387911379, 50.910779306089708 ], [ -67.700113588380333, 50.906037378099192 ], [ -67.7073739168477, 50.905177052432244 ], [ -67.711732095085637, 50.909833591152918 ], [ -67.706599224685121, 50.914410162746464 ], [ -67.716890256076482, 50.92170266966275 ], [ -67.721753270179789, 50.921407430810248 ], [ -67.722034575660103, 50.928457443462712 ], [ -67.732873362675733, 50.926242725251306 ], [ -67.738422870690741, 50.918787615523868 ], [ -67.727648064335867, 50.903238429905045 ], [ -67.712437667246164, 50.900860175308601 ], [ -67.706199072459299, 50.896635755235565 ], [ -67.726858664313838, 50.873845563424872 ], [ -67.730880290420856, 50.854282921488533 ], [ -67.744871459565104, 50.838168158864931 ], [ -67.746630351868632, 50.830193579975777 ], [ -67.745436603455616, 50.801033040842533 ], [ -67.738896211723301, 50.796795484464461 ], [ -67.739503854756478, 50.788591662396691 ], [ -67.73364461241745, 50.784088217379207 ], [ -67.735906865606808, 50.782071758081486 ], [ -67.729606913677273, 50.772733211193803 ], [ -67.729371878914904, 50.764971406249593 ], [ -67.724232012458373, 50.766403189891427 ], [ -67.725337770151796, 50.763018119488031 ], [ -67.72103318934154, 50.762964213972644 ], [ -67.719073992593209, 50.762433083866618 ], [ -67.723602019959927, 50.751929291202657 ], [ -67.720583866877661, 50.741887293900483 ], [ -67.735440965053854, 50.733392161521429 ], [ -67.746494230290025, 50.732339459896203 ], [ -67.760902218813868, 50.722332734868885 ], [ -67.773669873327222, 50.706577068376937 ], [ -67.765337339483253, 50.706756708933248 ], [ -67.762426147547927, 50.710684649094347 ], [ -67.760137326252263, 50.707819689305992 ], [ -67.763872692282121, 50.700419656980685 ], [ -67.758805932065115, 50.699175889482859 ], [ -67.757558404987805, 50.703862128961525 ], [ -67.752335345335126, 50.703522581549109 ], [ -67.759235693612851, 50.698436919014988 ], [ -67.764594863139394, 50.698221162051432 ], [ -67.762938682922623, 50.694829617393879 ], [ -67.768732554638405, 50.676383603595738 ], [ -67.759480100596818, 50.669911321293888 ], [ -67.75336376150149, 50.653996086731183 ], [ -67.752675922619886, 50.639708048039395 ], [ -67.75731766226167, 50.639291115695173 ], [ -67.756889595862319, 50.635076560895591 ], [ -67.74674799418942, 50.629080775791302 ], [ -67.746980557577672, 50.622154916793697 ], [ -67.751287414214758, 50.618845831013125 ], [ -67.753969291650719, 50.608404980459952 ], [ -67.747807868650483, 50.610627749703966 ], [ -67.745424608598128, 50.615752202474951 ], [ -67.742737942930347, 50.616421313847987 ], [ -67.740393579025962, 50.615172606302018 ], [ -67.741255940883036, 50.617921846795539 ], [ -67.73814096344698, 50.614672548822043 ], [ -67.742609960398511, 50.615511448660925 ], [ -67.745954707703802, 50.612525954804156 ], [ -67.74327734063489, 50.609599546311799 ], [ -67.75025052395273, 50.607571840384281 ], [ -67.744810982070533, 50.607883765233815 ], [ -67.741248439657539, 50.606730082017428 ], [ -67.750869056311572, 50.60640510031147 ], [ -67.754961659987444, 50.600944080430729 ], [ -67.747979293555673, 50.601658764177181 ], [ -67.744161224577752, 50.598684332792025 ], [ -67.742142443967026, 50.595896380582275 ], [ -67.741768911129455, 50.593893536187927 ], [ -67.740518870104239, 50.594642886331911 ], [ -67.740213859139828, 50.592687347970319 ], [ -67.741634597129121, 50.592830509222935 ], [ -67.744602162519371, 50.598602633944829 ], [ -67.749000576062954, 50.600950053923974 ], [ -67.756644517712914, 50.598413300888339 ], [ -67.755815855893189, 50.59245534783139 ], [ -67.758290528279417, 50.590505334731354 ], [ -67.759998635882113, 50.59735174084237 ], [ -67.769558326028687, 50.593662803319312 ], [ -67.768517941400617, 50.590146364269295 ], [ -67.784609388222194, 50.579348593269252 ], [ -67.806816526034666, 50.569271859827062 ], [ -67.812776400533934, 50.557477301744768 ], [ -67.823254533678366, 50.559212694461031 ], [ -67.827060210331197, 50.55453381022145 ], [ -67.820572254342551, 50.542056450789239 ], [ -67.809828019560882, 50.542266864464722 ], [ -67.82028580497942, 50.541206886075614 ], [ -67.821127070124163, 50.537841304496034 ], [ -67.811069222153492, 50.531187072518655 ], [ -67.809938207334682, 50.527444390600728 ], [ -67.817453455881846, 50.531931780968016 ], [ -67.830047223863573, 50.510250165015144 ], [ -67.830738267597596, 50.500337329768023 ], [ -67.837834720764292, 50.489002296879384 ], [ -67.83603497261943, 50.483467969037129 ], [ -67.834759821276919, 50.486483525397958 ], [ -67.831995113716332, 50.483368775715633 ], [ -67.83524007600812, 50.4743191444106 ], [ -67.83936198012421, 50.471885333215397 ], [ -67.834652472868953, 50.472924746761841 ], [ -67.83274804841821, 50.477780594308051 ], [ -67.815057497002897, 50.484330714371254 ], [ -67.815849401469919, 50.485838036444342 ], [ -67.814638049309593, 50.486786851599703 ], [ -67.813351439594172, 50.482448312341788 ], [ -67.825177801146012, 50.479470327410354 ], [ -67.837577467542644, 50.470478110795753 ], [ -67.843249981894687, 50.455807770289944 ], [ -67.84079945908266, 50.449074782146596 ], [ -67.83892655096021, 50.449392313918665 ], [ -67.840043981407547, 50.450895704922438 ], [ -67.835536938173732, 50.453475649589151 ], [ -67.838205443189821, 50.451384013541123 ], [ -67.836176794499522, 50.450781475839364 ], [ -67.834265890078512, 50.449065803714142 ], [ -67.838521578465148, 50.450292654151106 ], [ -67.837447699581645, 50.449402210046649 ], [ -67.841558234547492, 50.445914943126027 ], [ -67.836058928889955, 50.444504300075543 ], [ -67.83972809678724, 50.444956405080106 ], [ -67.834382631805767, 50.442261936898376 ], [ -67.834057958084557, 50.43878624034997 ], [ -67.841439858138699, 50.440896401611255 ], [ -67.842928518753212, 50.444213079887099 ], [ -67.843239977838479, 50.439974958121681 ], [ -67.845680058468787, 50.442770285753923 ], [ -67.849380358027162, 50.440247243166425 ], [ -67.856061138520303, 50.430385713957826 ], [ -67.854449469483527, 50.427957463286177 ], [ -67.860357884603758, 50.422200416206927 ], [ -67.856119954766612, 50.422879730285779 ], [ -67.86847082596843, 50.412616094712114 ], [ -67.864123087154951, 50.410326846759709 ], [ -67.869446499342502, 50.410196235733366 ], [ -67.880053485219165, 50.399459608773327 ], [ -67.881916049914452, 50.395086956499838 ], [ -67.874819842638416, 50.397847609369734 ], [ -67.87769191792664, 50.394185285152972 ], [ -67.884703630928755, 50.393688800286029 ], [ -67.892732489875812, 50.378292649817475 ], [ -67.888702383337019, 50.371290641564869 ], [ -67.887134637198685, 50.370462539450457 ], [ -67.88546685622282, 50.370990923779971 ], [ -67.88427716046516, 50.370870500668232 ], [ -67.883726863353004, 50.370591115339408 ], [ -67.887481743854025, 50.369587722074002 ], [ -67.882672547663418, 50.36439564414183 ], [ -67.878769684597671, 50.363284482242264 ], [ -67.877572355123746, 50.36563741088586 ], [ -67.875799408055286, 50.359482688100769 ], [ -67.873010268278449, 50.360917011849743 ], [ -67.87065322157197, 50.358232648564503 ], [ -67.870770992835276, 50.343146900478345 ], [ -67.867445616549844, 50.336847766679462 ], [ -67.865073089648888, 50.33942280621131 ], [ -67.867452715845303, 50.342871960822052 ], [ -67.863923961502351, 50.33803552696029 ], [ -67.865180558935862, 50.334003239808872 ], [ -67.870348672815695, 50.33208885415587 ], [ -67.866471096192996, 50.323343658812171 ], [ -67.706305786629414, 50.323240162992185 ], [ -67.603717648124231, 50.041230104636412 ], [ -67.716085919757134, 49.975402857871295 ], [ -67.716118689014991, 49.941016557332816 ], [ -67.734550912324778, 49.87770538298561 ], [ -67.665618619816257, 49.898373583963838 ], [ -67.649709779291015, 49.896514191550821 ], [ -67.64638183910256, 49.893767487831809 ], [ -67.624326515791282, 49.89124916836667 ], [ -67.624917050294357, 49.887580440676579 ], [ -67.587879817507044, 49.881966568521591 ], [ -67.58712418541738, 49.872508653694773 ], [ -67.568681875108567, 49.855483289182871 ], [ -67.559639709399121, 49.854446980822978 ], [ -67.555469290561703, 49.85064272520048 ], [ -67.54904083901792, 49.854324625042089 ], [ -67.529172174052533, 49.850035503525277 ], [ -67.530817498796239, 49.841461773279853 ], [ -67.518823545151321, 49.833433044307682 ], [ -67.508550214727464, 49.807206912039625 ], [ -67.512571289516814, 49.80056485010131 ], [ -67.5210575129679, 49.793809254735898 ], [ -67.532871022279608, 49.791753708268054 ], [ -67.541682496410161, 49.795103240600071 ], [ -67.550753161623646, 49.790616190321302 ], [ -67.546850654549772, 49.77493991946254 ], [ -67.550407541168326, 49.76417516154747 ], [ -67.558046351907322, 49.762082447206097 ], [ -67.566332596726994, 49.747387754003476 ], [ -67.564598768854637, 49.739899407032041 ], [ -67.56792547415553, 49.735740347730477 ], [ -67.575727150659262, 49.73682080901456 ], [ -67.582716145732121, 49.726042531633894 ], [ -67.578141062694911, 49.721285814472502 ], [ -67.581112356205765, 49.713928758512687 ], [ -67.601838068489442, 49.708581952546972 ], [ -67.606502952236909, 49.697651621895027 ], [ -67.60350480132422, 49.694793498101859 ], [ -67.603567339279238, 49.677388374951704 ], [ -67.598379647981162, 49.671405211834262 ], [ -67.592551048748192, 49.67319283268656 ], [ -67.591879608675058, 49.645973937426589 ], [ -67.589181505182808, 49.644454799497787 ], [ -67.588103384305128, 49.635418295672245 ], [ -67.590764760899333, 49.626179818011991 ], [ -67.582929002312184, 49.618605575763155 ], [ -67.592161152704833, 49.599823994506693 ], [ -67.586130401245825, 49.586163141326729 ], [ -66.999278259643631, 49.586593266865144 ], [ -66.999278581382498, 49.279232427922139 ], [ -67.153345882050814, 49.189066262968197 ], [ -67.205068162209571, 49.168651216709705 ], [ -67.241174069162483, 49.156758403709681 ], [ -67.33320157657343, 49.134976984804652 ], [ -67.507127463454111, 49.100592158771327 ], [ -67.653524894391168, 49.059285539525959 ], [ -68.173277513374799, 48.881430663116127 ], [ -68.309589479041819, 48.828372282272156 ], [ -68.467533204800205, 48.758094748724503 ], [ -68.723461555677119, 48.621034549837944 ], [ -68.999995478470339, 48.451724432785156 ], [ -69.278377188680537, 48.259375548338056 ], [ -69.548373115921848, 48.049452404477606 ], [ -69.657947191432925, 48.112005113491811 ], [ -69.676672572302522, 48.11950142970138 ], [ -69.742924261183873, 48.136702798421346 ], [ -69.786339804536368, 48.145143181170724 ], [ -69.809876564749629, 48.143843197986669 ], [ -69.840733786819669, 48.152781496886419 ], [ -69.865040066426204, 48.171448243426767 ], [ -69.872378574490369, 48.190066529093777 ], [ -69.883848342683493, 48.206257781144387 ], [ -69.887264093533872, 48.220650239080044 ], [ -69.893622357427802, 48.22578539252671 ], [ -69.912576541949207, 48.230840442824665 ], [ -69.958459253347158, 48.235843116918339 ], [ -69.977621328151528, 48.246790061316794 ], [ -70.016466727304973, 48.256537212511866 ], [ -70.077881388874957, 48.252831335049855 ], [ -70.00799313047483, 48.357004982911789 ], [ -70.010418001760328, 49.796529400235364 ], [ -70.021641366024724, 49.796609274596811 ], [ -70.024756973290891, 50.000051138125691 ], [ -70.026325102701932, 51.564048929306693 ], [ -67.916902971820903, 51.563677722182028 ] ] ] } },
{ "type": "Feature", "properties": { "riding_code": 131, "riding_name": "Daniel-Johnson" }, "geometry": { "type": "Polygon", "coordinates": [ [ [ -72.704228212277627, 45.75889139389799 ], [ -72.680338138418747, 45.775797073348095 ], [ -72.646156905956317, 45.755786908367035 ], [ -72.601867430825592, 45.792602702361606 ], [ -72.575267801930423, 45.777689084486646 ], [ -72.578099096645786, 45.775323619973015 ], [ -72.563116870805118, 45.765907702086125 ], [ -72.577939563369071, 45.752513955170812 ], [ -72.337751385296883, 45.61112600641237 ], [ -72.183685604598423, 45.530243089907998 ], [ -72.148264396667869, 45.508681512810455 ], [ -72.142642997912134, 45.514118491740106 ], [ -72.131060213109635, 45.508918818849608 ], [ -72.128804901284042, 45.499055452055849 ], [ -72.137817973970243, 45.493697683875418 ], [ -72.140405521634904, 45.485017891777829 ], [ -72.139170771729582, 45.478348351493558 ], [ -72.13332295398078, 45.473648373415493 ], [ -72.136114755567448, 45.47084232226765 ], [ -72.148689221350409, 45.472779735922394 ], [ -72.14511539123778, 45.469272972316119 ], [ -72.150746801559961, 45.462662730886059 ], [ -72.15078445783233, 45.456796135271809 ], [ -72.163058429165531, 45.455203753974331 ], [ -72.157644785939311, 45.453808471822235 ], [ -72.157535656254041, 45.442890071718651 ], [ -72.14796133484127, 45.441964980597348 ], [ -72.147682073305546, 45.428339936808037 ], [ -72.182304710671886, 45.430516247955048 ], [ -72.178902437739822, 45.445416126847434 ], [ -72.237627264076181, 45.449764640141659 ], [ -72.239573644195971, 45.41485736294095 ], [ -72.24751270951748, 45.374574985283893 ], [ -72.335975870744647, 45.377074899581253 ], [ -72.462210195616933, 45.375156242613393 ], [ -72.465920940389552, 45.346897387850682 ], [ -72.462165230809745, 45.307444639883485 ], [ -72.588003697125458, 45.307227460565436 ], [ -72.587579815906778, 45.318531254999115 ], [ -72.612371473969915, 45.320686527219571 ], [ -72.62489883208913, 45.326199936824672 ], [ -72.6253842968257, 45.33063998069661 ], [ -72.621242997026641, 45.33334649435362 ], [ -72.652914572322601, 45.344280418775149 ], [ -72.6589183495838, 45.351223667304545 ], [ -72.666312871506165, 45.35186992107689 ], [ -72.663399703882448, 45.447351576936242 ], [ -72.700417896178422, 45.448452363581396 ], [ -72.699237350072138, 45.457364317798508 ], [ -72.819862285973386, 45.45669924925599 ], [ -72.817110918298994, 45.472635567075052 ], [ -72.859614824595127, 45.477258899777127 ], [ -72.871017873771208, 45.47525845297622 ], [ -72.87946429893789, 45.469105181266741 ], [ -72.896611482135171, 45.479101606528076 ], [ -72.903173039450181, 45.472099348500478 ], [ -72.905584977359325, 45.464048754417597 ], [ -72.92170833948785, 45.466384288186738 ], [ -72.925722097564105, 45.452459385320253 ], [ -72.965640107812675, 45.457377217229499 ], [ -72.962192431518517, 45.460093612564407 ], [ -72.963183876339926, 45.469210423378087 ], [ -72.958040152765633, 45.475077900220249 ], [ -72.962364890016801, 45.477211218847188 ], [ -72.959441887700621, 45.483429064185856 ], [ -72.963023023583077, 45.487355878932647 ], [ -72.951723364287119, 45.510389365462764 ], [ -72.955967071459057, 45.511912322607394 ], [ -72.94930301623053, 45.523766402852651 ], [ -72.940981592672586, 45.522874493537493 ], [ -72.945322691277013, 45.529706958857609 ], [ -72.959626621313518, 45.538584305426866 ], [ -72.964930403030223, 45.550537987772003 ], [ -72.97764478009455, 45.556674436740053 ], [ -72.983503973294049, 45.571152130591749 ], [ -72.969145089293804, 45.559641700557528 ], [ -72.957987067646499, 45.571177678470228 ], [ -72.936112710593022, 45.556755834325024 ], [ -72.868034777851136, 45.598597608183404 ], [ -72.860124041593252, 45.592782984538765 ], [ -72.824115711679966, 45.654545050865416 ], [ -72.833214711660872, 45.663078389711345 ], [ -72.811466752839834, 45.676860114821736 ], [ -72.817347722468753, 45.681056912857009 ], [ -72.771677418343316, 45.71195808245146 ], [ -72.803689409324022, 45.733848318440103 ], [ -72.771736042775828, 45.756173281935723 ], [ -72.795189299683869, 45.772726970526399 ], [ -72.766476908726673, 45.792515530744993 ], [ -72.759206973427666, 45.797362133481819 ], [ -72.704228212277627, 45.75889139389799 ] ] ] } },
{ "type": "Feature", "properties": { "riding_code": 833, "riding_name": "Anjou–Louis-Riel" }, "geometry": { "type": "Polygon", "coordinates": [ [ [ -73.536260821570096, 45.618458928965943 ], [ -73.53786809424254, 45.613906357573022 ], [ -73.544096876919497, 45.615053504771836 ], [ -73.546317866312535, 45.61270310903155 ], [ -73.536519487064965, 45.602631412148469 ], [ -73.542182963115124, 45.604182291549527 ], [ -73.539797947280618, 45.601809534218432 ], [ -73.544727552018429, 45.601906207664221 ], [ -73.54539150443658, 45.595604426801756 ], [ -73.536983798200481, 45.593224636032595 ], [ -73.548987803905518, 45.573467551746738 ], [ -73.568482770506151, 45.581443109585045 ], [ -73.563954425514879, 45.584987545857345 ], [ -73.569702168555253, 45.596604779532768 ], [ -73.603209355745847, 45.611155398680403 ], [ -73.56840656150095, 45.634233266256366 ], [ -73.536260821570096, 45.618458928965943 ] ] ] } },
{ "type": "Feature", "properties": { "riding_code": 569, "riding_name": "Vimont-Auteuil" }, "geometry": { "type": "Polygon", "coordinates": [ [ [ -73.691306556377967, 45.681927777430488 ], [ -73.690103868108551, 45.662263767546008 ], [ -73.685081687744443, 45.651904848728378 ], [ -73.680965146740675, 45.649730988579925 ], [ -73.715419886590169, 45.622608725610455 ], [ -73.697890466696663, 45.604977500302844 ], [ -73.710606481188336, 45.595599807805385 ], [ -73.727957955452283, 45.588882316223149 ], [ -73.762752056218162, 45.624039926061535 ], [ -73.776428762862864, 45.627921885510681 ], [ -73.778327702416306, 45.63611268453657 ], [ -73.776181225679352, 45.642577630878321 ], [ -73.734825565592971, 45.676755593939113 ], [ -73.719752818366572, 45.681941282583949 ], [ -73.706244320304307, 45.680920368425355 ], [ -73.69248905392439, 45.689120058199862 ], [ -73.685611704214168, 45.687262095147922 ], [ -73.691306556377967, 45.681927777430488 ] ] ] } },
{ "type": "Feature", "properties": { "riding_code": 319, "riding_name": "Rosemont" }, "geometry": { "type": "Polygon", "coordinates": [ [ [ -73.571440728285069, 45.581074500553335 ], [ -73.548987803905518, 45.573467551746738 ], [ -73.554514546511683, 45.565124552108266 ], [ -73.554406141972649, 45.5557204561579 ], [ -73.561458606109994, 45.540143251511829 ], [ -73.579748445657799, 45.541400296455571 ], [ -73.574898204158288, 45.548102724998202 ], [ -73.596375584305704, 45.554595461138348 ], [ -73.578122054413129, 45.578065074621776 ], [ -73.571440728285069, 45.581074500553335 ] ] ] } },
{ "type": "Feature", "properties": { "riding_code": 359, "riding_name": "Sainte-Rose" }, "geometry": { "type": "Polygon", "coordinates": [ [ [ -73.764540577368336, 45.625313551753656 ], [ -73.727957955452283, 45.588882316223149 ], [ -73.764801406969667, 45.567713713827082 ], [ -73.809076223742679, 45.554568505722862 ], [ -73.837682764368665, 45.580844517111004 ], [ -73.832116352708439, 45.587107458046674 ], [ -73.831876260319063, 45.594752630617556 ], [ -73.8259462522674, 45.598508339197963 ], [ -73.825356624772198, 45.607399790805289 ], [ -73.804087124114915, 45.610390605014395 ], [ -73.795553248240779, 45.615143992384169 ], [ -73.788281919992173, 45.623086617502921 ], [ -73.787969890166806, 45.630166940353803 ], [ -73.778327702416306, 45.63611268453657 ], [ -73.776428762862864, 45.627921885510681 ], [ -73.764540577368336, 45.625313551753656 ] ] ] } },
{ "type": "Feature", "properties": { "riding_code": 157, "riding_name": "Brome-Missisquoi" }, "geometry": { "type": "Polygon", "coordinates": [ [ [ -72.665712459711401, 45.351965137724115 ], [ -72.6589183495838, 45.351223667304545 ], [ -72.652601188597302, 45.344140686373194 ], [ -72.621242997026641, 45.33334649435362 ], [ -72.6253842968257, 45.33063998069661 ], [ -72.62489883208913, 45.326199936824672 ], [ -72.612431801821444, 45.320712161408004 ], [ -72.587579815906778, 45.318531254999115 ], [ -72.588003697125458, 45.307227460565436 ], [ -72.400154226341471, 45.308073139024415 ], [ -72.403397771055239, 45.155720688846067 ], [ -72.479832844717365, 45.157541169969122 ], [ -72.486381972035673, 45.008704023506191 ], [ -72.555383355242768, 45.008022235137062 ], [ -72.634661108900588, 45.014691675047573 ], [ -72.702933315576402, 45.01561944390906 ], [ -73.139880252371043, 45.014405846537329 ], [ -73.111860899723709, 45.072998417364502 ], [ -73.104477585167814, 45.082082288972416 ], [ -73.115209915882602, 45.081848244525425 ], [ -73.115827636600628, 45.097119813188513 ], [ -73.107570434266364, 45.097149264693456 ], [ -73.106973072887072, 45.104510459780123 ], [ -73.0971576968915, 45.101575234038016 ], [ -73.101242591987599, 45.140069860900731 ], [ -73.085883907347537, 45.140101358033121 ], [ -73.085863601622663, 45.191661595998539 ], [ -73.090912209211623, 45.196279869235831 ], [ -73.058270735073137, 45.214588693630439 ], [ -73.073986772233283, 45.228843324374161 ], [ -73.068105838381229, 45.229606846872322 ], [ -73.063533661028615, 45.267830381840156 ], [ -73.058931147941934, 45.265096587464477 ], [ -73.058195645913486, 45.273335245169157 ], [ -73.050510188169952, 45.268122406467228 ], [ -73.049911530487677, 45.277662184725955 ], [ -73.04557674733374, 45.281311538513286 ], [ -73.04618848566254, 45.293372946801746 ], [ -73.015650280694516, 45.272016475889821 ], [ -73.013980912077713, 45.289046958529092 ], [ -73.047818794173793, 45.311301257595908 ], [ -73.048859902246889, 45.325316056146349 ], [ -73.010340017448755, 45.330161437225335 ], [ -73.00965110135985, 45.337525344786179 ], [ -72.994410992976313, 45.337952704876415 ], [ -72.989284574503557, 45.334546594541806 ], [ -72.989916683674821, 45.341837730264039 ], [ -72.928142198311804, 45.298663633972353 ], [ -72.924418240540646, 45.300806587135035 ], [ -72.921103914874649, 45.298456824733243 ], [ -72.906430765937372, 45.287787501192774 ], [ -72.912797800069853, 45.290281232918261 ], [ -72.912824924601253, 45.28673531153585 ], [ -72.883016772671041, 45.265548871216524 ], [ -72.876140750326087, 45.284438294074207 ], [ -72.853226649719687, 45.285105101397605 ], [ -72.853245614320002, 45.299323653861073 ], [ -72.78493198212179, 45.29974739248803 ], [ -72.784482861067687, 45.313654008450207 ], [ -72.773668010234857, 45.313667811683032 ], [ -72.773825688965388, 45.328512479176503 ], [ -72.766261793309454, 45.328299331227555 ], [ -72.763837851703073, 45.341590643315534 ], [ -72.667705624754731, 45.33787373817605 ], [ -72.665712459711401, 45.351965137724115 ] ] ] } },
{ "type": "Feature", "properties": { "riding_code": 207, "riding_name": "Chambly" }, "geometry": { "type": "Polygon", "coordinates": [ [ [ -73.288977253786584, 45.574986217301863 ], [ -73.167891414466865, 45.489909967272496 ], [ -73.171457461412871, 45.486086947238768 ], [ -73.168612253502772, 45.480436654452689 ], [ -73.170501292778766, 45.474557116594681 ], [ -73.176207299909592, 45.471897181893091 ], [ -73.188388267387737, 45.474713979888463 ], [ -73.185420697602694, 45.473664935601484 ], [ -73.194219607343257, 45.471978207657187 ], [ -73.19989569645216, 45.461444291003176 ], [ -73.19765824835865, 45.461279206105978 ], [ -73.198881284414696, 45.457725303667083 ], [ -73.202984105464722, 45.453191368215478 ], [ -73.199448844853791, 45.448240781973972 ], [ -73.202431298633286, 45.443479316601838 ], [ -73.206448224640283, 45.443382133470266 ], [ -73.201336496056484, 45.434382485174424 ], [ -73.203361123407547, 45.422175700510131 ], [ -73.211305858570853, 45.421263833530979 ], [ -73.196629449472184, 45.411581828691851 ], [ -73.19272721847301, 45.404122527654017 ], [ -73.197085789017848, 45.402873256043925 ], [ -73.199296420643876, 45.379696918713208 ], [ -73.210198924499124, 45.371378531434566 ], [ -73.217259017537216, 45.376526671272323 ], [ -73.221490415307258, 45.373644175939042 ], [ -73.220057188521594, 45.361999821699797 ], [ -73.252020648695662, 45.384850754502253 ], [ -73.255147960006738, 45.382272522301861 ], [ -73.274735548966049, 45.38258230529874 ], [ -73.308138010506767, 45.405914850311703 ], [ -73.323219351426644, 45.391963169033339 ], [ -73.326654929433829, 45.382973378474453 ], [ -73.347377972314462, 45.390315225322972 ], [ -73.348689939396053, 45.386089016965997 ], [ -73.386898900886834, 45.41304685352911 ], [ -73.382009907039006, 45.417051036686118 ], [ -73.382053608527599, 45.42434016346602 ], [ -73.385621349838786, 45.42690168328776 ], [ -73.377526996887369, 45.434365436695074 ], [ -73.378984255556176, 45.437702992492767 ], [ -73.372803669759975, 45.437994634745174 ], [ -73.375629069571588, 45.442300033121271 ], [ -73.367717899463287, 45.448283214476966 ], [ -73.363015245054754, 45.445102223855919 ], [ -73.338627083407047, 45.48212402030763 ], [ -73.335327177340744, 45.479647846135023 ], [ -73.326445427917108, 45.5043366065632 ], [ -73.33211646706377, 45.50855489707164 ], [ -73.316228267893905, 45.515716979225097 ], [ -73.294820722628288, 45.540177743233357 ], [ -73.288977253786584, 45.574986217301863 ] ] ] } },
{ "type": "Feature", "properties": { "riding_code": 807, "riding_name": "Matane-Matapédia-Mitis" }, "geometry": { "type": "Polygon", "coordinates": [ [ [ -67.153345882050814, 49.189066262968197 ], [ -66.832404398861925, 48.985140300225503 ], [ -66.733501413304779, 49.017502404556282 ], [ -66.706177455656942, 49.000006629951471 ], [ -66.706713849059398, 48.994484119491133 ], [ -66.699324241500477, 48.988612967445107 ], [ -66.702256770985159, 48.98559771540355 ], [ -66.701256042746181, 48.979950417165711 ], [ -66.704475099336236, 48.978204887753364 ], [ -66.696817094188631, 48.971244283977789 ], [ -66.700349433256463, 48.969281512947852 ], [ -66.696470194407837, 48.964796374041377 ], [ -66.700678825990039, 48.956459598530927 ], [ -66.694469547178102, 48.952277306039917 ], [ -66.69837298627543, 48.949019483807049 ], [ -66.695038647784457, 48.943540832806953 ], [ -66.698758873407158, 48.938261458866236 ], [ -66.693937881403428, 48.934208297633703 ], [ -66.700332370220522, 48.92749936828239 ], [ -66.695714569084885, 48.923488403319688 ], [ -66.696123679783184, 48.919951746892501 ], [ -66.709101629459809, 48.916599191739863 ], [ -66.714595075654259, 48.909423599911889 ], [ -66.704415216140362, 48.90287333196882 ], [ -66.537315125299287, 48.957826526726627 ], [ -66.006813635464667, 48.6083631261628 ], [ -65.948498213218514, 48.567089137442579 ], [ -66.740436641955625, 48.367077810233027 ], [ -66.974160005271884, 48.303156433929054 ], [ -66.836773202897234, 48.147513204220616 ], [ -66.839684229454051, 48.146891370681736 ], [ -66.875738935699047, 48.18290819079953 ], [ -66.900371167972636, 48.200354941862024 ], [ -66.934526151916089, 48.181129426310818 ], [ -66.879575151451874, 48.136969376918564 ], [ -67.09837551710099, 48.085182364747595 ], [ -67.096335896246075, 48.081664034756649 ], [ -67.098450347733618, 48.077948215999406 ], [ -67.277547798582432, 48.031538048124261 ], [ -67.374603164322622, 48.194892602575386 ], [ -67.666736300593655, 48.118481108295931 ], [ -67.64948820419572, 48.090361838547707 ], [ -67.651973430567423, 48.086347112222875 ], [ -67.649434405621449, 48.081061745033843 ], [ -67.631858397795142, 48.078263718891456 ], [ -67.624055582509527, 48.06902824682814 ], [ -67.612924221440736, 48.066331065369312 ], [ -67.586977618934952, 48.049075932240427 ], [ -67.585849418809616, 48.037953999020459 ], [ -67.595672097347034, 48.026675579876141 ], [ -67.589838167868336, 48.023371025271878 ], [ -67.592800576776668, 48.012802559152028 ], [ -67.587257852810097, 48.011190035493627 ], [ -67.592669604637351, 48.007208558128667 ], [ -67.589834534173903, 48.002724848336811 ], [ -67.597857709785416, 48.000112280454239 ], [ -67.950377268531852, 48.000055396043422 ], [ -67.950395160783543, 48.096602654600026 ], [ -68.141518061914709, 48.224415624137805 ], [ -68.257682119866288, 48.293801772930294 ], [ -68.183069275850485, 48.349083230440407 ], [ -68.245795691243913, 48.386962750690159 ], [ -68.249994919999878, 48.393454450978659 ], [ -68.278366348683406, 48.414563685564111 ], [ -68.299418011204907, 48.417334914909418 ], [ -68.273741550379214, 48.436800603744928 ], [ -68.644169655337095, 48.663792658986701 ], [ -68.467533204800205, 48.758094748724503 ], [ -68.403555260484268, 48.787040406854118 ], [ -68.309589479041819, 48.828372282272156 ], [ -68.114353352047743, 48.902199094599801 ], [ -67.592496161655646, 49.078343541135077 ], [ -67.46952653608335, 49.109399568244413 ], [ -67.33320157657343, 49.134976984804652 ], [ -67.241174069162483, 49.156758403709681 ], [ -67.153345882050814, 49.189066262968197 ] ] ] } },
{ "type": "Feature", "properties": { "riding_code": 201, "riding_name": "La Pinière" }, "geometry": { "type": "Polygon", "coordinates": [ [ [ -73.459426860126058, 45.485479679601589 ], [ -73.379884482534194, 45.432639054933304 ], [ -73.385621349838786, 45.42690168328776 ], [ -73.382053608527599, 45.42434016346602 ], [ -73.383237376933309, 45.415626240749248 ], [ -73.386898900886834, 45.41304685352911 ], [ -73.438394374845302, 45.416607052812807 ], [ -73.438086956882614, 45.421649730208195 ], [ -73.469093135034299, 45.422687927900128 ], [ -73.478443986221563, 45.430349056472018 ], [ -73.492124605961692, 45.431544907571528 ], [ -73.521829150491612, 45.452538857317727 ], [ -73.521351474389746, 45.46973636694203 ], [ -73.466007277171926, 45.464718942213388 ], [ -73.467738410510847, 45.471850674417482 ], [ -73.473460370313134, 45.475964802935941 ], [ -73.459426860126058, 45.485479679601589 ] ] ] } },
{ "type": "Feature", "properties": { "riding_code": 281, "riding_name": "Saint-Henri–Sainte-Anne" }, "geometry": { "type": "Polygon", "coordinates": [ [ [ -73.551386927369194, 45.490658112762944 ], [ -73.539936885050764, 45.488058461864433 ], [ -73.529675640280203, 45.491570204319665 ], [ -73.523291986255217, 45.478191416412272 ], [ -73.540802249593654, 45.477094725894425 ], [ -73.556268625663307, 45.469784634859856 ], [ -73.57222896141495, 45.474325864348273 ], [ -73.572186268132612, 45.466450511894251 ], [ -73.58072711898464, 45.466564643683277 ], [ -73.582018828876755, 45.45519488786627 ], [ -73.599501859820819, 45.437522462826848 ], [ -73.611751833414473, 45.43947413935966 ], [ -73.604769261926776, 45.448715314116129 ], [ -73.607014738375526, 45.454468740898015 ], [ -73.6134340659099, 45.457523042129772 ], [ -73.628558041373452, 45.448252672419379 ], [ -73.635230751665858, 45.450751082413369 ], [ -73.621070421104278, 45.462271344855424 ], [ -73.602153032459682, 45.469377628039055 ], [ -73.573046293015153, 45.492893775628104 ], [ -73.567212469660547, 45.490107529750141 ], [ -73.561342616509634, 45.498299888664562 ], [ -73.551386927369194, 45.490658112762944 ] ] ] } },
{ "type": "Feature", "properties": { "riding_code": 271, "riding_name": "Saint-Laurent" }, "geometry": { "type": "Polygon", "coordinates": [ [ [ -73.712327817473181, 45.540360150717156 ], [ -73.684708667222282, 45.530497455159939 ], [ -73.69845654976173, 45.527050885339747 ], [ -73.662496544580605, 45.507708533076347 ], [ -73.68583542234785, 45.489456820471197 ], [ -73.6772119980658, 45.483689463810428 ], [ -73.682805719682619, 45.463178884330631 ], [ -73.693304723817832, 45.470326217759307 ], [ -73.694871566670273, 45.464613703677877 ], [ -73.722467673004516, 45.482752749388958 ], [ -73.750752881531184, 45.460604760559136 ], [ -73.762756720114425, 45.468248978932486 ], [ -73.768387716906958, 45.474962252398932 ], [ -73.766160215523286, 45.476759109220794 ], [ -73.77420079555651, 45.481812685147432 ], [ -73.764415280338454, 45.4903928334111 ], [ -73.773620917119629, 45.498201327567635 ], [ -73.772526606744066, 45.502506446090521 ], [ -73.751723278314472, 45.504321339091085 ], [ -73.763142491465203, 45.512174895936759 ], [ -73.755870422272437, 45.518133079385493 ], [ -73.746638464248804, 45.520403467681 ], [ -73.738114287433802, 45.529599974481918 ], [ -73.712327817473181, 45.540360150717156 ] ] ] } },
{ "type": "Feature", "properties": { "riding_code": 239, "riding_name": "Saint-Hyacinthe" }, "geometry": { "type": "Polygon", "coordinates": [ [ [ -72.837100972625493, 45.852893933781978 ], [ -72.759206973427666, 45.797362133481819 ], [ -72.795189299683869, 45.772726970526399 ], [ -72.771736042775828, 45.756173281935723 ], [ -72.803689409324022, 45.733848318440103 ], [ -72.771677418343316, 45.71195808245146 ], [ -72.817347722468753, 45.681056912857009 ], [ -72.811466752839834, 45.676860114821736 ], [ -72.833214711660872, 45.663078389711345 ], [ -72.824115711679966, 45.654545050865416 ], [ -72.860124041593252, 45.592782984538765 ], [ -72.868034777851136, 45.598597608183404 ], [ -72.936112710593022, 45.556755834325024 ], [ -72.957987067646499, 45.571177678470228 ], [ -72.969145089293804, 45.559641700557528 ], [ -72.983503973294049, 45.571152130591749 ], [ -72.97764478009455, 45.556674436740053 ], [ -72.964930403030223, 45.550537987772003 ], [ -72.959626621313518, 45.538584305426866 ], [ -72.945322691277013, 45.529706958857609 ], [ -72.940981592672586, 45.522874493537493 ], [ -72.94930301623053, 45.523766402852651 ], [ -72.955967071459057, 45.511912322607394 ], [ -72.951723364287119, 45.510389365462764 ], [ -72.963023023583077, 45.487355878932647 ], [ -72.959441887700621, 45.483429064185856 ], [ -72.962364890016801, 45.477211218847188 ], [ -72.958040152765633, 45.475077900220249 ], [ -72.9580600988171, 45.474997027465648 ], [ -73.003470901182766, 45.47936860014353 ], [ -73.007854303537158, 45.474297508763961 ], [ -73.034355715405653, 45.491675122941182 ], [ -73.040267633959104, 45.477514785883741 ], [ -73.072755989133654, 45.476042512550357 ], [ -73.062567179597806, 45.493853821213449 ], [ -73.079017372937102, 45.505798664570705 ], [ -73.062083462966839, 45.53943326418171 ], [ -73.100770287179159, 45.568089624364127 ], [ -73.103950778404268, 45.554298486759002 ], [ -73.138765204851765, 45.574398206046617 ], [ -73.135329179752915, 45.589837695560149 ], [ -73.13167347709711, 45.587255347784883 ], [ -73.12692454622055, 45.588618949950316 ], [ -73.133863290699907, 45.596414765048841 ], [ -73.140098645077487, 45.611046430632506 ], [ -73.131755687029994, 45.631990238593694 ], [ -73.109256641957188, 45.615408415270345 ], [ -73.108524512798965, 45.617841541697679 ], [ -73.099528662233794, 45.611168510550847 ], [ -73.098912950906609, 45.613080607620006 ], [ -73.100962828323361, 45.661789486752141 ], [ -73.116888343005158, 45.673672334851133 ], [ -73.114887970113216, 45.692877719287303 ], [ -73.10503367412764, 45.713628903628532 ], [ -73.089343437558199, 45.729375306030114 ], [ -73.073927547153147, 45.717806904005073 ], [ -73.05345272077588, 45.759573556577728 ], [ -73.001558951835463, 45.721516082244641 ], [ -72.953258736345546, 45.753206609335216 ], [ -72.936966719051512, 45.794274534498427 ], [ -72.942174914777198, 45.798273390541056 ], [ -72.932143229440101, 45.814707504882108 ], [ -72.93471569826832, 45.820320133700598 ], [ -72.920585800367604, 45.830312613666571 ], [ -72.878185106705644, 45.801232335230544 ], [ -72.863794420955131, 45.837160057212969 ], [ -72.837100972625493, 45.852893933781978 ] ] ] } },
{ "type": "Feature", "properties": { "riding_code": 757, "riding_name": "Jean-Lesage" }, "geometry": { "type": "Polygon", "coordinates": [ [ [ -71.232679496395235, 46.867572445050044 ], [ -71.221927634701231, 46.87173940184848 ], [ -71.212796328665561, 46.862019153238656 ], [ -71.20901977135523, 46.865455205306695 ], [ -71.197117445635726, 46.860819067521021 ], [ -71.20076005141037, 46.85559236042657 ], [ -71.199698601065634, 46.850525160552507 ], [ -71.172551434291051, 46.842564447956477 ], [ -71.21799854726946, 46.820889795658623 ], [ -71.226330153738104, 46.819266973868501 ], [ -71.236959974592963, 46.823775709456157 ], [ -71.239387818806918, 46.819871385345337 ], [ -71.242869579468206, 46.82069163103062 ], [ -71.25411189136824, 46.82640100417639 ], [ -71.262606527740274, 46.83542036442212 ], [ -71.237763872005729, 46.84610557009659 ], [ -71.239687212472859, 46.847971837203367 ], [ -71.232930891270499, 46.850936077098083 ], [ -71.251452955339985, 46.869490402655586 ], [ -71.241199024094755, 46.873950444818696 ], [ -71.232679496395235, 46.867572445050044 ] ] ] } },
{ "type": "Feature", "properties": { "riding_code": 727, "riding_name": "Portneuf" }, "geometry": { "type": "Polygon", "coordinates": [ [ [ -72.078535079644553, 47.409347202460545 ], [ -72.056837656696487, 47.40929224880211 ], [ -72.047245847784609, 47.403137080233506 ], [ -72.043140041097203, 47.404956905370454 ], [ -72.034218030051903, 47.40090423728671 ], [ -72.015812944391371, 47.408444136228063 ], [ -72.000728354937237, 47.394405820436042 ], [ -71.991475725209611, 47.389905551745279 ], [ -71.967964650396013, 47.386921671187785 ], [ -71.960419750170345, 47.382236073390082 ], [ -71.957818537370486, 47.375421056617512 ], [ -71.919408331299863, 47.354372680761053 ], [ -71.866502428292861, 47.335468624153769 ], [ -71.86159034516696, 47.338133155903627 ], [ -71.842466602981816, 47.330937562897404 ], [ -71.827693501471686, 47.329124470210509 ], [ -71.827088809347629, 47.323579901121526 ], [ -71.824157522053952, 47.324536937836044 ], [ -71.670302746352121, 47.216009165478688 ], [ -71.631695931162739, 47.192537160910554 ], [ -71.74007322592999, 47.148338742635651 ], [ -71.813871558477445, 47.113959206707662 ], [ -71.633241778832527, 46.987300019736459 ], [ -71.680717445583426, 46.954780594070833 ], [ -71.657269404709467, 46.948176205767503 ], [ -71.658852088768171, 46.958787101044912 ], [ -71.65529649564553, 46.960342598981754 ], [ -71.638824154570841, 46.965453769160696 ], [ -71.632352143957988, 46.959203866783803 ], [ -71.62875243292487, 46.960249056462438 ], [ -71.597570082491231, 46.936089644414253 ], [ -71.611410685272659, 46.926246937325566 ], [ -71.60948167538713, 46.917486533170482 ], [ -71.620622828785912, 46.909675623181023 ], [ -71.614923805419238, 46.906666364821113 ], [ -71.607232804122333, 46.912267266878501 ], [ -71.608244019977676, 46.907231297511721 ], [ -71.590293070895243, 46.895290993608647 ], [ -71.592819933780774, 46.893551673465083 ], [ -71.532992327320557, 46.85473582944887 ], [ -71.549076658343097, 46.851254533948953 ], [ -71.531533972663851, 46.838323894741443 ], [ -71.541917937730275, 46.83661791874124 ], [ -71.494883587238988, 46.803252451408547 ], [ -71.512888442400254, 46.799992066794559 ], [ -71.501968707295774, 46.792469369856903 ], [ -71.606650420041603, 46.776156071842337 ], [ -71.506252085081201, 46.703227731206248 ], [ -71.56676833354652, 46.683838622151235 ], [ -71.608553149751828, 46.678232739572003 ], [ -71.657964114114648, 46.657008868018139 ], [ -71.697689136607252, 46.649229985095687 ], [ -71.774694394433965, 46.648233610619997 ], [ -71.792647248070708, 46.653483056057645 ], [ -71.836529196253608, 46.676507652379136 ], [ -71.854028244904271, 46.679541134512384 ], [ -71.870640272181944, 46.677761413929353 ], [ -71.88928872348049, 46.668537089284158 ], [ -71.92243048450365, 46.63626047847621 ], [ -71.974623480968233, 46.615485190751954 ], [ -72.024146475989539, 46.577090445735166 ], [ -72.051370105459, 46.570814869876777 ], [ -72.083728629460637, 46.570206498563273 ], [ -72.393559901677335, 46.792105501627049 ], [ -72.34511365283889, 46.822366129854892 ], [ -72.334157359073799, 46.814487705652667 ], [ -72.306503275365287, 46.833888506730098 ], [ -72.298516393313875, 46.828501891372291 ], [ -72.293308685815447, 46.836435383403249 ], [ -72.272385909387225, 46.845061486294483 ], [ -72.248318841352685, 46.828178841925308 ], [ -72.233271276381117, 46.838507447353877 ], [ -72.228416588395334, 46.835199216713583 ], [ -72.167510308414535, 46.87458046605358 ], [ -72.43593560888695, 47.057480163660898 ], [ -72.378898135784027, 47.096495207343771 ], [ -72.394896349779316, 47.117765240412645 ], [ -72.413798703307179, 47.119514920455359 ], [ -72.419969055334391, 47.116015056906981 ], [ -72.459998955185881, 47.1430711454218 ], [ -72.514690442901156, 47.143982540373003 ], [ -72.540780695323988, 47.190653053811822 ], [ -72.53855038797407, 47.218850702566726 ], [ -72.510361045568175, 47.268066369644494 ], [ -72.503380633588037, 47.311928060313576 ], [ -72.470693374951196, 47.331598870258951 ], [ -72.485629158649616, 47.367819913875081 ], [ -72.459303171773783, 47.385762734544386 ], [ -72.459549533095213, 47.369847293957669 ], [ -72.412045163396868, 47.345323642672213 ], [ -72.410633333250175, 47.291042045714129 ], [ -72.355351241583577, 47.289737791007695 ], [ -72.340962381433954, 47.278098000218364 ], [ -72.317572054561623, 47.301429450309023 ], [ -72.284242562767062, 47.290150314241188 ], [ -72.239249083601479, 47.289481846706963 ], [ -72.235799728145409, 47.298247617931231 ], [ -72.229118604746603, 47.300188477400319 ], [ -72.207941958461561, 47.325299254471688 ], [ -72.201216387772035, 47.346136893685156 ], [ -72.204677391437698, 47.353470338939019 ], [ -72.201368090386666, 47.360476556089353 ], [ -72.18460576761349, 47.36585090756801 ], [ -72.174729218451986, 47.378807654997793 ], [ -72.161367280880071, 47.386481792487984 ], [ -72.155198460415434, 47.381539329203221 ], [ -72.147811147027298, 47.380787665899142 ], [ -72.145844213795712, 47.372569110971448 ], [ -72.137188975532268, 47.367042532303039 ], [ -72.134980309573805, 47.374313142474627 ], [ -72.130082389724862, 47.373793229909033 ], [ -72.127043143230452, 47.379216558779483 ], [ -72.112609246870889, 47.37825263236207 ], [ -72.100659756676322, 47.384019713164292 ], [ -72.099311698692915, 47.394002247044305 ], [ -72.092396116145636, 47.394490089977694 ], [ -72.081692015279714, 47.402348787021666 ], [ -72.078535079644553, 47.409347202460545 ] ] ] } },
{ "type": "Feature", "properties": { "riding_code": 781, "riding_name": "Beauce-Nord" }, "geometry": { "type": "Polygon", "coordinates": [ [ [ -71.151570941294523, 46.652889830262936 ], [ -71.11902475400305, 46.630387246466903 ], [ -71.092954243445121, 46.648473487900638 ], [ -71.084398511900361, 46.64291558304798 ], [ -71.088136398765599, 46.639055494505861 ], [ -71.080238368576929, 46.630270016154768 ], [ -71.047159348895718, 46.620816437605107 ], [ -71.05443597717769, 46.61365808611103 ], [ -71.060783215792966, 46.612740262506236 ], [ -71.039323819957275, 46.608492308378594 ], [ -71.042159159329117, 46.590324433608117 ], [ -70.981903544686134, 46.585354601698221 ], [ -70.9608990970397, 46.593768197330178 ], [ -70.948400834036846, 46.581941948717024 ], [ -70.937421601823473, 46.577381979700228 ], [ -70.923240039355619, 46.577789459543972 ], [ -70.909360203508868, 46.561297274555024 ], [ -70.9052124763016, 46.562923393956531 ], [ -70.874973856791968, 46.534877096676894 ], [ -70.863349671618224, 46.539723773991014 ], [ -70.836219758452486, 46.513686772677701 ], [ -70.814188418376588, 46.528432961998831 ], [ -70.768263224209122, 46.491890921310542 ], [ -70.765056046644958, 46.494095167259474 ], [ -70.754459780300209, 46.485939931994622 ], [ -70.743414006455808, 46.493654324636665 ], [ -70.695784673635757, 46.456316667601548 ], [ -70.723531620496374, 46.434710452201287 ], [ -70.688793585921132, 46.407331766402613 ], [ -70.662535774461091, 46.424569445704954 ], [ -70.557914175469676, 46.349967067181346 ], [ -70.665622893281991, 46.27868119796247 ], [ -70.657807122153727, 46.272730645226915 ], [ -70.715396854110736, 46.234419446901683 ], [ -70.706034036264171, 46.227217518164565 ], [ -70.700463408971927, 46.226555884880028 ], [ -70.714419108815775, 46.216889773722485 ], [ -70.703450599372815, 46.212346607170801 ], [ -70.748189011947389, 46.180580377994708 ], [ -70.739587256561009, 46.166578944660188 ], [ -70.740423669632122, 46.16267050951916 ], [ -70.754722758925851, 46.152796144651944 ], [ -70.75615858473887, 46.146273123386464 ], [ -70.749433262540265, 46.135846851068827 ], [ -70.775046401101108, 46.118704613131165 ], [ -70.793740218519289, 46.136036057024945 ], [ -70.823423903552239, 46.116114987755225 ], [ -70.831676026632238, 46.123539537504598 ], [ -70.845628192961016, 46.114494583131012 ], [ -70.832867206072422, 46.102324493107091 ], [ -70.859939676234831, 46.084661595070109 ], [ -70.846128699900689, 46.071846781820256 ], [ -70.860074483379748, 46.062715175578958 ], [ -70.893833163515538, 46.092904218558608 ], [ -70.909210165058283, 46.082998595493358 ], [ -70.940912222648905, 46.111544358198998 ], [ -70.955218557789451, 46.102566805387539 ], [ -70.984053574284076, 46.128221502514165 ], [ -71.006540805372609, 46.143591198511324 ], [ -70.993264392931707, 46.152469899093376 ], [ -71.01339075129178, 46.167952796551241 ], [ -70.978977713006017, 46.190122190700563 ], [ -71.082714827092857, 46.287710988502027 ], [ -71.098341092492774, 46.277237710396953 ], [ -71.11951972384135, 46.299062426682447 ], [ -71.105154791811998, 46.308709684375934 ], [ -71.100104673251664, 46.308906310974031 ], [ -71.145662150924053, 46.341212607888579 ], [ -71.10320446529127, 46.358952605815041 ], [ -71.110590908458278, 46.363915075756061 ], [ -71.115069423937001, 46.373156543240547 ], [ -71.130619711716648, 46.38112021127462 ], [ -71.147649232865334, 46.397327283864442 ], [ -71.159018079177287, 46.417920579374744 ], [ -71.227895184108661, 46.481381108401472 ], [ -71.208455876425944, 46.494728594251939 ], [ -71.191603962234069, 46.50167586132693 ], [ -71.211022730314966, 46.515185840619857 ], [ -71.194855587123257, 46.526468402116535 ], [ -71.215917394281774, 46.541043594465592 ], [ -71.232078429480865, 46.529830867134137 ], [ -71.24283903050592, 46.54681178242749 ], [ -71.268627426942018, 46.528759466822137 ], [ -71.332132035489551, 46.573014561553613 ], [ -71.266789054933767, 46.617670753305504 ], [ -71.254267570495131, 46.629906889565788 ], [ -71.236419232176601, 46.617699945005327 ], [ -71.232259314951676, 46.624594527642024 ], [ -71.240079117255107, 46.626437476305505 ], [ -71.236953223407383, 46.630063631929112 ], [ -71.238123683050361, 46.642147837540151 ], [ -71.223528545697945, 46.65166957647304 ], [ -71.216375825953506, 46.633668594030013 ], [ -71.217602237105169, 46.619185428166958 ], [ -71.214768682262388, 46.607643854183706 ], [ -71.151570941294523, 46.652889830262936 ] ] ] } },
{ "type": "Feature", "properties": { "riding_code": 823, "riding_name": "Jonquière" }, "geometry": { "type": "Polygon", "coordinates": [ [ [ -71.46517804455857, 48.50647993117839 ], [ -71.403053400010691, 48.484514879750513 ], [ -71.348963221808347, 48.480603683503951 ], [ -71.313981854983155, 48.474606407628123 ], [ -71.292039796674658, 48.465575393528056 ], [ -71.273910578310392, 48.46221179236916 ], [ -71.256591411127701, 48.453354641203795 ], [ -71.21731126228444, 48.449855110538202 ], [ -71.209848990328268, 48.445161644223113 ], [ -71.189513092258935, 48.453425250292362 ], [ -71.177519656032601, 48.454760464468599 ], [ -71.121777743345348, 48.441173485129084 ], [ -71.129663199651361, 48.431192693556909 ], [ -71.125247069473829, 48.4294112588601 ], [ -71.139479823563406, 48.416050039417776 ], [ -71.127590400923538, 48.410716695250152 ], [ -71.15645280925736, 48.383534409789867 ], [ -71.170042148809969, 48.387234213995598 ], [ -71.208297156350326, 48.346840534744778 ], [ -71.220841100862401, 48.352449042968388 ], [ -71.255368410599985, 48.316709553019265 ], [ -71.273910727168499, 48.302758795762948 ], [ -71.324345118353293, 48.307934248280915 ], [ -71.484385232947588, 48.340045011022546 ], [ -71.515576972197167, 48.343042071976413 ], [ -71.538576389699884, 48.349182895043405 ], [ -71.56294765672223, 48.363176510965936 ], [ -71.550622547683673, 48.393901626725992 ], [ -71.524222347665727, 48.389958245660154 ], [ -71.518147259030073, 48.403902519689211 ], [ -71.488458738899979, 48.399518884189511 ], [ -71.475548709860277, 48.435175277163459 ], [ -71.3827698499056, 48.419531931822 ], [ -71.377224965368697, 48.433023167367651 ], [ -71.48686227247309, 48.452367558513103 ], [ -71.46517804455857, 48.50647993117839 ] ] ] } },
{ "type": "Feature", "properties": { "riding_code": 167, "riding_name": "Saint-Jean" }, "geometry": { "type": "Polygon", "coordinates": [ [ [ -73.386017942560144, 45.412413950666348 ], [ -73.348689939396053, 45.386089016965997 ], [ -73.347377972314462, 45.390315225322972 ], [ -73.326654929433829, 45.382973378474453 ], [ -73.323219351426644, 45.391963169033339 ], [ -73.308138010506767, 45.405914850311703 ], [ -73.274735548966049, 45.38258230529874 ], [ -73.255147960006738, 45.382272522301861 ], [ -73.252020648695662, 45.384850754502253 ], [ -73.247398515880434, 45.370529380122186 ], [ -73.262499615170668, 45.340787913104613 ], [ -73.258381064908903, 45.323422250765887 ], [ -73.246760465222451, 45.307734200750097 ], [ -73.246218556900033, 45.23394148947628 ], [ -73.273357373677484, 45.23366842898087 ], [ -73.273471815969486, 45.2594279839319 ], [ -73.296287045707118, 45.259227439678206 ], [ -73.296183454318523, 45.238158110872767 ], [ -73.34400014520287, 45.272609401655799 ], [ -73.343918836179853, 45.269831032439562 ], [ -73.347608740815318, 45.270753053447272 ], [ -73.343981930573946, 45.268586032313991 ], [ -73.355418277631045, 45.257364416618323 ], [ -73.361599055596983, 45.255587020202576 ], [ -73.356827607299905, 45.252393750978463 ], [ -73.367526533009197, 45.244475864293179 ], [ -73.385748404821271, 45.257162274521846 ], [ -73.383083649059714, 45.259620750629111 ], [ -73.411898206288484, 45.254267316289969 ], [ -73.400948085657475, 45.26605983305155 ], [ -73.389498602285286, 45.268064352288199 ], [ -73.379510969772596, 45.280688412138559 ], [ -73.382435984451462, 45.295135793185928 ], [ -73.369497929850212, 45.309660353012468 ], [ -73.411237938096477, 45.33021491075371 ], [ -73.40454623231625, 45.338877629190598 ], [ -73.408007789401637, 45.340991277824543 ], [ -73.405845778614122, 45.346353778400811 ], [ -73.393271122395419, 45.349903988895782 ], [ -73.387703344123537, 45.357708585832832 ], [ -73.393642206265582, 45.360314818944659 ], [ -73.39541850637066, 45.373048807725404 ], [ -73.397815184360809, 45.373294402240852 ], [ -73.388219727881321, 45.38385608322649 ], [ -73.386147019617297, 45.399926458672311 ], [ -73.380121814571865, 45.401303563591064 ], [ -73.392992757652948, 45.410534462485757 ], [ -73.385305151479727, 45.410232535808973 ], [ -73.386017942560144, 45.412413950666348 ] ] ] } },
{ "type": "Feature", "properties": { "riding_code": 237, "riding_name": "Borduas" }, "geometry": { "type": "Polygon", "coordinates": [ [ [ -73.184718233836506, 45.861394679905352 ], [ -73.098151292904348, 45.79857720379767 ], [ -73.102929207044255, 45.786792388538167 ], [ -73.093005534635353, 45.779563762687701 ], [ -73.094745081795679, 45.773338220650942 ], [ -73.059439860441998, 45.747460557843624 ], [ -73.073927547153147, 45.717806904005073 ], [ -73.089343437558199, 45.729375306030114 ], [ -73.10503367412764, 45.713628903628532 ], [ -73.114887970113216, 45.692877719287303 ], [ -73.116888343005158, 45.673672334851133 ], [ -73.100962828323361, 45.661789486752141 ], [ -73.099528662233794, 45.611168510550847 ], [ -73.131755687029994, 45.631990238593694 ], [ -73.140046375330314, 45.612118579016574 ], [ -73.13823813942237, 45.60388061859841 ], [ -73.12692454622055, 45.588618949950316 ], [ -73.13167347709711, 45.587255347784883 ], [ -73.135329179752915, 45.589837695560149 ], [ -73.138765204851765, 45.574398206046617 ], [ -73.103950778404268, 45.554298486759002 ], [ -73.100770287179159, 45.568089624364127 ], [ -73.062083462966839, 45.53943326418171 ], [ -73.079017372937102, 45.505798664570705 ], [ -73.062567179597806, 45.493853821213449 ], [ -73.078771914000569, 45.465494114452618 ], [ -73.093834635584358, 45.476807825730461 ], [ -73.09988270387251, 45.465771785434271 ], [ -73.119428049341337, 45.460644120454027 ], [ -73.11249412428964, 45.45548561521688 ], [ -73.116942988039256, 45.454792123750153 ], [ -73.297049510576869, 45.580604349992953 ], [ -73.276109922645034, 45.593698195664878 ], [ -73.292446491378229, 45.605164306870776 ], [ -73.271389056753819, 45.633625211884734 ], [ -73.261063502565136, 45.638696914310295 ], [ -73.27631001243634, 45.649924548614045 ], [ -73.265057236737348, 45.656647212189363 ], [ -73.25818865191134, 45.667578259267586 ], [ -73.258357482282122, 45.674668292999655 ], [ -73.287143243193597, 45.69592441257695 ], [ -73.277301070330438, 45.698086109288191 ], [ -73.219725576057812, 45.748794096717937 ], [ -73.263659695659044, 45.781138171689058 ], [ -73.257785550556434, 45.783382977363345 ], [ -73.26859302819237, 45.791201490584697 ], [ -73.255776453810384, 45.795722867407378 ], [ -73.249468317450123, 45.801906314970331 ], [ -73.246935242437431, 45.800026994811304 ], [ -73.24088906101359, 45.804373584802967 ], [ -73.242314337381785, 45.808167859090887 ], [ -73.230704745589364, 45.815945611139583 ], [ -73.226479001715887, 45.814827143847495 ], [ -73.211981973726878, 45.836022479702756 ], [ -73.184718233836506, 45.861394679905352 ] ] ] } },
{ "type": "Feature", "properties": { "riding_code": 247, "riding_name": "Verdun" }, "geometry": { "type": "Polygon", "coordinates": [ [ [ -73.523291986255217, 45.478191416412272 ], [ -73.520836385228293, 45.464485842290749 ], [ -73.522613001555598, 45.449514621668612 ], [ -73.529696375943772, 45.437153530174072 ], [ -73.539808303387503, 45.428042008166486 ], [ -73.599501859820819, 45.437522462826848 ], [ -73.582018828876755, 45.45519488786627 ], [ -73.58072711898464, 45.466564643683277 ], [ -73.572186268132612, 45.466450511894251 ], [ -73.57222896141495, 45.474325864348273 ], [ -73.556268625663307, 45.469784634859856 ], [ -73.540802249593654, 45.477094725894425 ], [ -73.523291986255217, 45.478191416412272 ] ] ] } },
{ "type": "Feature", "properties": { "riding_code": 277, "riding_name": "D'Arcy-McGee" }, "geometry": { "type": "Polygon", "coordinates": [ [ [ -73.625696423357169, 45.489032141074532 ], [ -73.622386264936083, 45.491268703010398 ], [ -73.618005929074144, 45.489418735052645 ], [ -73.615151131183254, 45.483857810106613 ], [ -73.645922207217595, 45.473276423469919 ], [ -73.658272596821718, 45.461454393766047 ], [ -73.661324029508165, 45.457221913985073 ], [ -73.65799136696441, 45.455940969871612 ], [ -73.659556346751799, 45.454576689722465 ], [ -73.6673164419025, 45.457565930220873 ], [ -73.671789070687595, 45.452691190182996 ], [ -73.687233627359376, 45.455402307446256 ], [ -73.681287964433167, 45.462153037098226 ], [ -73.677212018731623, 45.483689391079075 ], [ -73.655962846143822, 45.478961152382944 ], [ -73.655792057232304, 45.486876258512034 ], [ -73.640191191962032, 45.50443094164865 ], [ -73.624304726108306, 45.497233884931461 ], [ -73.629956078527982, 45.490948002731336 ], [ -73.625696423357169, 45.489032141074532 ] ] ] } },
{ "type": "Feature", "properties": { "riding_code": 799, "riding_name": "Côte-du-Sud" }, "geometry": { "type": "Polygon", "coordinates": [ [ [ -69.642030539009085, 47.713793201550665 ], [ -69.626196529375918, 47.716343707822681 ], [ -69.604088332738542, 47.735366004968832 ], [ -69.593095743081534, 47.732079047723396 ], [ -69.587419702475529, 47.736143734780534 ], [ -69.571793092213042, 47.736842614874696 ], [ -69.549180195811743, 47.729042982817113 ], [ -69.527334742568925, 47.727343379223967 ], [ -69.527177233981092, 47.72405794806108 ], [ -69.546321226960075, 47.70674001261655 ], [ -69.539642093727011, 47.705128768453186 ], [ -69.53896297274936, 47.697404762556253 ], [ -69.523186978454049, 47.684939038112113 ], [ -69.493334534079949, 47.665803382079027 ], [ -69.439678607321397, 47.71825404677746 ], [ -69.305720735260465, 47.626989815856419 ], [ -69.588510298914372, 47.43154884265865 ], [ -69.389389111081002, 47.298959881004187 ], [ -69.997111122603258, 46.69552779188848 ], [ -70.046753762686507, 46.462733155068513 ], [ -70.188969256447947, 46.56326149166599 ], [ -70.162691964535071, 46.581461490568749 ], [ -70.297184418724612, 46.676423103268633 ], [ -70.324383677630507, 46.658016148711532 ], [ -70.444892159926084, 46.741544354775549 ], [ -70.477583726449069, 46.718945726938571 ], [ -70.480046627218627, 46.720384698087834 ], [ -70.480322288738648, 46.729978152724648 ], [ -70.49108039561402, 46.732429693948134 ], [ -70.493795716136617, 46.737127305025268 ], [ -70.489968583316283, 46.739756314313709 ], [ -70.503223422029578, 46.751308214823098 ], [ -70.475065869658067, 46.76246545318282 ], [ -70.579244438479719, 46.836781000748445 ], [ -70.629956602763073, 46.802125009728599 ], [ -70.678268814251993, 46.835441760318766 ], [ -70.684896972134851, 46.834348479096072 ], [ -70.690656141037195, 46.819849120728428 ], [ -70.703665724716856, 46.806400724770896 ], [ -70.771189243227838, 46.855274133007875 ], [ -70.766617159031242, 46.857766528214825 ], [ -70.767912104250499, 46.860560920665215 ], [ -70.762250843640075, 46.858116847732688 ], [ -70.767467996658425, 46.861797092700776 ], [ -70.756012558568059, 46.868232846449921 ], [ -70.759664612638701, 46.874001354033219 ], [ -70.754184000825873, 46.877594909766572 ], [ -70.75905690934735, 46.88099375157163 ], [ -70.752502076092142, 46.885136305810676 ], [ -70.817919427527954, 46.934175575251778 ], [ -70.706177075274226, 47.000890430087011 ], [ -70.697705045554017, 47.013812417792849 ], [ -70.685427390055906, 47.050504480882118 ], [ -70.674537857715805, 47.065671175587873 ], [ -70.659870421027279, 47.07655997301859 ], [ -70.598005897730701, 47.10755947972077 ], [ -70.524363383200495, 47.164836884727137 ], [ -70.504234672257496, 47.184536126378191 ], [ -70.478999312123406, 47.227059924116766 ], [ -70.4549421000834, 47.253504713504498 ], [ -70.422551328924229, 47.275615881932048 ], [ -70.393966442143778, 47.290504675918015 ], [ -70.322768145947052, 47.316171598591573 ], [ -70.288375914996649, 47.334062340810853 ], [ -70.149479936459784, 47.452950663024772 ], [ -70.127563078530642, 47.478060102672423 ], [ -70.095922000521284, 47.534920374317302 ], [ -70.069781233986319, 47.564698057005664 ], [ -70.036557841844839, 47.591114571261379 ], [ -69.958248218840737, 47.63686475084468 ], [ -69.910550131414155, 47.67936535095776 ], [ -69.8861048186955, 47.713226177760546 ], [ -69.839879938655201, 47.799642632831556 ], [ -69.806573286067149, 47.84619823962813 ], [ -69.731566460561609, 47.933559660024663 ], [ -69.707648547627684, 47.956726399016048 ], [ -69.673174729151043, 47.983448567282785 ], [ -69.591371887614201, 47.92923098120766 ], [ -69.609315527615308, 47.890200845386694 ], [ -69.639972746222611, 47.849192260174306 ], [ -69.684659397118025, 47.811004675569933 ], [ -69.72631863593638, 47.769670533528704 ], [ -69.642030539009085, 47.713793201550665 ] ] ] } },
{ "type": "Feature", "properties": { "riding_code": 707, "riding_name": "Jean-Talon" }, "geometry": { "type": "Polygon", "coordinates": [ [ [ -71.233305491455681, 46.790943620592273 ], [ -71.228983042548464, 46.793529387986062 ], [ -71.214145267948012, 46.785256252737334 ], [ -71.266731012303964, 46.752423371061532 ], [ -71.294994793736663, 46.744961691436373 ], [ -71.296400070058567, 46.749738895409649 ], [ -71.309787291275597, 46.751399386427678 ], [ -71.339663625976101, 46.772892836455689 ], [ -71.333308048098033, 46.778801782235284 ], [ -71.349694636147674, 46.78530400723232 ], [ -71.334131743477627, 46.795318381770898 ], [ -71.323566222395243, 46.78998959110217 ], [ -71.316615798488982, 46.79450993527081 ], [ -71.313577525878472, 46.789261917181662 ], [ -71.267911061614058, 46.795982212801256 ], [ -71.266960388542046, 46.791924220590488 ], [ -71.257902638073645, 46.786299401832061 ], [ -71.239369382491503, 46.796988282406431 ], [ -71.236698876558847, 46.794709060723811 ], [ -71.238962829334341, 46.793436388037442 ], [ -71.233305491455681, 46.790943620592273 ] ] ] } },
{ "type": "Feature", "properties": { "riding_code": 771, "riding_name": "Charlevoix–Côte-de-Beaupré" }, "geometry": { "type": "Polygon", "coordinates": [ [ [ -69.806006464142442, 48.143341808618928 ], [ -69.786339804536368, 48.145143181170724 ], [ -69.749398126970235, 48.138004742966551 ], [ -69.703234640560481, 48.127806826341143 ], [ -69.668037199134574, 48.116362644111085 ], [ -69.548373115921848, 48.049452404477606 ], [ -69.580565043630486, 48.030396158206216 ], [ -69.655897036302733, 47.994559861961484 ], [ -69.693620078440091, 47.968393021866348 ], [ -69.719843644070338, 47.945531936764382 ], [ -69.819879168910319, 47.828781679191948 ], [ -69.850491912236166, 47.782225958616635 ], [ -69.8861048186955, 47.713226177760546 ], [ -69.910550131414155, 47.67936535095776 ], [ -69.958248218840737, 47.63686475084468 ], [ -70.036557841844839, 47.591114571261379 ], [ -70.069781233986319, 47.564698057005664 ], [ -70.095922000521284, 47.534920374317302 ], [ -70.127563078530642, 47.478060102672423 ], [ -70.149479936459784, 47.452950663024772 ], [ -70.288375914996649, 47.334062340810853 ], [ -70.322768145947052, 47.316171598591573 ], [ -70.393966442143778, 47.290504675918015 ], [ -70.422551328924229, 47.275615881932048 ], [ -70.4549421000834, 47.253504713504498 ], [ -70.478999312123406, 47.227059924116766 ], [ -70.504234672257496, 47.184536126378191 ], [ -70.524363383200495, 47.164836884727137 ], [ -70.598005897730701, 47.10755947972077 ], [ -70.659870421027279, 47.07655997301859 ], [ -70.674537857715805, 47.065671175587873 ], [ -70.685427390055906, 47.050504480882118 ], [ -70.697705045554017, 47.013812417792849 ], [ -70.707179078204959, 47.000055991676291 ], [ -70.842461433086513, 46.920062400540047 ], [ -70.940851724276612, 46.883670890906004 ], [ -70.990665004421871, 46.850753215438637 ], [ -71.008168127664149, 46.846089146676583 ], [ -71.077221799545029, 46.839256607982769 ], [ -71.134641588158289, 46.837561428291117 ], [ -71.156086677225716, 46.842422696742034 ], [ -71.172551434291051, 46.842564447956477 ], [ -71.154641980147247, 46.85564497333295 ], [ -71.131395888930669, 46.880246507993242 ], [ -71.144777446760315, 46.886405618913443 ], [ -71.15199973035584, 46.895525528147019 ], [ -71.161002426445179, 46.893988611657988 ], [ -71.167339301652092, 46.898126208120843 ], [ -71.172360799846103, 46.904928941564172 ], [ -71.168718874528508, 46.912293847071112 ], [ -71.192548901065564, 46.938031993220434 ], [ -71.190362415337106, 46.942642014955617 ], [ -71.192308975355289, 46.947994673836718 ], [ -71.20531508517756, 46.966136031282076 ], [ -71.191553005889077, 46.970367902912301 ], [ -71.131096902002099, 47.00354717679145 ], [ -71.096032069805119, 47.043799163861834 ], [ -71.085826625188773, 47.050718329997906 ], [ -71.147790467589317, 47.103440617484196 ], [ -71.172716213094006, 47.087761032085446 ], [ -71.186818349372885, 47.097444319364925 ], [ -71.178381943011701, 47.101487321869477 ], [ -71.219264287920524, 47.126915145818991 ], [ -71.218013335453477, 47.123213792861151 ], [ -71.231735499171805, 47.116622910147314 ], [ -71.237733865884849, 47.122503750598611 ], [ -71.243649275776363, 47.12328413282431 ], [ -71.240577859778938, 47.13369431408691 ], [ -71.26370319757828, 47.133918962114635 ], [ -71.259906312569143, 47.137597890202244 ], [ -71.268451773997683, 47.146624254576679 ], [ -71.252010702984805, 47.154182460447856 ], [ -71.28686231367837, 47.190519671263473 ], [ -71.371584638960357, 47.264932983725906 ], [ -71.435174465191125, 47.327707511220375 ], [ -71.459681422907209, 47.345811108986759 ], [ -72.073467187697801, 47.949993710179434 ], [ -71.380006017483936, 47.950043345020525 ], [ -71.374125527385061, 47.957317357976628 ], [ -71.374002096287441, 47.95991469246227 ], [ -71.382328184094703, 47.961951014179036 ], [ -71.37621929926253, 47.969432045083693 ], [ -71.372715178382421, 47.968476777636333 ], [ -71.375779974669584, 47.974184470900198 ], [ -71.408891100194197, 47.976545835326739 ], [ -71.411628938866585, 47.99599292004082 ], [ -71.277741940999988, 47.999357167692715 ], [ -70.529720113974506, 47.995385729850781 ], [ -70.529451445133844, 47.997707854113294 ], [ -70.503867417334249, 47.997939003923833 ], [ -70.263649369076248, 47.992928209003836 ], [ -70.171875252673544, 48.124825944377108 ], [ -69.956151180373453, 48.056790720828275 ], [ -69.871082591511595, 48.186177473986895 ], [ -69.865040066426204, 48.171448243426767 ], [ -69.851340203688522, 48.158841893393571 ], [ -69.828429778914455, 48.148201294746023 ], [ -69.806006464142442, 48.143341808618928 ] ] ] } },
{ "type": "Feature", "properties": { "riding_code": 787, "riding_name": "Lotbinière-Frontenac" }, "geometry": { "type": "Polygon", "coordinates": [ [ [ -71.520109407423178, 46.699358723051496 ], [ -71.42758745668435, 46.636619621794161 ], [ -71.419872751643837, 46.639278023319214 ], [ -71.403231573376132, 46.62829480737598 ], [ -71.409553564210242, 46.625733659732404 ], [ -71.268627426942018, 46.528759466822137 ], [ -71.24283903050592, 46.54681178242749 ], [ -71.232078429480865, 46.529830867134137 ], [ -71.215917394281774, 46.541043594465592 ], [ -71.194855587123257, 46.526468402116535 ], [ -71.211022730314966, 46.515185840619857 ], [ -71.191603962234069, 46.50167586132693 ], [ -71.208455876425944, 46.494728594251939 ], [ -71.227895184108661, 46.481381108401472 ], [ -71.159018079177287, 46.417920579374744 ], [ -71.147649232865334, 46.397327283864442 ], [ -71.130619711716648, 46.38112021127462 ], [ -71.115069423937001, 46.373156543240547 ], [ -71.110590908458278, 46.363915075756061 ], [ -71.10320446529127, 46.358952605815041 ], [ -71.145662150924053, 46.341212607888579 ], [ -71.100104673251664, 46.308906310974031 ], [ -71.105154791811998, 46.308709684375934 ], [ -71.11951972384135, 46.299062426682447 ], [ -71.098341092492774, 46.277237710396953 ], [ -71.082714827092857, 46.287710988502027 ], [ -70.978977713006017, 46.190122190700563 ], [ -71.01339075129178, 46.167952796551241 ], [ -71.001943563874804, 46.158987080822108 ], [ -71.015294224563547, 46.150110951304981 ], [ -71.027206116767388, 46.158935988058879 ], [ -71.036109212961094, 46.153328011213119 ], [ -71.048853893787921, 46.165418674485778 ], [ -71.062105652294107, 46.156447758405101 ], [ -71.066447014812184, 46.160509818889132 ], [ -71.062050958804051, 46.163484945190184 ], [ -71.066602339176256, 46.167688553431809 ], [ -71.0709084075595, 46.164758049952695 ], [ -71.07466763379675, 46.168168795778868 ], [ -71.088576444277408, 46.15924189867512 ], [ -71.07989692927795, 46.151327053608753 ], [ -71.105029851321433, 46.135143356650794 ], [ -71.087940560566537, 46.132414796322848 ], [ -71.100543911886191, 46.124687125534514 ], [ -71.042247875603152, 46.073530565964177 ], [ -71.029551799800089, 46.081686178826381 ], [ -71.011318004284519, 46.066357898314088 ], [ -71.02473803836142, 46.057731807269974 ], [ -70.987607858420887, 46.024733619798205 ], [ -71.002041890768226, 46.010576452985134 ], [ -70.990365627018619, 46.004851555262206 ], [ -71.007584106171066, 45.987986736156941 ], [ -71.046496332133259, 46.006349517539391 ], [ -71.106807543308534, 45.946099998680161 ], [ -71.129834833215028, 45.957383541645072 ], [ -71.163280853706951, 45.924402874582356 ], [ -71.194852826082368, 45.956223012362635 ], [ -71.229714408828315, 45.968257247801787 ], [ -71.243793534056749, 45.965508622834818 ], [ -71.273112972926498, 45.949877719158081 ], [ -71.290947237442438, 45.934086730099175 ], [ -71.30583971863598, 45.931941862663351 ], [ -71.311715869290438, 45.924889476515737 ], [ -71.412407878562476, 45.977735696007507 ], [ -71.458578563092999, 45.93277488469181 ], [ -71.445792570311582, 45.926274912080963 ], [ -71.456484879927913, 45.915777230576857 ], [ -71.456093652988727, 45.910510097174836 ], [ -71.47960752827187, 45.902602843495949 ], [ -71.489785980947673, 45.889464087487184 ], [ -71.498463426211671, 45.8938187571122 ], [ -71.501666799913991, 45.890859511620555 ], [ -71.551399151019865, 45.916105241654499 ], [ -71.562014766085468, 45.905906286371248 ], [ -71.685924801872986, 45.967042765935687 ], [ -71.509701913428785, 46.137345263190433 ], [ -71.533884397297626, 46.149153232805496 ], [ -71.523121925575865, 46.159974922362416 ], [ -71.529479137107742, 46.163135637890605 ], [ -71.483257693975077, 46.206644173724328 ], [ -71.488003935762649, 46.2090821693414 ], [ -71.485439767630311, 46.213823818263741 ], [ -71.466821724381177, 46.231194078537712 ], [ -71.445487209010395, 46.220213318138676 ], [ -71.434587072571503, 46.230834136751788 ], [ -71.419268006025533, 46.223291903605222 ], [ -71.371931079909459, 46.267810915463201 ], [ -71.508493118141033, 46.338389450681774 ], [ -71.481428695249036, 46.356011937865183 ], [ -71.508141914731837, 46.376578141810235 ], [ -71.478982779178594, 46.395865102518648 ], [ -71.531408280118896, 46.434387076522029 ], [ -71.565531453631223, 46.412848436456997 ], [ -71.617549124157804, 46.451586861894612 ], [ -71.695938188800724, 46.40569727410989 ], [ -71.760158016428306, 46.363787343208557 ], [ -72.011810247747079, 46.543665250387193 ], [ -72.032060101524323, 46.553290224818404 ], [ -72.05431988501833, 46.570508858050253 ], [ -72.024146475989539, 46.577090445735166 ], [ -71.979259304826684, 46.61264921009726 ], [ -71.925892751432244, 46.634095254232719 ], [ -71.887762206809214, 46.669733031836365 ], [ -71.866667379504065, 46.678566070503834 ], [ -71.836529196253608, 46.676507652379136 ], [ -71.789557717006645, 46.652173781576771 ], [ -71.759005407951818, 46.647337985778272 ], [ -71.697689136607252, 46.649229985095687 ], [ -71.672552790777701, 46.652893701294815 ], [ -71.611613246265023, 46.677343341202302 ], [ -71.56676833354652, 46.683838622151235 ], [ -71.520109407423178, 46.699358723051496 ] ] ] } },
{ "type": "Feature", "properties": { "riding_code": 811, "riding_name": "Îles-de-la-Madeleine" }, "geometry": { "type": "Polygon", "coordinates": [ [ [ -61.399360390954286, 46.840004593098122 ], [ -62.299948558664205, 46.840008282229988 ], [ -62.986356949716495, 47.139731440017016 ], [ -62.999142894000897, 47.157145197494266 ], [ -62.999128138437918, 48.66668100121764 ], [ -60.468604293824903, 48.666668462311037 ], [ -60.403770048547358, 47.761110418324606 ], [ -60.7626723472344, 47.423331526571076 ], [ -60.991846949284692, 47.329443459242881 ], [ -61.350468147925632, 47.009721359574826 ], [ -61.399360390954286, 46.840004593098122 ] ] ] } },
{ "type": "Feature", "properties": { "riding_code": 821, "riding_name": "Chicoutimi" }, "geometry": { "type": "Polygon", "coordinates": [ [ [ -71.048384085344466, 48.46146453580868 ], [ -71.052602762390563, 48.451433532150538 ], [ -71.020114820492495, 48.44352525801925 ], [ -71.000521321432458, 48.453367577406787 ], [ -70.986251941476212, 48.454250496901672 ], [ -70.902203331842912, 48.430272676831066 ], [ -70.966382184037997, 48.370787637532594 ], [ -70.990299555911037, 48.382483141534841 ], [ -71.026298403140501, 48.348343756566891 ], [ -71.064191388504668, 48.365962151309411 ], [ -71.098063762401765, 48.335098041733339 ], [ -71.184476574098824, 48.373723608369886 ], [ -71.170042148809969, 48.387234213995598 ], [ -71.15645280925736, 48.383534409789867 ], [ -71.127590400923538, 48.410716695250152 ], [ -71.139479823563406, 48.416050039417776 ], [ -71.125247069473829, 48.4294112588601 ], [ -71.129663199651361, 48.431192693556909 ], [ -71.121777743345348, 48.441173485129084 ], [ -71.11206722392059, 48.466119832990103 ], [ -71.077925750634563, 48.457581147943948 ], [ -71.074128196686203, 48.466910886653331 ], [ -71.048384085344466, 48.46146453580868 ] ] ] } },
{ "type": "Feature", "properties": { "riding_code": 577, "riding_name": "Groulx" }, "geometry": { "type": "Polygon", "coordinates": [ [ [ -73.870091199968243, 45.663287406948371 ], [ -73.8442993453762, 45.647500327397694 ], [ -73.833972255591107, 45.653325167887111 ], [ -73.842319275093899, 45.659035496080485 ], [ -73.839871158734141, 45.660904138654402 ], [ -73.813054531644866, 45.642924429642349 ], [ -73.807408688983259, 45.649893095372022 ], [ -73.790819870911776, 45.651035213776836 ], [ -73.80222688701285, 45.658566204794731 ], [ -73.793917746571424, 45.664779264278224 ], [ -73.768051302011116, 45.648801828591068 ], [ -73.776181225679352, 45.642577630878321 ], [ -73.778996731585764, 45.635105627449143 ], [ -73.787969890166806, 45.630166940353803 ], [ -73.788281919992173, 45.623086617502921 ], [ -73.795553248240779, 45.615143992384169 ], [ -73.804087124114915, 45.610390605014395 ], [ -73.825356624772198, 45.607399790805289 ], [ -73.8259462522674, 45.598508339197963 ], [ -73.832395560863787, 45.593762065869555 ], [ -73.832116352708439, 45.587107458046674 ], [ -73.842757257854672, 45.578719925459012 ], [ -73.843683068613586, 45.581557531241728 ], [ -73.840751589975724, 45.58310551176173 ], [ -73.847510970703624, 45.589002744469681 ], [ -73.849705874493722, 45.587625777198468 ], [ -73.870048813507793, 45.59999226477273 ], [ -73.875099563371123, 45.597052664775248 ], [ -73.880430797049954, 45.606640616055365 ], [ -73.931383599001521, 45.639442920820343 ], [ -73.919634605193423, 45.633281731456158 ], [ -73.893076319814611, 45.637604177522519 ], [ -73.895231502565665, 45.639004165751523 ], [ -73.888572100723223, 45.641024363060048 ], [ -73.880194169228858, 45.638618816779328 ], [ -73.871529271050662, 45.641860360923644 ], [ -73.882440203234069, 45.649157407851298 ], [ -73.878090442851629, 45.649726051329743 ], [ -73.866282287661051, 45.6426574536655 ], [ -73.863919501035824, 45.643731325636928 ], [ -73.88071611782388, 45.655226986684973 ], [ -73.870091199968243, 45.663287406948371 ] ] ] } },
{ "type": "Feature", "properties": { "riding_code": 141, "riding_name": "Drummond–Bois-Francs" }, "geometry": { "type": "Polygon", "coordinates": [ [ [ -72.51743805700761, 46.097608184460348 ], [ -72.507720815767627, 46.095513512038565 ], [ -72.507379715360258, 46.084115364929922 ], [ -72.49236510766579, 46.079414955880473 ], [ -72.490020246517432, 46.075891774620565 ], [ -72.498201545292531, 46.054391241436839 ], [ -72.480465882645916, 46.03685900759239 ], [ -72.475261546624509, 46.040218811584602 ], [ -72.457751363533731, 46.03865608509448 ], [ -72.440296423057362, 46.047293396015334 ], [ -72.431121499960184, 46.042197836868979 ], [ -72.4207897116639, 46.046513030811354 ], [ -72.409706533995248, 46.038495057232609 ], [ -72.410678424603802, 46.031910424618943 ], [ -72.397142570186361, 46.023108463009713 ], [ -72.354449820910375, 46.058711125407825 ], [ -72.30723813105331, 46.031162905412835 ], [ -72.290363168183063, 46.046240926694317 ], [ -72.258304131968217, 46.063176212837632 ], [ -72.225155107486941, 46.0873190718941 ], [ -72.215765619473416, 46.081359702164029 ], [ -72.214126426161599, 46.097727209224253 ], [ -72.191774424944228, 46.102349422650164 ], [ -72.192022767184241, 46.091506356782666 ], [ -72.178307765243076, 46.100793559591231 ], [ -72.178658709547562, 46.075659815177993 ], [ -72.162741395410023, 46.078608750407888 ], [ -72.161862358094879, 46.034649682479419 ], [ -72.140761571546662, 46.038615020818575 ], [ -72.145163053998971, 46.034569700569996 ], [ -72.11357986587025, 46.017176313926157 ], [ -72.097211296176837, 46.032698941178523 ], [ -72.082476803770533, 46.02463406246963 ], [ -72.069014746582866, 46.037378310698962 ], [ -72.054211532324089, 46.029446021340299 ], [ -72.045251449008603, 46.037756900611569 ], [ -72.029884296811943, 46.029664658917561 ], [ -72.043553427858953, 46.017241832103018 ], [ -72.014166097167589, 46.00110358296039 ], [ -71.986318485093037, 46.026455878585068 ], [ -71.878436842073143, 45.966143614155051 ], [ -71.808862996877664, 46.034234530655752 ], [ -71.682531634287997, 45.970260240113099 ], [ -71.685864324824763, 45.96701129287846 ], [ -71.562014766085468, 45.905906286371248 ], [ -71.551399151019865, 45.916105241654499 ], [ -71.501666799913991, 45.890859511620555 ], [ -71.498463426211671, 45.8938187571122 ], [ -71.455441220572325, 45.872098301493878 ], [ -71.467201611864922, 45.822228833019864 ], [ -71.460795310324585, 45.819112841767783 ], [ -71.498952620767909, 45.791928680914651 ], [ -71.523181451427902, 45.804555472090918 ], [ -71.541554864166741, 45.787721900129704 ], [ -71.595617076470489, 45.815586121195601 ], [ -71.592653797227939, 45.817405717690093 ], [ -71.597552022498633, 45.819926906469625 ], [ -71.595263312349189, 45.822094329670051 ], [ -71.601467662545957, 45.825284704733775 ], [ -71.603847198465587, 45.823157433021727 ], [ -71.617307456175453, 45.830459889444349 ], [ -71.635518409823902, 45.813912788732793 ], [ -71.769964718484587, 45.885296345943722 ], [ -71.861441045134896, 45.798567414996015 ], [ -71.869436604616979, 45.803192607810203 ], [ -71.874464896070933, 45.798346615260463 ], [ -71.88054416624648, 45.804425159349314 ], [ -71.891157591755018, 45.800725525098535 ], [ -71.904668667503429, 45.804820888338526 ], [ -71.916622306049362, 45.801905267247314 ], [ -71.92123360679706, 45.796307980412038 ], [ -72.029648058015297, 45.853416681004248 ], [ -72.206341698916745, 45.696384373603713 ], [ -72.214680046416717, 45.710893757789435 ], [ -72.223937008879602, 45.71640431402399 ], [ -72.212718072042932, 45.725071475099497 ], [ -72.215314466615354, 45.732317126273344 ], [ -72.235942511375754, 45.738262596457659 ], [ -72.235193571729155, 45.740977607669777 ], [ -72.226054754119886, 45.742837299903975 ], [ -72.221480613255721, 45.749102795450625 ], [ -72.227491641633918, 45.763003111999261 ], [ -72.245928717606006, 45.782191086868771 ], [ -72.267634128182394, 45.785489753083645 ], [ -72.274347363952543, 45.797282716204741 ], [ -72.283357805860504, 45.801651457142526 ], [ -72.285424321902383, 45.809991395483465 ], [ -72.296201702415544, 45.823451922693884 ], [ -72.291682070671158, 45.830849658563679 ], [ -72.269637552172497, 45.831674268043471 ], [ -72.26783940374888, 45.83483445224919 ], [ -72.307353610470315, 45.845345848995983 ], [ -72.316676997019215, 45.83966035553189 ], [ -72.319753799717645, 45.822297514827341 ], [ -72.337072777794575, 45.815289889172348 ], [ -72.351764388913537, 45.821339507933459 ], [ -72.351941364387287, 45.835368158103449 ], [ -72.354788836710014, 45.839933808962428 ], [ -72.388023252224158, 45.855606103103604 ], [ -72.41861299174812, 45.830810973684081 ], [ -72.473863140503951, 45.861401919147418 ], [ -72.484353392901696, 45.875730140385329 ], [ -72.553422252814087, 45.915398736264805 ], [ -72.519786760713004, 45.944182378724008 ], [ -72.551616406833702, 45.966989631337853 ], [ -72.553521538486493, 45.973643104131483 ], [ -72.566399808279343, 45.974623196728643 ], [ -72.577954173551092, 45.979710169089088 ], [ -72.591401434226938, 45.979314255306519 ], [ -72.614183080430351, 45.98845459068469 ], [ -72.640153488480564, 46.003681637319076 ], [ -72.655244266553041, 46.00672078196159 ], [ -72.618218466049896, 46.029047707009184 ], [ -72.600463657569932, 46.016056384671941 ], [ -72.593645853578494, 46.020778739859288 ], [ -72.588341235449448, 46.016691378294816 ], [ -72.566232834310881, 46.031670793158035 ], [ -72.552035196323899, 46.021306727829433 ], [ -72.540883607685913, 46.028490382496038 ], [ -72.544254409602303, 46.031067526683941 ], [ -72.533446604837025, 46.038366708817847 ], [ -72.565023341696318, 46.061543211222755 ], [ -72.51743805700761, 46.097608184460348 ] ] ] } },
{ "type": "Feature", "properties": { "riding_code": 651, "riding_name": "Hull" }, "geometry": { "type": "Polygon", "coordinates": [ [ [ -75.719845702103527, 45.484453103623188 ], [ -75.734236203644471, 45.479799290477764 ], [ -75.735025513478817, 45.475266136368177 ], [ -75.728203642634355, 45.471458784811531 ], [ -75.722029055874032, 45.460122835387736 ], [ -75.689810847514494, 45.454331099395688 ], [ -75.698839046915623, 45.443192357109588 ], [ -75.70514500590491, 45.424386891194132 ], [ -75.721225845920216, 45.420491949313785 ], [ -75.724034727528561, 45.416581394831184 ], [ -75.760781415764342, 45.410431388721221 ], [ -75.766912931226059, 45.414079219803504 ], [ -75.773610685150146, 45.411867917805203 ], [ -75.775971719983048, 45.432034128113536 ], [ -75.794406683028257, 45.430917063773656 ], [ -75.7991664368285, 45.428297317064462 ], [ -75.802161939917198, 45.418018800710342 ], [ -75.808786588168815, 45.415434740065436 ], [ -75.810327899800299, 45.422575075987901 ], [ -75.817929358933014, 45.431100156781554 ], [ -75.822297605534686, 45.463276353025527 ], [ -75.8191461937339, 45.462577577142682 ], [ -75.820831580213266, 45.471680564881488 ], [ -75.796291477529351, 45.473509724935717 ], [ -75.793859076499558, 45.458704542440742 ], [ -75.780630731068669, 45.459714756100517 ], [ -75.782847410522663, 45.473312594786584 ], [ -75.794016169242511, 45.478918129208381 ], [ -75.795815594388515, 45.483777177979228 ], [ -75.790843633312775, 45.480836405953845 ], [ -75.791574557785552, 45.484842589973937 ], [ -75.777378374848411, 45.482570747288932 ], [ -75.778600628465014, 45.49017281205716 ], [ -75.777007700570408, 45.490266645273657 ], [ -75.769017199472643, 45.480757201983494 ], [ -75.759505827484674, 45.476433107361999 ], [ -75.752445159037336, 45.480809732201052 ], [ -75.748080307799867, 45.476890323688004 ], [ -75.743500148499081, 45.477221175952778 ], [ -75.750716192911383, 45.482163365938376 ], [ -75.750717722075237, 45.485797861199387 ], [ -75.735493880975682, 45.49280835285267 ], [ -75.718324266611802, 45.489041933298701 ], [ -75.719845702103527, 45.484453103623188 ] ] ] } },
{ "type": "Feature", "properties": { "riding_code": 789, "riding_name": "Chutes-de-la-Chaudière" }, "geometry": { "type": "Polygon", "coordinates": [ [ [ -71.19011143497751, 46.744274720069804 ], [ -71.169576760933111, 46.740026548833981 ], [ -71.152683415799572, 46.742775327952323 ], [ -71.12444793289778, 46.719730948507539 ], [ -71.140810961967873, 46.70793299563578 ], [ -71.139449124830307, 46.703242910445255 ], [ -71.132786424547547, 46.707879781373741 ], [ -71.132987130166896, 46.695906372525094 ], [ -71.138226531869293, 46.694436970669472 ], [ -71.134210295849883, 46.688026010382195 ], [ -71.136725304780555, 46.681796766373651 ], [ -71.127758348648925, 46.68199578554546 ], [ -71.127909521327652, 46.669215549269303 ], [ -71.214768682262388, 46.607643854183706 ], [ -71.217602237105169, 46.619185428166958 ], [ -71.216375825953506, 46.633668594030013 ], [ -71.223528545697945, 46.65166957647304 ], [ -71.238123683050361, 46.642147837540151 ], [ -71.236953223407383, 46.630063631929112 ], [ -71.240079117255107, 46.626437476305505 ], [ -71.232259314951676, 46.624594527642024 ], [ -71.236419232176601, 46.617699945005327 ], [ -71.254267570495131, 46.629906889565788 ], [ -71.266789054933767, 46.617670753305504 ], [ -71.332132035489551, 46.573014561553613 ], [ -71.409553564210242, 46.625733659732404 ], [ -71.403231573376132, 46.62829480737598 ], [ -71.419872751643837, 46.639278023319214 ], [ -71.42758745668435, 46.636619621794161 ], [ -71.520109407423178, 46.699358723051496 ], [ -71.466961520293282, 46.711896891336679 ], [ -71.359679239098, 46.725868499929412 ], [ -71.335261526534893, 46.737840657122071 ], [ -71.309788285026755, 46.743423731459018 ], [ -71.283703920498724, 46.746729034182685 ], [ -71.273567584026424, 46.740160361446975 ], [ -71.284734205420492, 46.734077535101001 ], [ -71.28624628916576, 46.721400734700872 ], [ -71.190974580742889, 46.748820213606542 ], [ -71.184380559255047, 46.755575202971215 ], [ -71.181076385311243, 46.753301009522914 ], [ -71.19011143497751, 46.744274720069804 ] ] ] } },
{ "type": "Feature", "properties": { "riding_code": 351, "riding_name": "Chomedey" }, "geometry": { "type": "Polygon", "coordinates": [ [ [ -73.764482728413626, 45.567850084037808 ], [ -73.750925637739769, 45.555675055278087 ], [ -73.737214736464082, 45.562901474826951 ], [ -73.712327817473181, 45.540360150717156 ], [ -73.738114287433802, 45.529599974481918 ], [ -73.746638464248804, 45.520403467681 ], [ -73.764718821596873, 45.511626939100353 ], [ -73.784015282380224, 45.530945940752929 ], [ -73.770668530520368, 45.537841560028795 ], [ -73.771459705915973, 45.540592043104546 ], [ -73.791661585434923, 45.559667434684513 ], [ -73.764482728413626, 45.567850084037808 ] ] ] } },
{ "type": "Feature", "properties": { "riding_code": 199, "riding_name": "La Prairie" }, "geometry": { "type": "Polygon", "coordinates": [ [ [ -73.521829150491612, 45.452538857317727 ], [ -73.492124605961692, 45.431544907571528 ], [ -73.478443986221563, 45.430349056472018 ], [ -73.469093135034299, 45.422687927900128 ], [ -73.438086956882614, 45.421649730208195 ], [ -73.438394374845302, 45.416607052812807 ], [ -73.388720274910995, 45.41438583646444 ], [ -73.385305151479727, 45.410232535808973 ], [ -73.392992757652948, 45.410534462485757 ], [ -73.380121814571865, 45.401303563591064 ], [ -73.386147019617297, 45.399926458672311 ], [ -73.388219727881321, 45.38385608322649 ], [ -73.397815184360809, 45.373294402240852 ], [ -73.39541850637066, 45.373048807725404 ], [ -73.393642206265582, 45.360314818944659 ], [ -73.387703344123537, 45.357708585832832 ], [ -73.393271122395419, 45.349903988895782 ], [ -73.405845778614122, 45.346353778400811 ], [ -73.408007789401637, 45.340991277824543 ], [ -73.40454623231625, 45.338877629190598 ], [ -73.412593299487355, 45.325050854814613 ], [ -73.421568675723222, 45.315777776360029 ], [ -73.424798754485536, 45.319278000033911 ], [ -73.443849103362069, 45.310579607212425 ], [ -73.443472279030516, 45.303795380107381 ], [ -73.463956411417101, 45.294072183117407 ], [ -73.460690847495911, 45.289034586582915 ], [ -73.476194063887363, 45.28142900495741 ], [ -73.479820554669345, 45.285527366886257 ], [ -73.477049439447811, 45.286893004396774 ], [ -73.480056105751586, 45.290310149195733 ], [ -73.47710342553907, 45.29179267461766 ], [ -73.478626139318422, 45.294064521534558 ], [ -73.493388320963732, 45.292837780276592 ], [ -73.492784389299175, 45.30491558603601 ], [ -73.499956380233911, 45.311010577284733 ], [ -73.48647300789824, 45.317803977898514 ], [ -73.505253056936525, 45.310594762364794 ], [ -73.502922730963476, 45.314827079689124 ], [ -73.505405344468926, 45.315877863710746 ], [ -73.501350260129129, 45.317913033997833 ], [ -73.506323622755971, 45.319996563081993 ], [ -73.504342591291049, 45.320994270651404 ], [ -73.512274320187586, 45.328850323150405 ], [ -73.508299326702002, 45.331863957218872 ], [ -73.509859217293197, 45.334678879705642 ], [ -73.50281620438156, 45.338236897415037 ], [ -73.504076886015085, 45.341613206724809 ], [ -73.49151344284715, 45.348710053360044 ], [ -73.516158902751471, 45.337399921707565 ], [ -73.519715358772658, 45.353405371825083 ], [ -73.520546706769935, 45.349322055915586 ], [ -73.537338739558081, 45.359096827568536 ], [ -73.538584557210754, 45.363172316538432 ], [ -73.568420286379265, 45.373613804172443 ], [ -73.562489675757192, 45.373891198178043 ], [ -73.561662796553364, 45.378831158955002 ], [ -73.551400346848439, 45.378743102858763 ], [ -73.55375942797329, 45.386312968571104 ], [ -73.547906033094748, 45.387531297733503 ], [ -73.54003726305001, 45.401919506239039 ], [ -73.539335572497563, 45.428375671837067 ], [ -73.52739087501719, 45.440153488995733 ], [ -73.521829150491612, 45.452538857317727 ] ] ] } },
{ "type": "Feature", "properties": { "riding_code": 219, "riding_name": "Marie-Victorin" }, "geometry": { "type": "Polygon", "coordinates": [ [ [ -73.519985014492548, 45.54535233289171 ], [ -73.439779895827542, 45.511825255057872 ], [ -73.442564734465449, 45.507501283376982 ], [ -73.489595987942394, 45.504368683254356 ], [ -73.494924583549164, 45.51094864523521 ], [ -73.526004502452608, 45.518958372679158 ], [ -73.531445511398346, 45.536469193610486 ], [ -73.519985014492548, 45.54535233289171 ] ] ] } },
{ "type": "Feature", "properties": { "riding_code": 801, "riding_name": "Rivière-du-Loup–Témiscouata–Les Basques" }, "geometry": { "type": "Polygon", "coordinates": [ [ [ -68.927854014452123, 48.242913006941478 ], [ -68.944455387860216, 48.237635450437388 ], [ -68.927102106965833, 48.226965321584665 ], [ -68.922976189756895, 48.22981735458162 ], [ -68.91845344583561, 48.226942758461796 ], [ -68.909816563555097, 48.232672220138014 ], [ -68.874991333651181, 48.210909839097681 ], [ -68.765425062103375, 48.140775255889288 ], [ -68.768370204683364, 48.139191415855578 ], [ -68.383083589544569, 47.880024721705048 ], [ -68.382966433304972, 47.553329520978082 ], [ -68.569364627840173, 47.426996411661669 ], [ -68.798848310095522, 47.348995555034271 ], [ -69.051056056888896, 47.300253299150818 ], [ -69.049222223288211, 47.305833329844397 ], [ -69.054861114705488, 47.315333318577764 ], [ -69.054861083746161, 47.377694429232349 ], [ -69.050027754064374, 47.37852778815747 ], [ -69.047472244699662, 47.383416653930652 ], [ -69.039638904113929, 47.384194467441588 ], [ -69.045388894262629, 47.392972223918747 ], [ -69.04374997437067, 47.397416677378928 ], [ -69.037555539640948, 47.396833344001564 ], [ -69.041833363775865, 47.398222206013962 ], [ -69.042722200471417, 47.401972214743388 ], [ -69.040027743377337, 47.400249993743564 ], [ -69.035222209101903, 47.401805539570624 ], [ -69.042472200006131, 47.404750020116978 ], [ -69.032361121584003, 47.402222226332356 ], [ -69.030583362201526, 47.407416646388484 ], [ -69.036583359006968, 47.407666683495158 ], [ -69.034499986271697, 47.414555556657703 ], [ -69.042250004618552, 47.41569444002041 ], [ -69.039194412420727, 47.419638899502608 ], [ -69.043194434039364, 47.426777793038212 ], [ -69.047416685631973, 47.427722219183416 ], [ -69.046527741684685, 47.424249979748751 ], [ -69.052138889634762, 47.422138876422238 ], [ -69.048527790932553, 47.424194426999428 ], [ -69.052111104257932, 47.430000005566463 ], [ -69.063527803900399, 47.434055562290617 ], [ -69.06188887184895, 47.430583315381504 ], [ -69.068388861941159, 47.427388873405725 ], [ -69.090916682875786, 47.424277791265077 ], [ -69.091249982075496, 47.426833350311391 ], [ -69.097833334193581, 47.426888873195587 ], [ -69.098861097077545, 47.431444442980492 ], [ -69.107722205054401, 47.427666672835159 ], [ -69.107777761255576, 47.435361108843324 ], [ -69.121999989595295, 47.442694442178869 ], [ -69.123611147369729, 47.440666672931201 ], [ -69.13927776878424, 47.446638868370492 ], [ -69.141055557731718, 47.444000006824297 ], [ -69.145611095484654, 47.448583335737233 ], [ -69.156500029190383, 47.451638908928352 ], [ -69.162250004945804, 47.447416648651703 ], [ -69.164916647000126, 47.451500001808789 ], [ -69.178888869522652, 47.457361099754287 ], [ -69.205194445636508, 47.451944459278707 ], [ -69.224444430417648, 47.459833347940702 ], [ -69.389389111081002, 47.298959881004187 ], [ -69.588510298914372, 47.43154884265865 ], [ -69.305720735260465, 47.626989815856419 ], [ -69.439678607321397, 47.71825404677746 ], [ -69.493334534079949, 47.665803382079027 ], [ -69.523186978454049, 47.684939038112113 ], [ -69.53896297274936, 47.697404762556253 ], [ -69.539642093727011, 47.705128768453186 ], [ -69.546321226960075, 47.70674001261655 ], [ -69.527177233981092, 47.72405794806108 ], [ -69.527334742568925, 47.727343379223967 ], [ -69.549180195811743, 47.729042982817113 ], [ -69.571793092213042, 47.736842614874696 ], [ -69.587419702475529, 47.736143734780534 ], [ -69.593095743081534, 47.732079047723396 ], [ -69.604088332738542, 47.735366004968832 ], [ -69.625901590208244, 47.71651414645352 ], [ -69.639600267102963, 47.712175308446724 ], [ -69.72631863593638, 47.769670533528704 ], [ -69.684659397118025, 47.811004675569933 ], [ -69.639972746222611, 47.849192260174306 ], [ -69.609315527615308, 47.890200845386694 ], [ -69.591371887614201, 47.92923098120766 ], [ -69.673174729151043, 47.983448567282785 ], [ -69.637258967305286, 48.004810314568296 ], [ -69.580565043630486, 48.030396158206216 ], [ -69.548373115921848, 48.049452404477606 ], [ -69.289596247195647, 48.251121257264465 ], [ -69.124341460721269, 48.366118202645431 ], [ -68.927854014452123, 48.242913006941478 ] ] ] } },
{ "type": "Feature", "properties": { "riding_code": 831, "riding_name": "Ungava" }, "geometry": { "type": "Polygon", "coordinates": [ [ [ -77.497401977308655, 62.578830072302118 ], [ -77.485540990210069, 62.580432706402483 ], [ -77.47968837740973, 62.577356096703042 ], [ -77.454042512632086, 62.582079729068809 ], [ -77.443599869926288, 62.579407033633331 ], [ -77.424299892251341, 62.580876690976375 ], [ -77.366680974561618, 62.559741014659146 ], [ -77.34527033501081, 62.555069200102622 ], [ -77.321038263221467, 62.554406735723575 ], [ -77.310428419059747, 62.557681122013257 ], [ -77.267149192445643, 62.551576673594639 ], [ -77.253371939342784, 62.54609960716197 ], [ -77.223142191244918, 62.546074678873417 ], [ -77.21717275424848, 62.540709179829143 ], [ -77.191028607822489, 62.544657035649863 ], [ -77.182785638449332, 62.539936223772436 ], [ -77.162613240311558, 62.536344701309687 ], [ -77.129011681687018, 62.534379264445107 ], [ -77.112621538923676, 62.536846211644843 ], [ -77.020413721637368, 62.530790189981744 ], [ -77.004635600163041, 62.534845187207281 ], [ -76.990544920064536, 62.532681910271741 ], [ -76.963741313590845, 62.537065115125941 ], [ -76.930305031663011, 62.53767832431226 ], [ -76.894794606958129, 62.532755429423155 ], [ -76.865576193540434, 62.524985260950473 ], [ -76.796717787277714, 62.522397688613438 ], [ -76.717200578351481, 62.502925297235613 ], [ -76.702980447847537, 62.494704400276618 ], [ -76.653156817703788, 62.486536042998615 ], [ -76.652701169374708, 62.483095312690793 ], [ -76.643348325763938, 62.478985027705939 ], [ -76.552385118748987, 62.457869076561984 ], [ -76.541899970672972, 62.452597642403752 ], [ -76.505455580023053, 62.448284764258197 ], [ -76.499204905101763, 62.442723671891066 ], [ -76.483363735527405, 62.446089341962796 ], [ -76.473580161592949, 62.442117032412256 ], [ -76.460782409558263, 62.441693705745678 ], [ -76.454219447312965, 62.434978075037883 ], [ -76.443281038428594, 62.433917245228642 ], [ -76.432774711340883, 62.425275876722779 ], [ -76.422915463288447, 62.42663990692845 ], [ -76.412531884629885, 62.432613602497078 ], [ -76.406023605699843, 62.429171013872576 ], [ -76.392751311218078, 62.4327508182852 ], [ -76.381381192281424, 62.427165473990819 ], [ -76.369468213203064, 62.427753620818692 ], [ -76.348712629810791, 62.420917226575796 ], [ -76.296305491437977, 62.417561246863293 ], [ -76.291302491958817, 62.419811133495116 ], [ -76.254979395309334, 62.401341854086759 ], [ -76.220783176589464, 62.399473718469224 ], [ -76.180159064346142, 62.38577387785832 ], [ -76.153562914346068, 62.385303697560467 ], [ -76.110225101070682, 62.378024628878535 ], [ -76.034429259510176, 62.355171517227355 ], [ -75.963209673811676, 62.347391639674534 ], [ -75.954678440901361, 62.351975193062927 ], [ -75.945743095034928, 62.352227053349367 ], [ -75.922015525037267, 62.346393563396255 ], [ -75.918593583758209, 62.34222198233693 ], [ -75.89576257283899, 62.333250690702172 ], [ -75.878666445239503, 62.330556190464769 ], [ -75.876259460408193, 62.326833896441165 ], [ -75.86406334938755, 62.322191238564571 ], [ -75.781580213567594, 62.306885113406139 ], [ -75.752296517058411, 62.306881192374014 ], [ -75.728352362879178, 62.30232377257979 ], [ -75.714094268083315, 62.304355911338412 ], [ -75.692537213035664, 62.294800096672731 ], [ -75.663103319343776, 62.297436854974606 ], [ -75.634924502065928, 62.289438504341724 ], [ -75.624488525465154, 62.291437192281528 ], [ -75.575020241076857, 62.287437378404086 ], [ -75.552172241401479, 62.296081187048529 ], [ -75.411479887691044, 62.309349226624306 ], [ -75.399800203383407, 62.306802663909664 ], [ -75.38639524394361, 62.31301784113225 ], [ -75.343566834496656, 62.317048671661276 ], [ -75.317300360494983, 62.313715611739887 ], [ -75.280861840252356, 62.300217963584473 ], [ -75.231464387429924, 62.298852057570251 ], [ -75.183693019960543, 62.292684690743371 ], [ -75.186611537205096, 62.290795547235078 ], [ -75.110516597036536, 62.283521519457246 ], [ -75.077215606368583, 62.269908988559855 ], [ -75.05690950245166, 62.272686287974146 ], [ -75.039618011042975, 62.267854023327509 ], [ -74.969841744259, 62.26626768866354 ], [ -74.914703933174337, 62.256215382437745 ], [ -74.889703727641589, 62.245741168323505 ], [ -74.865037691853715, 62.241075257476254 ], [ -74.853150256518234, 62.242963212497358 ], [ -74.803289297115711, 62.240355089764755 ], [ -74.706339449695719, 62.255353571572371 ], [ -74.653178253711886, 62.253741437046742 ], [ -74.623648715151504, 62.25965192981856 ], [ -74.498344065403785, 62.248321873001508 ], [ -74.402264480032429, 62.250319987920001 ], [ -74.374240504147906, 62.260157031293595 ], [ -74.354288602426095, 62.260624181516754 ], [ -74.344205041794552, 62.266125558778668 ], [ -74.334209644321717, 62.278240297292548 ], [ -74.318747857166457, 62.284349555470278 ], [ -74.297558717321451, 62.286881004335399 ], [ -74.275284015435972, 62.304101058030909 ], [ -74.270898635221045, 62.311906179426025 ], [ -74.273179951414988, 62.315710146353616 ], [ -74.262311848655116, 62.319401574659771 ], [ -74.256334382200635, 62.325457822615064 ], [ -74.199489900440341, 62.333576002941854 ], [ -74.184150408064497, 62.343988346072145 ], [ -74.141378652886019, 62.346737745511064 ], [ -74.108264504568794, 62.355762638318403 ], [ -74.085816790839502, 62.354130610135726 ], [ -74.058343865753031, 62.357739359796668 ], [ -74.032042668589597, 62.366797748699554 ], [ -74.013679539423819, 62.369464022050032 ], [ -74.000018264543684, 62.380266297666999 ], [ -73.973721938941125, 62.388819801848939 ], [ -73.953720781924233, 62.404512390413927 ], [ -73.931859741395712, 62.410791548051016 ], [ -73.913993591588437, 62.424735954153761 ], [ -73.912497482758113, 62.426957018093859 ], [ -73.915809544432122, 62.429514971479165 ], [ -73.911444598982399, 62.432879385763378 ], [ -73.867875498113847, 62.44890185560692 ], [ -73.858940455546488, 62.455431410863156 ], [ -73.860547757867934, 62.45765691392333 ], [ -73.850012335518727, 62.463623984589141 ], [ -73.839498800020607, 62.464960127304728 ], [ -73.830275595881758, 62.461044800691653 ], [ -73.798826020652072, 62.463266846560771 ], [ -73.733926776908447, 62.477489139359569 ], [ -73.71531492156349, 62.475070484840032 ], [ -73.711184338993689, 62.476437292395467 ], [ -73.711316427980606, 62.482546258635111 ], [ -73.70602118086849, 62.483877916437628 ], [ -73.671124180603414, 62.480186542848124 ], [ -73.660344229265917, 62.47609861065628 ], [ -73.658207424416844, 62.470597175763423 ], [ -73.647619209936437, 62.463043442046803 ], [ -73.649073330353289, 62.458408214261006 ], [ -73.630117118188409, 62.452068540746986 ], [ -73.614039929767372, 62.44304538323356 ], [ -73.600030495537609, 62.429042393905135 ], [ -73.593843427485936, 62.428708682209098 ], [ -73.600786409146707, 62.422427508143556 ], [ -73.584283108718708, 62.413981610095334 ], [ -73.485117646756407, 62.387682990986661 ], [ -73.46575128975465, 62.388955778417355 ], [ -73.455581633860106, 62.381179804241079 ], [ -73.385143414402719, 62.3766993520371 ], [ -73.370477780813985, 62.363399108080365 ], [ -73.344308084374219, 62.355671776425275 ], [ -73.324502277512266, 62.347422420865612 ], [ -73.318318732054649, 62.340702246347689 ], [ -73.297609064422133, 62.333837689793263 ], [ -73.256729561526654, 62.325339086612864 ], [ -73.221285453380645, 62.322337366833352 ], [ -73.191940255073746, 62.314889944109439 ], [ -73.168422341274066, 62.294946105054038 ], [ -73.164226366390096, 62.264502752522851 ], [ -73.143889191047037, 62.25103322931006 ], [ -73.101053828469929, 62.234278793819129 ], [ -73.08247130724375, 62.217139809725936 ], [ -73.05209864754859, 62.209112236423159 ], [ -73.043001994564506, 62.201998074526657 ], [ -73.001137830352846, 62.195361769575129 ], [ -72.987056954927482, 62.18422024087215 ], [ -72.960393480842654, 62.177080375579713 ], [ -72.949779536494731, 62.169249706793273 ], [ -72.906369904048091, 62.162330607665588 ], [ -72.880499745124794, 62.15427792223192 ], [ -72.863836204890362, 62.144471641061592 ], [ -72.800911507063375, 62.135943799951491 ], [ -72.783392011294367, 62.135329398167414 ], [ -72.751077297197313, 62.144024514557422 ], [ -72.701847717692004, 62.138380772886627 ], [ -72.669406929437912, 62.131132316008085 ], [ -72.653558804482714, 62.123662318445476 ], [ -72.641442702699649, 62.122772092204713 ], [ -72.626462607329245, 62.113330953228548 ], [ -72.613474617948484, 62.112132180630013 ], [ -72.606881331902727, 62.105524908568057 ], [ -72.607664881720339, 62.10021636394552 ], [ -72.599989032455426, 62.093964646075605 ], [ -72.607998129393891, 62.087881826166431 ], [ -72.599549948651486, 62.08244100372891 ], [ -72.607270329623731, 62.079080071116024 ], [ -72.608021668415944, 62.072051113081045 ], [ -72.601653930719806, 62.067940494147024 ], [ -72.598362602778309, 62.059491619680109 ], [ -72.581849706440934, 62.050632542822939 ], [ -72.58197454164268, 62.048216479936947 ], [ -72.58879508193391, 62.047102047662101 ], [ -72.592519603249016, 62.021629491790215 ], [ -72.595631237220445, 62.019660045396577 ], [ -72.581573393025081, 61.998799817494543 ], [ -72.586519692688967, 61.991216796218211 ], [ -72.574822108518561, 61.981792105886264 ], [ -72.578918864987671, 61.977852286241223 ], [ -72.562550542533614, 61.971715342257546 ], [ -72.491111370884269, 61.929625319685776 ], [ -72.471375949992037, 61.924128507894444 ], [ -72.468010068357813, 61.919103962266433 ], [ -72.444880720890325, 61.91207313667848 ], [ -72.437816868814195, 61.906234959150254 ], [ -72.4150691389071, 61.904434267209496 ], [ -72.384374999045946, 61.894378590202443 ], [ -72.347782265119477, 61.89568157121569 ], [ -72.326286552897216, 61.888793279174919 ], [ -72.30938609199606, 61.89124002722329 ], [ -72.265607010545921, 61.889516028223682 ], [ -72.255226739541499, 61.883071164542862 ], [ -72.228781688804204, 61.882765919131167 ], [ -72.22497729781243, 61.877767640733573 ], [ -72.209583226325705, 61.874683374493571 ], [ -72.208647926512683, 61.87079316462949 ], [ -72.195092378116883, 61.866403684737385 ], [ -72.192760213594354, 61.861298645711081 ], [ -72.179741824691376, 61.853824122347795 ], [ -72.174808252338224, 61.834043917970995 ], [ -72.159609942776385, 61.828630625326262 ], [ -72.156799019972425, 61.82152165803209 ], [ -72.137577926821649, 61.809124456750176 ], [ -72.110966738995813, 61.797656617720705 ], [ -72.072821126758271, 61.757408165333814 ], [ -72.046588952105097, 61.748382531075869 ], [ -72.043572780238449, 61.74595956731104 ], [ -72.044814952362074, 61.73963043940666 ], [ -72.02835047095391, 61.7301560751119 ], [ -71.90356048584735, 61.709383088127844 ], [ -71.90175963948235, 61.705794501953285 ], [ -71.892719917737438, 61.705656812161564 ], [ -71.890052680780158, 61.702964537642927 ], [ -71.891417703618657, 61.697851869884232 ], [ -71.88457854363331, 61.696661879257036 ], [ -71.858899314912932, 61.70174206743512 ], [ -71.818026167588144, 61.69771613085581 ], [ -71.777000620220264, 61.68388750943997 ], [ -71.743688687852242, 61.678412505970769 ], [ -71.712379671229613, 61.6666626622225 ], [ -71.700015664023582, 61.667993060260798 ], [ -71.687016230479415, 61.663161928212887 ], [ -71.642942426646457, 61.658081084812075 ], [ -71.623387824017342, 61.652466960052209 ], [ -71.618387051039718, 61.644025219526739 ], [ -71.608759160824434, 61.639274864723291 ], [ -71.577906770436527, 61.632888342777719 ], [ -71.552317645342114, 61.618857006161647 ], [ -71.545036595793476, 61.610886280065095 ], [ -71.523316874718546, 61.611971606833528 ], [ -71.513209551017653, 61.608802356707685 ], [ -71.508669702430822, 61.603720170348993 ], [ -71.519337125729749, 61.59261238774787 ], [ -71.514848761306013, 61.589225351774729 ], [ -71.519531809823448, 61.584969046972837 ], [ -71.51640014482463, 61.580777675356913 ], [ -71.527812626197715, 61.569356320480132 ], [ -71.543237132061066, 61.562446988973697 ], [ -71.565631428917499, 61.5449447501923 ], [ -71.563806971758453, 61.407556435213685 ], [ -71.636258783894931, 61.325380865189757 ], [ -71.633932136366496, 61.313351518738138 ], [ -71.62431561408485, 61.315602006896171 ], [ -71.59502743015689, 61.312828285619801 ], [ -71.602388036285419, 61.304493329610075 ], [ -71.631671936278664, 61.301522088563971 ], [ -71.62781357574552, 61.280913284774272 ], [ -71.607149478966207, 61.262991582015367 ], [ -71.530306701852723, 61.238019386247004 ], [ -71.432779300323119, 61.223300114011856 ], [ -71.437290197372675, 61.220269422574297 ], [ -71.437173247986095, 61.215352831717965 ], [ -71.432145765890141, 61.210157352107942 ], [ -71.441815894607188, 61.201769676578706 ], [ -71.439865660493382, 61.198073264024913 ], [ -71.444595866255, 61.195188411851746 ], [ -71.440561421729342, 61.189434604735034 ], [ -71.446455702760389, 61.184436945643583 ], [ -71.44277603334379, 61.182708598972546 ], [ -71.397033378108489, 61.175267349115479 ], [ -71.393205305423933, 61.168568437916491 ], [ -71.385026012620727, 61.169014409522006 ], [ -71.340360548500954, 61.156602328620508 ], [ -71.325417653121008, 61.16020723088662 ], [ -71.322017477496132, 61.154985291807741 ], [ -71.31526785821778, 61.152956340336267 ], [ -71.295377742267334, 61.159154152724156 ], [ -71.261891581786998, 61.157486367029151 ], [ -71.218970986082539, 61.162485591930889 ], [ -71.160589888377828, 61.14334277982082 ], [ -71.145746767442915, 61.143511355971413 ], [ -71.12355547110144, 61.135200263358975 ], [ -71.066065850844865, 61.130702762225496 ], [ -71.043452816656867, 61.136006328863438 ], [ -71.012822522639397, 61.128669170055382 ], [ -70.986073581051215, 61.127868205706172 ], [ -70.951176899141643, 61.116567513108002 ], [ -70.930902634398436, 61.114733121031442 ], [ -70.92938699534109, 61.111096308970005 ], [ -70.918422070796083, 61.106511099258483 ], [ -70.919113921863286, 61.102372238295956 ], [ -70.883840833532716, 61.088510469023056 ], [ -70.885830103706354, 61.085036078631781 ], [ -70.880062077143975, 61.078778919271478 ], [ -70.830095541375087, 61.078524000803668 ], [ -70.754109268261701, 61.082033262675274 ], [ -70.738088223562116, 61.085205085477178 ], [ -70.711587488886749, 61.080345282651905 ], [ -70.693522202208371, 61.07150944327681 ], [ -70.690775172986207, 61.066120959109313 ], [ -70.68530286377279, 61.06422536597109 ], [ -70.686465696300928, 61.058924645604165 ], [ -70.668049863990561, 61.055810385706685 ], [ -70.410719988760206, 61.086744732438518 ], [ -70.402761533397126, 61.090472183609528 ], [ -70.38231348102066, 61.088472822565556 ], [ -70.301425591497932, 61.101563897622519 ], [ -70.260127661539826, 61.099447889153758 ], [ -70.239887004469523, 61.093225570049675 ], [ -70.15325921598982, 61.091980551465305 ], [ -70.143030114472367, 61.088334943898523 ], [ -70.130160862290424, 61.091338654845522 ], [ -70.105202058010718, 61.06950512646857 ], [ -70.104961971054436, 61.054247064495691 ], [ -70.115380975084378, 61.04241843326399 ], [ -70.129114819842158, 61.038804809775542 ], [ -70.144742057968315, 61.028216506276635 ], [ -70.145364302384735, 61.021410201003 ], [ -70.151663997302421, 61.018717064982013 ], [ -70.154098118628752, 61.011524295035244 ], [ -70.145883741131541, 61.002552537867814 ], [ -70.115410894238153, 60.987576225011594 ], [ -70.101287464260011, 60.97357875211982 ], [ -70.093217580792199, 60.971270906274754 ], [ -70.085995186905578, 60.961517547719524 ], [ -70.076099058693543, 60.960099101464472 ], [ -70.075439900428677, 60.971298023639555 ], [ -70.065235848111016, 60.958768741586525 ], [ -69.991009473144672, 60.949521635840206 ], [ -69.991294052648669, 60.956826409301812 ], [ -69.998204810850652, 60.960432197915019 ], [ -70.023450821392629, 60.997713440508335 ], [ -70.017037177034737, 61.002321524881751 ], [ -70.002982599240198, 61.003518126888153 ], [ -69.9825977353768, 61.014329089162196 ], [ -69.989427392217024, 61.021353817338337 ], [ -69.983689438564255, 61.023796425265168 ], [ -69.986205894125035, 61.026746629245054 ], [ -69.984512364254101, 61.032103058711961 ], [ -69.971401513511253, 61.032049273033309 ], [ -69.96286945994521, 61.037692750499261 ], [ -69.949823147447376, 61.040777055120273 ], [ -69.934870116307252, 61.031802745562139 ], [ -69.925568597197, 61.03288927722663 ], [ -69.921130937355571, 61.030269628522859 ], [ -69.927836929926229, 61.02252501587251 ], [ -69.917062089379641, 61.016106526667613 ], [ -69.92511417606714, 61.0085179975976 ], [ -69.910841063705661, 61.001329221800674 ], [ -69.923338507673321, 60.99788053039385 ], [ -69.928707383399512, 60.990377124439853 ], [ -69.955548218628877, 60.977549838264117 ], [ -69.957184639056081, 60.975106635657617 ], [ -69.944681898402834, 60.977798915361355 ], [ -69.942307964017459, 60.967098540425006 ], [ -69.956560381755338, 60.95660250549259 ], [ -69.952673842492857, 60.949409854184474 ], [ -69.962814166411121, 60.949045770461872 ], [ -69.964091033620846, 60.945380068101734 ], [ -69.762361000959629, 60.918292739214763 ], [ -69.682173706098283, 60.942883226552553 ], [ -69.685403124033456, 60.95363415106587 ], [ -69.682174418702147, 60.957660393074391 ], [ -69.684092529667893, 60.960056182173027 ], [ -69.679253317328261, 60.963389074228516 ], [ -69.68531910975166, 60.980943732015305 ], [ -69.69703238798219, 60.987354951180492 ], [ -69.695757833849015, 60.991550771556746 ], [ -69.698711224847017, 60.995334847030854 ], [ -69.684323421005203, 61.015858069635001 ], [ -69.67256668006462, 61.023913766193928 ], [ -69.674347942326406, 61.025862950459157 ], [ -69.650458488497634, 61.04202405433 ], [ -69.649427514364461, 61.053974201832666 ], [ -69.644514734521806, 61.057801875154759 ], [ -69.611116710524669, 61.065531561126747 ], [ -69.610126346206968, 61.076024272482705 ], [ -69.61330365305065, 61.078692577937751 ], [ -69.594540660667036, 61.081776849478466 ], [ -69.574194984262604, 61.081025836738455 ], [ -69.567363045056439, 61.077030093016752 ], [ -69.551467323318292, 61.079446225880503 ], [ -69.503472872345043, 61.068390163918181 ], [ -69.496302203635551, 61.062112494204136 ], [ -69.493447014240118, 61.050944838622804 ], [ -69.488021747921309, 61.047717077977936 ], [ -69.483993296028601, 61.038333292899679 ], [ -69.479637069125189, 61.019105694047276 ], [ -69.481333959064514, 61.013439454930825 ], [ -69.470906077763743, 61.008492507368544 ], [ -69.466299157151539, 61.002464207433114 ], [ -69.4634024965724, 60.996468444893736 ], [ -69.468164015598376, 60.991378237529894 ], [ -69.453622286014706, 60.983239635874639 ], [ -69.454401263805465, 60.976600119649021 ], [ -69.445116724984885, 60.960770425224055 ], [ -69.44631042475929, 60.957658396053944 ], [ -69.427095538071313, 60.951130996120213 ], [ -69.421069270103985, 60.952016275786541 ], [ -69.39506405044807, 60.929572597908496 ], [ -69.374534031717715, 60.921487409754569 ], [ -69.370527884187766, 60.915430101929267 ], [ -69.376193840950933, 60.911157041953928 ], [ -69.373635423895294, 60.904459745245084 ], [ -69.37934335356951, 60.897400905185343 ], [ -69.376365085531319, 60.885820340700164 ], [ -69.389623683414342, 60.874791149288065 ], [ -69.389681802760293, 60.867928397764437 ], [ -69.372254632178652, 60.85506600662162 ], [ -69.380121631342249, 60.833954446370981 ], [ -69.377034471926322, 60.825897830293179 ], [ -69.36190486072158, 60.819426147456106 ], [ -69.357397119714904, 60.814202573327684 ], [ -69.361959122240208, 60.804542220974412 ], [ -69.371973867927437, 60.796843587778703 ], [ -69.417316126599303, 60.78581864711483 ], [ -69.426595842786554, 60.780759974839583 ], [ -69.441952204686174, 60.782535167446468 ], [ -69.452322572301256, 60.775897979756891 ], [ -69.453004653620724, 60.771985724950113 ], [ -69.472654578355701, 60.765535878748075 ], [ -69.485939391714979, 60.767204300611638 ], [ -69.499736550403171, 60.762400012169053 ], [ -69.507291089749387, 60.751424859613088 ], [ -69.526103163797188, 60.75475892630341 ], [ -69.534583328032937, 60.748956484699107 ], [ -69.546784687712957, 60.729095611994808 ], [ -69.560031681167402, 60.719155146864878 ], [ -69.641887756843801, 60.704287719235886 ], [ -69.641053656740866, 60.700257584840777 ], [ -69.648862369942691, 60.698177863976873 ], [ -69.674637994891484, 60.673787425107527 ], [ -69.676335608524369, 60.669229413500872 ], [ -69.668226174911979, 60.653259821299898 ], [ -69.646239420809053, 60.633762334176588 ], [ -69.643517565035594, 60.628064592877948 ], [ -69.645065651461408, 60.622237932945488 ], [ -69.648439446215036, 60.621125714139524 ], [ -69.633247787313167, 60.607907378539835 ], [ -69.626097947588121, 60.598875804810753 ], [ -69.628274408049563, 60.596458916297763 ], [ -69.620833336198089, 60.593818090324703 ], [ -69.624165233482941, 60.587574449445427 ], [ -69.619599146266637, 60.583934799239429 ], [ -69.621668164747277, 60.579515817648598 ], [ -69.634862329303147, 60.575262509209992 ], [ -69.631328113793003, 60.573015103356866 ], [ -69.641778835498059, 60.572908186205368 ], [ -69.651181657405488, 60.566677167017275 ], [ -69.647857823143909, 60.55928882875979 ], [ -69.65238141761516, 60.554148806117091 ], [ -69.6738211534242, 60.543454991814002 ], [ -69.710958670173355, 60.460113823230188 ], [ -69.709488826224302, 60.45097774792135 ], [ -69.718926180244239, 60.448754620173894 ], [ -69.718543210111761, 60.445508329500633 ], [ -69.730372802127476, 60.438030675849028 ], [ -69.72519406730008, 60.434504041506067 ], [ -69.726984335129018, 60.431724910887787 ], [ -69.717275362190904, 60.408702335452759 ], [ -69.705826139462616, 60.404594230632519 ], [ -69.698249274150513, 60.393893803997365 ], [ -69.688325473100221, 60.392229173026124 ], [ -69.671862844911999, 60.363005889782954 ], [ -69.661340507634918, 60.356094614526597 ], [ -69.660561144246145, 60.352207181554313 ], [ -69.66333783718423, 60.351897472988668 ], [ -69.667217505774786, 60.342539684124105 ], [ -69.662038270798206, 60.341181066369423 ], [ -69.668112439779762, 60.341176438808589 ], [ -69.671138369132251, 60.334284083203542 ], [ -69.667840334272995, 60.33184369191958 ], [ -69.648746461664317, 60.278727273337552 ], [ -69.635719090934842, 60.258067222684481 ], [ -69.643981756782011, 60.254565894656892 ], [ -69.631762589210069, 60.246261736202207 ], [ -69.63851026266876, 60.240619630260163 ], [ -69.618507674451052, 60.229204161771904 ], [ -69.602886697713288, 60.225871204769739 ], [ -69.589995122490052, 60.227843698313173 ], [ -69.583536985587187, 60.22258923655798 ], [ -69.592303351955294, 60.212837322911923 ], [ -69.587662740903596, 60.208865838763515 ], [ -69.596774704756513, 60.199316350731586 ], [ -69.590109144440802, 60.187368100864695 ], [ -69.593328708762073, 60.180753483002327 ], [ -69.588230172068023, 60.179031770235738 ], [ -69.591635863017373, 60.169641211695406 ], [ -69.567842508037444, 60.163785190979027 ], [ -69.559788122078487, 60.153310897482491 ], [ -69.585500458546406, 60.132064283772031 ], [ -69.585524009744987, 60.123284473403629 ], [ -69.589918217213764, 60.118004321650474 ], [ -69.566526357557748, 60.112200917937074 ], [ -69.560975350579071, 60.106340173140396 ], [ -69.562750644808517, 60.104583213381041 ], [ -69.542200780869649, 60.093780278031481 ], [ -69.548672048239382, 60.091143161448407 ], [ -69.5475078395026, 60.085697906765375 ], [ -69.5509007458936, 60.080589284631955 ], [ -69.560727259439503, 60.074255244205403 ], [ -69.557757188146994, 60.071617452173861 ], [ -69.589674228829082, 59.976222030170277 ], [ -69.591926944268252, 59.96169870254954 ], [ -69.620851453672174, 59.956441604141446 ], [ -69.620670046559397, 59.942892971648284 ], [ -69.61081442278153, 59.939053632253106 ], [ -69.617122396405463, 59.93405306609322 ], [ -69.61365336319092, 59.929580159349278 ], [ -69.624104021416656, 59.925913334775537 ], [ -69.627563286815061, 59.920475997112717 ], [ -69.620882753430749, 59.906970888227846 ], [ -69.579821967413594, 59.892855420134744 ], [ -69.510333935152687, 59.884080474574731 ], [ -69.489728548601221, 59.871697116140993 ], [ -69.489542382096189, 59.867222661771081 ], [ -69.499835835475196, 59.865861389154439 ], [ -69.507087001367921, 59.858077306937531 ], [ -69.512150695001608, 59.840942373016119 ], [ -69.526979142220029, 59.828688163839871 ], [ -69.528741750819563, 59.816970935563248 ], [ -69.519040785970546, 59.806796898588971 ], [ -69.504314605149943, 59.803381086986448 ], [ -69.500740701134475, 59.796884413446435 ], [ -69.474680238030899, 59.801527209452885 ], [ -69.471201306166094, 59.799856363878646 ], [ -69.478203457891169, 59.789438027041989 ], [ -69.493156088145838, 59.783020646587318 ], [ -69.526017631131893, 59.758938869207299 ], [ -69.532712709857648, 59.757766312425765 ], [ -69.533465233340891, 59.75165948959075 ], [ -69.541299322315766, 59.745074457257417 ], [ -69.511300064195623, 59.695244137802646 ], [ -69.484327708351429, 59.671688461655322 ], [ -69.489849344832379, 59.662189198081492 ], [ -69.485499822900223, 59.649882073029396 ], [ -69.48802593724001, 59.642461501002032 ], [ -69.483195936944909, 59.631267065950155 ], [ -69.496295011932716, 59.619938984224518 ], [ -69.497494544812511, 59.608991734381171 ], [ -69.533700407386632, 59.59415924744399 ], [ -69.540966991416553, 59.587550422279485 ], [ -69.544274851067712, 59.581490731326156 ], [ -69.543523619760194, 59.568848819148371 ], [ -69.592162026330314, 59.55788414098479 ], [ -69.637258679449673, 59.528746303570401 ], [ -69.635912062829505, 59.52654682079551 ], [ -69.639134473753003, 59.524024618292373 ], [ -69.633955413061784, 59.521358865142055 ], [ -69.637419993581531, 59.514882713145425 ], [ -69.630969025974878, 59.511494105358793 ], [ -69.636251615245456, 59.499302911181601 ], [ -69.627083549424484, 59.49118785884658 ], [ -69.630584254424704, 59.47896525880067 ], [ -69.629165570452244, 59.473742987668935 ], [ -69.604723053083347, 59.462300631946448 ], [ -69.57330878914216, 59.461635797389249 ], [ -69.568796271958178, 59.457440539315421 ], [ -69.569495361736415, 59.45366274126102 ], [ -69.401284668249701, 59.377747435806697 ], [ -69.405113411833568, 59.374106004411885 ], [ -69.402388297027755, 59.368688788209575 ], [ -69.393479294555931, 59.364415750188606 ], [ -69.365083298754953, 59.357827910241298 ], [ -69.333774218941613, 59.356075991506827 ], [ -69.317821428900459, 59.361463867403941 ], [ -69.258331224967122, 59.353658147812546 ], [ -69.232130980727661, 59.346352290392076 ], [ -69.234773233657108, 59.329132684439223 ], [ -69.231214612768284, 59.319187038179138 ], [ -69.232883297512188, 59.31657540053137 ], [ -69.22974228018029, 59.314466809011869 ], [ -69.231989608525865, 59.307689625222302 ], [ -69.213684226014465, 59.295186677051731 ], [ -69.217254895441371, 59.286771314642969 ], [ -69.20752992404725, 59.281435497546703 ], [ -69.210415572885196, 59.27802080088729 ], [ -69.224657449700771, 59.278270691951114 ], [ -69.227500601468691, 59.267326424335451 ], [ -69.225633982200947, 59.261767591298494 ], [ -69.217696799889666, 59.255824309078932 ], [ -69.215916792559597, 59.246825806344738 ], [ -69.218131034413346, 59.24082060092973 ], [ -69.210408395510456, 59.23463247131977 ], [ -69.208608654936185, 59.225931415735886 ], [ -69.135786820907398, 59.171090613161205 ], [ -69.130145366419313, 59.169703666736595 ], [ -69.116994925475694, 59.143062104314247 ], [ -69.109328422663637, 59.139003541400164 ], [ -69.107993069851375, 59.135115310210779 ], [ -69.091986239076206, 59.128313472715547 ], [ -69.082652204619365, 59.118786925398425 ], [ -69.082085729149554, 59.110783306893126 ], [ -69.077605400214296, 59.103979107854386 ], [ -69.068583788975431, 59.102004886003137 ], [ -69.072862682806033, 59.110726536274939 ], [ -69.069177108695825, 59.113167877815542 ], [ -69.06550949853586, 59.111200501510488 ], [ -69.066137008118247, 59.101337949756115 ], [ -69.062155137364201, 59.096006162427614 ], [ -69.044412247998693, 59.087700293762509 ], [ -69.048630180606366, 59.078643519670628 ], [ -69.048092655408283, 59.070418559001936 ], [ -69.027600236980803, 59.054916991647879 ], [ -69.020785409009306, 59.047812376578392 ], [ -69.0221736265445, 59.046202299663605 ], [ -68.986210426359449, 59.012727623350536 ], [ -68.975550782283634, 59.010391985547308 ], [ -68.989803570204543, 59.020473461127359 ], [ -68.992327514302787, 59.025306485691885 ], [ -68.990098311729369, 59.031753824700367 ], [ -68.986298677520494, 59.031340365465361 ], [ -68.984930457342799, 59.025450345403698 ], [ -68.970161643873965, 59.019414967406256 ], [ -68.959789507241311, 59.005360909558917 ], [ -68.967168861684499, 58.993947980503258 ], [ -68.892262330014404, 58.924139391044328 ], [ -68.797026942451296, 58.928747724452514 ], [ -68.750142692170471, 58.93428093650639 ], [ -68.549247799439655, 58.940723030236661 ], [ -68.49182270059805, 58.924386750236678 ], [ -68.462848459265871, 58.912858676348328 ], [ -68.44170295309047, 58.908772515521136 ], [ -68.428324767948936, 58.902165607967845 ], [ -68.412398470551267, 58.886526376782605 ], [ -68.384129715579718, 58.8831660050338 ], [ -68.341951887403312, 58.871882236395223 ], [ -68.313144292230945, 58.857108595427121 ], [ -68.294875218144853, 58.842440033455688 ], [ -68.261093133658036, 58.82374579913278 ], [ -68.257041542446018, 58.817661689591525 ], [ -68.257674719723795, 58.810186631035883 ], [ -68.26806187280981, 58.788407128597363 ], [ -68.278012853775806, 58.751660354250468 ], [ -68.262237244307642, 58.737628104853165 ], [ -68.276037796241852, 58.725437960375963 ], [ -68.272012999432221, 58.716989663124416 ], [ -68.277480110471558, 58.706103293050617 ], [ -68.272017979150974, 58.694824669110567 ], [ -68.277119951527496, 58.677769397625639 ], [ -68.267152323015566, 58.673350292362976 ], [ -68.27122798970413, 58.669544405451553 ], [ -68.268034997700909, 58.667046500104831 ], [ -68.269653914403065, 58.663239096522197 ], [ -68.260400088945232, 58.655325490609442 ], [ -68.263904584364724, 58.653709044934494 ], [ -68.262848292353027, 58.649208709721222 ], [ -68.268601594429484, 58.641709024843976 ], [ -68.264703237085911, 58.636433983341249 ], [ -68.272616476312635, 58.63567944646632 ], [ -68.268426799594138, 58.616325771416115 ], [ -68.259422991734041, 58.613071120850798 ], [ -68.255090637581731, 58.604208580822174 ], [ -68.242510362668654, 58.59315694553522 ], [ -68.243227376337444, 58.583322154894375 ], [ -68.220142230797876, 58.57628812172625 ], [ -68.208343319079063, 58.576542271667563 ], [ -68.207351294040521, 58.580623575582315 ], [ -68.203684260987359, 58.576511842562667 ], [ -68.193236538660273, 58.573711705265943 ], [ -68.094009248119249, 58.57109584597378 ], [ -68.065897125891667, 58.575900020233334 ], [ -68.041810194546628, 58.572511547935314 ], [ -68.023946145819963, 58.587570204945699 ], [ -68.015526735758925, 58.585622605824433 ], [ -68.000169882909319, 58.590399331975462 ], [ -67.989086496430218, 58.577898774893221 ], [ -67.964644816231385, 58.572234847382155 ], [ -67.966978631164665, 58.570847131268827 ], [ -67.953255975373949, 58.562734251974248 ], [ -67.957049400179272, 58.559514233851296 ], [ -67.952501222302857, 58.549984798089291 ], [ -67.918777010428755, 58.531371604214982 ], [ -67.765800601565473, 58.498174270351299 ], [ -67.764471684981075, 58.499954799037113 ], [ -67.730189542748676, 58.489898975308229 ], [ -67.713411365124898, 58.479621064571447 ], [ -67.702540508864033, 58.476980457904347 ], [ -67.703524443763214, 58.4718147208931 ], [ -67.66295947870664, 58.46097287352049 ], [ -67.660960341157391, 58.445775678307776 ], [ -67.620601530803995, 58.424876854248872 ], [ -67.616397526533504, 58.429681908038489 ], [ -67.596129319437608, 58.4348249471903 ], [ -67.57998451045944, 58.434577797168266 ], [ -67.569046940649827, 58.430883925546283 ], [ -67.574295960210918, 58.43343409980934 ], [ -67.565543549480196, 58.436519903889561 ], [ -67.571128561655584, 58.437689534533369 ], [ -67.553602384959831, 58.437433474899272 ], [ -67.542344956822916, 58.427129129655221 ], [ -67.54152092303255, 58.42157141789491 ], [ -67.55020616165065, 58.407934520275035 ], [ -67.55886859384529, 58.409906557468339 ], [ -67.562850821579843, 58.40607019370605 ], [ -67.568131988586913, 58.406661237365654 ], [ -67.556376193866058, 58.394908438534308 ], [ -67.557846381602616, 58.392575301822752 ], [ -67.55105072987017, 58.388992322846825 ], [ -67.544067235354447, 58.392680658268482 ], [ -67.54968590553004, 58.395432830797915 ], [ -67.544012294261648, 58.404105054075487 ], [ -67.54570628839744, 58.408627699621775 ], [ -67.533259092780611, 58.417962462245228 ], [ -67.534101294672894, 58.422382440762 ], [ -67.529464085879923, 58.427486903645338 ], [ -67.533679795476374, 58.43507000317814 ], [ -67.526093472145575, 58.454796275365794 ], [ -67.521281313429185, 58.455519148333472 ], [ -67.520429362518385, 58.460350298016678 ], [ -67.504269047601355, 58.462654608128226 ], [ -67.48820891788246, 58.455160633089214 ], [ -67.482823049192305, 58.455907130928324 ], [ -67.462402940151591, 58.434854733939062 ], [ -67.463292140987519, 58.430075485687475 ], [ -67.458015840882283, 58.42029915964433 ], [ -67.464617769822141, 58.414021859015683 ], [ -67.454545969808166, 58.410183561049088 ], [ -67.46045610632342, 58.400714622941514 ], [ -67.450377557042486, 58.401298809430081 ], [ -67.448423371453643, 58.395772736141701 ], [ -67.430846288374013, 58.389162271420545 ], [ -67.449733044615314, 58.355493912719233 ], [ -67.43947678815708, 58.358273466855557 ], [ -67.432232986955682, 58.368382013664551 ], [ -67.416453770009198, 58.377023626337952 ], [ -67.413570415911423, 58.376390416319474 ], [ -67.409651929465838, 58.36591806995402 ], [ -67.403015098150703, 58.365615674578457 ], [ -67.397638968158859, 58.361139629428081 ], [ -67.402754735072634, 58.357635935556857 ], [ -67.398281781065165, 58.355057641556371 ], [ -67.402837651602027, 58.354502355120658 ], [ -67.400867593246645, 58.350388289768894 ], [ -67.434267785731777, 58.356416230820891 ], [ -67.434948676148522, 58.352833735748163 ], [ -67.422211378868965, 58.345501176133148 ], [ -67.440575103363287, 58.3326641359346 ], [ -67.43156888441105, 58.327976011038949 ], [ -67.410675770851824, 58.32650417699179 ], [ -67.400181154515536, 58.317114900879552 ], [ -67.388260212765957, 58.312450781833078 ], [ -67.365199451021311, 58.314254198231048 ], [ -67.340944370982001, 58.337310682054493 ], [ -67.328863560794773, 58.341480624697311 ], [ -67.305761470775593, 58.356477387130013 ], [ -67.280649372010032, 58.360862578717324 ], [ -67.253861896350131, 58.355911750356164 ], [ -67.227501776040612, 58.362719536082871 ], [ -67.220312648949246, 58.37074407382454 ], [ -67.200441136777769, 58.382474277713811 ], [ -67.202468939807673, 58.387916671065319 ], [ -67.198750841620523, 58.392058186957932 ], [ -67.198244232496975, 58.400587848629648 ], [ -67.14169137295066, 58.41602814263625 ], [ -67.118609392151313, 58.41781188404984 ], [ -67.105829942193168, 58.430364085371856 ], [ -67.103055163375501, 58.441338040095381 ], [ -67.085246191807599, 58.452693140472675 ], [ -67.051692556975212, 58.452218406651838 ], [ -67.046859595089373, 58.461162850595578 ], [ -67.027603145232206, 58.466196243704864 ], [ -67.023413930519638, 58.473632864171158 ], [ -67.018269815729326, 58.47596600524539 ], [ -67.021331291578676, 58.487470346317082 ], [ -67.012401350653306, 58.496964502078789 ], [ -67.016050647619835, 58.502802928111272 ], [ -67.014603188325424, 58.50616385852792 ], [ -66.981792558229088, 58.501495953262513 ], [ -66.935442674552363, 58.515942997602473 ], [ -66.799235264659728, 58.505885459466036 ], [ -66.786735335517122, 58.497631388981169 ], [ -66.747712460287957, 58.514299557927473 ], [ -66.736701489444002, 58.516078094608666 ], [ -66.710204173686989, 58.54818857623745 ], [ -66.701650262981801, 58.554467809989269 ], [ -66.702865715038612, 58.560471358813047 ], [ -66.696192094064898, 58.568496552208899 ], [ -66.704370459304798, 58.575105359147422 ], [ -66.7046914393473, 58.580249883369419 ], [ -66.699427401713407, 58.58138577031837 ], [ -66.691040463312177, 58.576916910326439 ], [ -66.678982351820679, 58.597476461659653 ], [ -66.673065303470807, 58.596857729049624 ], [ -66.665529865794909, 58.602504500446585 ], [ -66.672983122199426, 58.609918362318574 ], [ -66.686218427799801, 58.642005454430674 ], [ -66.680856236995311, 58.644223624313987 ], [ -66.65677899799465, 58.642251083505577 ], [ -66.579577879976441, 58.664805837816886 ], [ -66.578716189451526, 58.671554346679606 ], [ -66.582544867473345, 58.674527486935517 ], [ -66.573487791427496, 58.676030223281266 ], [ -66.575221060983452, 58.679944474880145 ], [ -66.55641258967951, 58.693555441496265 ], [ -66.547744881519179, 58.705449834615074 ], [ -66.5512635106451, 58.715978643886096 ], [ -66.541827435856732, 58.719199438473453 ], [ -66.538250440221915, 58.729588412093676 ], [ -66.528682684168658, 58.7313411472891 ], [ -66.526996011299602, 58.737282905151247 ], [ -66.520054597618554, 58.73944948653682 ], [ -66.51612922161442, 58.753754772583228 ], [ -66.496129572436942, 58.765395150419913 ], [ -66.494778586549572, 58.780448352410112 ], [ -66.507273518586999, 58.794723545386397 ], [ -66.520354413881492, 58.801231146918539 ], [ -66.510134897357958, 58.804007862588549 ], [ -66.500160569998997, 58.811340272674371 ], [ -66.502835140078929, 58.816925015327563 ], [ -66.496388383493127, 58.818308065440249 ], [ -66.498158086443908, 58.821974168109413 ], [ -66.493750062297195, 58.838476378629423 ], [ -66.483517928958449, 58.852671925848135 ], [ -66.485884891432349, 58.856898756870045 ], [ -66.472942580833774, 58.866424472653755 ], [ -66.46723749861512, 58.863952285766054 ], [ -66.465791373523487, 58.858176648040299 ], [ -66.458329667790139, 58.857091021387767 ], [ -66.425737008581706, 58.861619945091306 ], [ -66.409736492665502, 58.860282281855561 ], [ -66.407374835376075, 58.864590352453369 ], [ -66.371824886696771, 58.867060422377207 ], [ -66.366427488768934, 58.862008082371297 ], [ -66.353715596350057, 58.85898089591349 ], [ -66.152221165376687, 58.860948681267736 ], [ -66.146889847903154, 58.861313536055498 ], [ -66.137448993521218, 58.868451008013274 ], [ -66.128501772798401, 58.865537723907551 ], [ -66.125440339083369, 58.861118328082618 ], [ -66.095081150544488, 58.861311042301217 ], [ -66.056587513091188, 58.883316434675542 ], [ -66.059219166627145, 58.884452936496459 ], [ -66.056896091176554, 58.886922811512171 ], [ -66.048118226279456, 58.888145167626 ], [ -66.002021793664809, 58.914395452782948 ], [ -65.99036816038911, 58.916340355123488 ], [ -65.952331884226894, 58.958230721361453 ], [ -65.961465279721978, 58.955013268179037 ], [ -65.977910186078773, 58.935343452145815 ], [ -66.005083553009086, 58.942679706075729 ], [ -66.01011203010232, 58.940680269103503 ], [ -66.018864054424171, 58.945287580961953 ], [ -66.030609395557747, 58.944895464529225 ], [ -66.037783637715933, 58.950650866000245 ], [ -66.039446100047272, 58.956400068559205 ], [ -66.057001952029282, 58.967481449041813 ], [ -66.037751366576316, 58.977701280944743 ], [ -65.995990466597448, 58.977784810038642 ], [ -65.990319977559338, 58.982870001093239 ], [ -65.975291512577783, 58.985206893084175 ], [ -65.970661654284186, 58.98404178298415 ], [ -65.964778478038085, 58.975374492669658 ], [ -65.9500282047902, 58.975151060083995 ], [ -65.942659644191323, 58.968708399725053 ], [ -65.932888439734469, 58.979287430901024 ], [ -65.937256674431097, 58.985842787243357 ], [ -65.923494133037707, 58.993120111552308 ], [ -65.925884447473507, 58.996289038958018 ], [ -65.924054267968572, 59.000488779638623 ], [ -65.931243388305674, 59.002871150684769 ], [ -65.932756401704182, 59.010626448308614 ], [ -65.938488470802668, 59.014564902750386 ], [ -65.925335469728466, 59.014655777149763 ], [ -65.919025990555127, 59.022488983049236 ], [ -65.924145142664898, 59.034899980030538 ], [ -65.917050865534634, 59.049515331035472 ], [ -65.9250017226137, 59.057374666669794 ], [ -65.853754800451085, 59.13029686805173 ], [ -65.853251254081997, 59.135103373673495 ], [ -65.861414094778638, 59.135240907447894 ], [ -65.86325225322625, 59.137847123384397 ], [ -65.849666241020856, 59.147040632837353 ], [ -65.847139739067501, 59.145296432156137 ], [ -65.850074815106709, 59.139544126736482 ], [ -65.8481994409522, 59.136346124795899 ], [ -65.83630488469619, 59.148353716312577 ], [ -65.837767959018052, 59.150905657867483 ], [ -65.830552498496615, 59.155233640736981 ], [ -65.843053214095235, 59.16623384239292 ], [ -65.826378218809865, 59.173656466846623 ], [ -65.813463111896766, 59.186539827542724 ], [ -65.80710061690182, 59.202158603745573 ], [ -65.799857190948231, 59.207127731900322 ], [ -65.840593309896406, 59.22371331474865 ], [ -65.865790594843943, 59.242377897893782 ], [ -65.858580852633821, 59.252740557553203 ], [ -65.861619760765748, 59.264265586278157 ], [ -65.849358367508771, 59.271739928220008 ], [ -65.84889450040977, 59.276650684951143 ], [ -65.85291694151087, 59.282071882107246 ], [ -65.646636984860919, 59.409910696761195 ], [ -65.63085465615309, 59.414710807390044 ], [ -65.611089670489406, 59.425573659716164 ], [ -65.613000599457081, 59.426711701460093 ], [ -65.589972066187556, 59.436217148745087 ], [ -65.58953536222694, 59.439497046261273 ], [ -65.591580419588269, 59.437135959963982 ], [ -65.600663497532253, 59.440437442663473 ], [ -65.60122436970066, 59.445911236621008 ], [ -65.570255406746611, 59.446468959554231 ], [ -65.565428038242075, 59.44924904169595 ], [ -65.573197618374465, 59.454547428278374 ], [ -65.564035872908647, 59.455133013040154 ], [ -65.559553294602779, 59.452131284216982 ], [ -65.530203565333295, 59.467384245804936 ], [ -65.520557630118674, 59.484579790610034 ], [ -65.51417574783693, 59.485913247501848 ], [ -65.508867674774564, 59.492356841281108 ], [ -65.515703538257156, 59.4991602139972 ], [ -65.506300232974411, 59.503273549421259 ], [ -65.501105074655285, 59.501332955712193 ], [ -65.473602717067905, 59.532415349845159 ], [ -65.478993076473131, 59.534494378722137 ], [ -65.477945553770752, 59.53697104054983 ], [ -65.469014109067189, 59.53776978179588 ], [ -65.437105048011361, 59.572301407171722 ], [ -65.44027150969734, 59.575774617805884 ], [ -65.437648765281892, 59.5753532855163 ], [ -65.438228247612315, 59.579602355410358 ], [ -65.442256010249622, 59.582248644921933 ], [ -65.441565670679125, 59.590691950019995 ], [ -65.455543914544037, 59.602969952152606 ], [ -65.460486398430675, 59.613912058177043 ], [ -65.482534821565523, 59.618413543961417 ], [ -65.491909969293786, 59.631799487892096 ], [ -65.503295702436276, 59.637440375132208 ], [ -65.502214291219474, 59.642439770792372 ], [ -65.53368702328568, 59.659190026448428 ], [ -65.53829613182937, 59.664636598226522 ], [ -65.531729213921139, 59.667637204790203 ], [ -65.541037317922488, 59.6794127673245 ], [ -65.567125042816627, 59.691000035034563 ], [ -65.559480523967395, 59.695332074622499 ], [ -65.564092065717787, 59.698825638492494 ], [ -65.563725415247589, 59.704494791871312 ], [ -65.552399290067257, 59.708438589485283 ], [ -65.568432824093506, 59.722745362567444 ], [ -65.554394716681514, 59.730715321317945 ], [ -65.559374407278369, 59.73666300160226 ], [ -65.559065179990782, 59.741964507453716 ], [ -65.512144848450006, 59.766965368589375 ], [ -65.492921011512692, 59.793386805667836 ], [ -65.47613339383841, 59.799605537228722 ], [ -65.461273768772102, 59.817913924707256 ], [ -65.446129911922938, 59.822473490365681 ], [ -65.42913249382255, 59.821694257183736 ], [ -65.389771030709326, 59.840639812220651 ], [ -65.392222317459499, 59.844554600774018 ], [ -65.38818580456784, 59.848088641445223 ], [ -65.337767423924191, 59.860474088658414 ], [ -65.339620213871427, 59.862639738188363 ], [ -65.336272995444602, 59.867942571450762 ], [ -65.335690155991173, 59.880913168262474 ], [ -65.310629988720933, 59.88255623983887 ], [ -65.255051291331611, 59.915161132391368 ], [ -65.263217247925624, 59.919499486198625 ], [ -65.259686271465952, 59.925883036689967 ], [ -65.244010920807341, 59.926803562481901 ], [ -65.241265577487439, 59.922799977647436 ], [ -65.235968211867231, 59.925746424258193 ], [ -65.228799131300548, 59.932772511690786 ], [ -65.230591284315793, 59.940085253569713 ], [ -65.212208215859647, 59.948668059921573 ], [ -65.202629600574937, 59.962057957027838 ], [ -65.20587093607628, 59.964443400596593 ], [ -65.20666019841363, 59.971223253649832 ], [ -65.199066620823075, 59.978444981058075 ], [ -65.192509554507311, 59.978582898161186 ], [ -65.190427623633937, 59.983331615864884 ], [ -65.184068100099338, 59.985557606174638 ], [ -65.140316678380472, 60.026801253349973 ], [ -65.139149165256015, 60.041054740520345 ], [ -65.133477496368258, 60.047164594571605 ], [ -65.139502924525686, 60.050639020325143 ], [ -65.142338935247068, 60.063919600667525 ], [ -65.037188430621086, 60.126420983123779 ], [ -65.01019417603888, 60.159178082313538 ], [ -64.991689745624441, 60.166673682040283 ], [ -65.006084307774898, 60.169922805230222 ], [ -64.998981697127874, 60.176425474897762 ], [ -64.987804190585422, 60.176731075096185 ], [ -64.978584462069279, 60.172032954403605 ], [ -64.96504855507844, 60.178229859986764 ], [ -64.962199440734622, 60.191067551874674 ], [ -64.965794560462726, 60.192010225418088 ], [ -64.959418269452215, 60.197868740790611 ], [ -64.960827284527824, 60.201232534104157 ], [ -64.957477829719167, 60.201623913564525 ], [ -64.948552226431275, 60.223846897179499 ], [ -64.950855842083044, 60.227117276198385 ], [ -64.947988587505719, 60.228787451274698 ], [ -64.950379425667791, 60.237291106803355 ], [ -64.956696674845958, 60.242930020682358 ], [ -64.955834345211358, 60.249344001651735 ], [ -64.961156248357682, 60.253430874603815 ], [ -64.957249938124349, 60.259622242775883 ], [ -64.95005166993819, 60.262117584254554 ], [ -64.948243184778505, 60.269122801732031 ], [ -64.93130095815215, 60.269393799993068 ], [ -64.918710496567954, 60.280117654646972 ], [ -64.890709197593367, 60.283225407525407 ], [ -64.871872444295846, 60.287947883769561 ], [ -64.864051708306832, 60.293532745477883 ], [ -64.864848751641702, 60.297200725060492 ], [ -64.871176766557383, 60.298006588397612 ], [ -64.857261557104891, 60.301950888809877 ], [ -64.851570813300697, 60.308360759205989 ], [ -64.843479558678567, 60.329115330290897 ], [ -64.832676380559434, 60.339249859036265 ], [ -64.839783283093396, 60.348863982819786 ], [ -64.85592037871163, 60.359698616409865 ], [ -64.852703323808726, 60.369223676236096 ], [ -64.841389061059672, 60.372331250786637 ], [ -64.799899473504865, 60.367527499986366 ], [ -64.730806218246514, 60.365279472088339 ], [ -64.702084324134461, 60.355134545977265 ], [ -64.674676247503172, 60.350915431120143 ], [ -64.663117692037076, 60.346578658143002 ], [ -64.662123242999058, 60.343307333223215 ], [ -64.651442596046039, 60.342579429022038 ], [ -64.645363190628245, 60.346415600446562 ], [ -64.624839594072682, 60.344302602204763 ], [ -64.579947145870335, 60.329902810543707 ], [ -64.565266192713125, 60.320886116976304 ], [ -64.55133003124179, 60.317720598078452 ], [ -64.544581192326689, 60.311470434910881 ], [ -64.531849047240271, 60.308827909937264 ], [ -64.52264061001074, 60.299278597121024 ], [ -64.531213644308394, 60.295973056208233 ], [ -64.535772536245929, 60.301690668277089 ], [ -64.571133736192905, 60.311358194068227 ], [ -64.598984000059943, 60.297436428118388 ], [ -64.611456153951011, 60.300160647511568 ], [ -64.629147931857219, 60.296218938748851 ], [ -64.659947500665993, 60.296247318155451 ], [ -64.669793926620187, 60.29969332330792 ], [ -64.682194705404157, 60.297749497259694 ], [ -64.700761121582758, 60.2875548647174 ], [ -64.706572250409778, 60.279301824083802 ], [ -64.724811318613305, 60.280326978978145 ], [ -64.736821344386868, 60.289248240410018 ], [ -64.781455332826511, 60.283052091359686 ], [ -64.78620630125728, 60.277639194980168 ], [ -64.80298936533336, 60.276499933260723 ], [ -64.816691342412568, 60.266814030141177 ], [ -64.838319626175803, 60.272283488873477 ], [ -64.854580835828301, 60.268954566843433 ], [ -64.859058106095091, 60.264170839830136 ], [ -64.858910154722466, 60.258952451456182 ], [ -64.84991698509215, 60.252817284967357 ], [ -64.854053432989204, 60.251339449516031 ], [ -64.853545777320406, 60.242642906095355 ], [ -64.847135733575968, 60.240814303007241 ], [ -64.852241422255261, 60.236981120441563 ], [ -64.849965910381911, 60.231200137484052 ], [ -64.852301738274079, 60.226424033107577 ], [ -64.832634352129261, 60.225311887542297 ], [ -64.82063244791749, 60.211892694352883 ], [ -64.792226036924745, 60.207505669645322 ], [ -64.783349332755449, 60.201833484834296 ], [ -64.782522208799406, 60.197284248357477 ], [ -64.75699163374189, 60.188229182470828 ], [ -64.750154862826093, 60.188585572990881 ], [ -64.742055554017497, 60.181557880641215 ], [ -64.746963048206993, 60.178028674555406 ], [ -64.746029491266327, 60.174168001378213 ], [ -64.756251034207423, 60.17314597039104 ], [ -64.750744841162629, 60.169472834964303 ], [ -64.727117960816329, 60.165199573773471 ], [ -64.72424311854499, 60.16636524370999 ], [ -64.72586624957988, 60.173279191369957 ], [ -64.700140402598336, 60.172837774111329 ], [ -64.698557248330445, 60.180721724003206 ], [ -64.693564025426355, 60.182666075910696 ], [ -64.672004865389454, 60.176691156708316 ], [ -64.667289459555562, 60.170416111262867 ], [ -64.62764707308412, 60.1674177193361 ], [ -64.621384105701452, 60.1716083621452 ], [ -64.610693513777065, 60.170920014876408 ], [ -64.594326166794019, 60.165745860156925 ], [ -64.607086969302372, 60.160220150659342 ], [ -64.591968760351506, 60.151725439560963 ], [ -64.596379558910456, 60.145915988047918 ], [ -64.60474368603596, 60.143056199537753 ], [ -64.597894230984636, 60.134664988294411 ], [ -64.580413849402191, 60.131496343162524 ], [ -64.58672146008783, 60.116494674677341 ], [ -64.599469562500516, 60.117328563387829 ], [ -64.607217532350617, 60.111916241023877 ], [ -64.634723847960501, 60.104996430898645 ], [ -64.639080043005521, 60.105165759530728 ], [ -64.639388085237698, 60.113301612282434 ], [ -64.663539526752132, 60.113137619361055 ], [ -64.667808478934276, 60.110773613574423 ], [ -64.66582172250213, 60.106584858055683 ], [ -64.676622393291069, 60.104191320480361 ], [ -64.708806761966784, 60.109524873315216 ], [ -64.74323008488912, 60.110113691194101 ], [ -64.745175969068796, 60.107219866093345 ], [ -64.752697083189162, 60.106501541537547 ], [ -64.768440517494184, 60.109891043308814 ], [ -64.768642722449712, 60.105698763306329 ], [ -64.759337505903503, 60.10116676458577 ], [ -64.741208268014589, 60.098670289936791 ], [ -64.718707788902094, 60.090223335375455 ], [ -64.709311716740473, 60.083496815540791 ], [ -64.703927242746801, 60.074579442269368 ], [ -64.714183758448371, 60.072999175203442 ], [ -64.71150199921199, 60.066415625450404 ], [ -64.718041819149136, 60.063969057331676 ], [ -64.722059694930422, 60.057359990720883 ], [ -64.776529686984347, 60.060218720737048 ], [ -64.797403023242737, 60.057385478415746 ], [ -64.806907147101384, 60.051143936451652 ], [ -64.824824925097772, 60.051026878723142 ], [ -64.854070022334952, 60.055530611379936 ], [ -64.870836428931554, 60.062476414422989 ], [ -64.88018134369689, 60.059721392762647 ], [ -64.89298860315796, 60.06383597138246 ], [ -64.900848453651676, 60.059696213716443 ], [ -64.913253287895429, 60.066474717695414 ], [ -64.920621583408774, 60.065505987785507 ], [ -64.919292520625334, 60.059998525114842 ], [ -64.889787884817196, 60.047329632568029 ], [ -64.884686794244018, 60.03732966733152 ], [ -64.878901036613996, 60.033834438581799 ], [ -64.88455222736826, 60.028302711788797 ], [ -64.872134986539095, 60.015668925887994 ], [ -64.874164049384788, 60.01375036584917 ], [ -64.851136893269754, 60.002331691791227 ], [ -64.874779661681146, 59.990381454993958 ], [ -64.872962856452077, 59.982939809399532 ], [ -64.855632519380947, 59.983888690936475 ], [ -64.844968389869493, 59.977081804766989 ], [ -64.836358054564712, 59.975913796302393 ], [ -64.835835157441139, 59.972881190300782 ], [ -64.844194741139745, 59.968829951817604 ], [ -64.837963806451427, 59.96483337086233 ], [ -64.830046797239632, 59.96583180006531 ], [ -64.822780483786644, 59.971387046735757 ], [ -64.796207812772423, 59.971218967348051 ], [ -64.79295821431225, 59.977110820905125 ], [ -64.775135089836297, 59.982217640259535 ], [ -64.772216994337555, 59.980334605155861 ], [ -64.773440029063309, 59.975191295467944 ], [ -64.76255120753892, 59.975585042610469 ], [ -64.742994588523487, 59.970223278143123 ], [ -64.741016265953888, 59.965444177697357 ], [ -64.74888242575139, 59.958384179567929 ], [ -64.743996636859833, 59.954885422361045 ], [ -64.71881348222594, 59.953721548891252 ], [ -64.709823950091831, 59.961269993000919 ], [ -64.686022484391017, 59.957802562361252 ], [ -64.663922528327859, 59.950943536060301 ], [ -64.652797304137522, 59.950803178284254 ], [ -64.660903426487252, 59.945907691522962 ], [ -64.659485850258108, 59.9351340601281 ], [ -64.665018081160909, 59.928689638583414 ], [ -64.631685029936577, 59.93210588917588 ], [ -64.620906269541095, 59.929380761403053 ], [ -64.629711008173629, 59.92665646727027 ], [ -64.635687195506961, 59.920825870196431 ], [ -64.636373683305905, 59.914739856295263 ], [ -64.642714864921771, 59.906134378587232 ], [ -64.656631217185819, 59.90207578143454 ], [ -64.659272149867718, 59.890183373961946 ], [ -64.680135028652785, 59.88021838318825 ], [ -64.689441284391918, 59.878685619788591 ], [ -64.692084404334011, 59.883384932285601 ], [ -64.718966605841146, 59.888684245006516 ], [ -64.762501534758513, 59.890301664619507 ], [ -64.764245587586672, 59.888664732223873 ], [ -64.759390587741393, 59.880858228087718 ], [ -64.768077426358914, 59.878966738077558 ], [ -64.769504168304252, 59.873326838872096 ], [ -64.754056827192699, 59.873633514387834 ], [ -64.734549835205499, 59.869437370780929 ], [ -64.725183954108616, 59.861298749749693 ], [ -64.764727809726637, 59.853572952738332 ], [ -64.769133896078756, 59.849159700766336 ], [ -64.785338525412357, 59.849520332160694 ], [ -64.78863849646325, 59.843829448835152 ], [ -64.795330818715186, 59.840715924450173 ], [ -64.792842391434704, 59.837517976469748 ], [ -64.794812428420215, 59.834295932317943 ], [ -64.819615192549747, 59.833405735070073 ], [ -64.820138898739827, 59.82191342313714 ], [ -64.801909681110686, 59.817855528734711 ], [ -64.789828980195139, 59.807436456441039 ], [ -64.794224681068343, 59.801878200344987 ], [ -64.809550184436901, 59.796797288519976 ], [ -64.812412278380862, 59.782435144692968 ], [ -64.80627333045615, 59.778770065774026 ], [ -64.805453909900436, 59.769128742896477 ], [ -64.7869993405413, 59.760433141596032 ], [ -64.788976541569156, 59.751686435732672 ], [ -64.796299374360814, 59.745435272740131 ], [ -64.793812067680662, 59.736157520086863 ], [ -64.776333714685549, 59.735515643146755 ], [ -64.758089451557282, 59.730604770408888 ], [ -64.751310016645917, 59.725189167133898 ], [ -64.748631696002178, 59.7132989555802 ], [ -64.782189247965775, 59.691380946224868 ], [ -64.775295040038543, 59.68568906441206 ], [ -64.772767957250423, 59.673793209498854 ], [ -64.799074493043591, 59.664020809108933 ], [ -64.809862772426911, 59.654463104751805 ], [ -64.810767613871249, 59.644408186288999 ], [ -64.79893620991993, 59.617520909799381 ], [ -64.812938350305501, 59.611653046909524 ], [ -64.81536205301073, 59.607264702000784 ], [ -64.804140795986072, 59.590068816299087 ], [ -64.810088857475037, 59.585016915668319 ], [ -64.808728864683246, 59.576070006755309 ], [ -64.812079304719362, 59.569652461500297 ], [ -64.837937588482532, 59.567656782250495 ], [ -64.839548987390202, 59.55571172963068 ], [ -64.817216165126652, 59.540097343307863 ], [ -64.825550314447824, 59.529014846951569 ], [ -64.810137579371187, 59.509574287909871 ], [ -64.810774905825994, 59.497990349962201 ], [ -64.794941077944358, 59.492541423485676 ], [ -64.777690188156669, 59.494377308547257 ], [ -64.749023844237797, 59.490153231201781 ], [ -64.741350090803721, 59.479846798101626 ], [ -64.73361084614379, 59.476124871050693 ], [ -64.73107532108061, 59.46743138092053 ], [ -64.693533757701715, 59.462208514099153 ], [ -64.675405314583969, 59.445846672393102 ], [ -64.638849319577375, 59.462181649656081 ], [ -64.63721653516248, 59.4728438943161 ], [ -64.629144830084087, 59.478819716332872 ], [ -64.629879877372389, 59.482792647631911 ], [ -64.5915702208124, 59.469817460063183 ], [ -64.578512181909332, 59.470346115594459 ], [ -64.566873511191289, 59.47701008554953 ], [ -64.565236961435673, 59.485681191505797 ], [ -64.554326006576943, 59.491154805310742 ], [ -64.532206665084615, 59.499351101016764 ], [ -64.512631470623276, 59.498959336655979 ], [ -64.497064714874597, 59.503706414408782 ], [ -64.496896883408596, 59.506263095614443 ], [ -64.515371239918508, 59.516622142745028 ], [ -64.498991610575942, 59.523153801560348 ], [ -64.482020814759778, 59.519956014032054 ], [ -64.45635868546502, 59.524039341278204 ], [ -64.442025601959671, 59.534981934289185 ], [ -64.421653275599169, 59.535792387956462 ], [ -64.392737944235407, 59.526647741166961 ], [ -64.382050246216721, 59.520182255665347 ], [ -64.374793873938216, 59.522291179677751 ], [ -64.350445858690549, 59.518618437476356 ], [ -64.343454154376573, 59.51086963833086 ], [ -64.329311374178872, 59.513732167956825 ], [ -64.324059795624734, 59.51134245548846 ], [ -64.323745760931246, 59.505260506465689 ], [ -64.333778101396959, 59.498570807680863 ], [ -64.363894543801123, 59.496762036625867 ], [ -64.364586015563447, 59.48714943155079 ], [ -64.385450545080602, 59.484903657667779 ], [ -64.381259969582729, 59.477540580911601 ], [ -64.398661682614033, 59.475737065851789 ], [ -64.409207197819711, 59.479624987519628 ], [ -64.435542131712239, 59.463204850899814 ], [ -64.456862382391819, 59.4597067119211 ], [ -64.461546464500032, 59.456204336193096 ], [ -64.465079975764695, 59.446870896976208 ], [ -64.486832314315379, 59.445119394731599 ], [ -64.480763996424869, 59.442871442806108 ], [ -64.514299670163268, 59.422929070539141 ], [ -64.472447818644952, 59.419534648333908 ], [ -64.476084557819746, 59.415561937703231 ], [ -64.462464934797197, 59.411370382671187 ], [ -64.485921280911384, 59.410035513184987 ], [ -64.495239652938935, 59.403871610899593 ], [ -64.525076655799765, 59.399846098696599 ], [ -64.530627641093659, 59.391147247387288 ], [ -64.521552477208445, 59.386482104573496 ], [ -64.535274181525267, 59.375144887267219 ], [ -64.536857371837016, 59.370592308719239 ], [ -64.534191988052598, 59.36603676985051 ], [ -64.520525960901168, 59.362394129074652 ], [ -64.517816935863777, 59.356813494906604 ], [ -64.491650808759957, 59.34964565386101 ], [ -64.498044205102374, 59.340227806620554 ], [ -64.514718801023463, 59.333255587471193 ], [ -64.520173553992137, 59.318371703668078 ], [ -64.549792608695753, 59.319561270194676 ], [ -64.557678778143341, 59.316647079330487 ], [ -64.535330978615463, 59.303619138696888 ], [ -64.536352581939823, 59.296260696698894 ], [ -64.542398387400283, 59.290317579518238 ], [ -64.530241316531672, 59.285785017415215 ], [ -64.519077355138776, 59.288120986911778 ], [ -64.520488124870582, 59.28245034614816 ], [ -64.510870146479448, 59.279260515280257 ], [ -64.506599712837698, 59.274175687962092 ], [ -64.492818523359134, 59.273813230120211 ], [ -64.48904102157725, 59.270897500308436 ], [ -64.49209348709762, 59.265198580738264 ], [ -64.490993689601453, 59.259647541048118 ], [ -64.498830971468593, 59.255313941725866 ], [ -64.497349682624005, 59.249510513576823 ], [ -64.504046905363708, 59.246308380141727 ], [ -64.511410952214845, 59.23520264864932 ], [ -64.5061603232311, 59.22767371490017 ], [ -64.534938451508737, 59.220531466188653 ], [ -64.519307850735274, 59.216398463949496 ], [ -64.522440954372314, 59.208197002268605 ], [ -64.493713275015907, 59.196668400478217 ], [ -64.482687359657874, 59.187972650964866 ], [ -64.47574415178353, 59.187725458446153 ], [ -64.476037578444164, 59.183785056245476 ], [ -64.471137240741797, 59.179503037084523 ], [ -64.479637109554787, 59.17069551001628 ], [ -64.474446203423113, 59.163835138850636 ], [ -64.475245656669301, 59.157751862102728 ], [ -64.482938981666408, 59.149028300388714 ], [ -64.48063330787123, 59.140695266066693 ], [ -64.48908188370612, 59.13883669364138 ], [ -64.492248748307659, 59.133722136095329 ], [ -64.482515792139097, 59.11624765021346 ], [ -64.490552660311351, 59.109415330933714 ], [ -64.489491009168901, 59.103252778147969 ], [ -64.478873352674114, 59.098582076508002 ], [ -64.452409174586251, 59.100417929943234 ], [ -64.435376343353354, 59.107143286196006 ], [ -64.432208578055963, 59.102834361034674 ], [ -64.435295532980291, 59.087948993099118 ], [ -64.421689948494731, 59.086304358527663 ], [ -64.419792581789309, 59.078838009375502 ], [ -64.411065548952905, 59.083471458403153 ], [ -64.407464637894421, 59.089054701192289 ], [ -64.381488339958167, 59.092669446786999 ], [ -64.381440589738105, 59.097724736219689 ], [ -64.368733104368417, 59.098552542014161 ], [ -64.365658643131539, 59.093283005220833 ], [ -64.368451785168816, 59.086779346196238 ], [ -64.359368800945063, 59.079279484542631 ], [ -64.363843113470566, 59.068804663146125 ], [ -64.337625826523848, 59.071635724153566 ], [ -64.315904947388134, 59.068913624346372 ], [ -64.305822420423638, 59.06047093969832 ], [ -64.301738143568429, 59.043942374762999 ], [ -64.277914369225371, 59.036084296561413 ], [ -64.278362883256605, 59.025500359281956 ], [ -64.266473111913214, 59.018917193356856 ], [ -64.265242737980188, 59.014640922820504 ], [ -64.268000601082448, 59.010473760136058 ], [ -64.280827979083497, 59.00507861845491 ], [ -64.332199912818282, 59.003278373372545 ], [ -64.350223768743376, 58.996635204539736 ], [ -64.354307457991808, 59.004726388050273 ], [ -64.374526324608894, 59.008641867322325 ], [ -64.377380842158686, 59.002498929056557 ], [ -64.392794885560036, 59.005665388321432 ], [ -64.399550938197009, 58.999996544831525 ], [ -64.432237585715711, 58.99577385681166 ], [ -64.448578497508379, 58.985471989042672 ], [ -64.46307893477298, 58.983274786078901 ], [ -64.475405194064024, 58.98624787871772 ], [ -64.477046982171203, 58.993503775514299 ], [ -64.469650319941408, 58.996142522808505 ], [ -64.468741193197104, 59.002419989806569 ], [ -64.47938521099357, 59.003634966452275 ], [ -64.481714961142046, 59.008531614957782 ], [ -64.490416815361954, 59.0113067294484 ], [ -64.492582055485656, 59.016417517534258 ], [ -64.515515079099018, 59.019142890945105 ], [ -64.511584378204944, 59.014637997266426 ], [ -64.514131056048839, 59.005499022195927 ], [ -64.540413207046143, 59.003251165837291 ], [ -64.544528686921524, 59.01177687884703 ], [ -64.561146892609003, 59.015746727055621 ], [ -64.576586722147596, 59.039138918437779 ], [ -64.599338328008642, 59.037528430764681 ], [ -64.60799738575831, 59.044361806311599 ], [ -64.670664569972388, 59.038811640072097 ], [ -64.67681079660538, 59.043284035744954 ], [ -64.68263713830207, 59.066616481202075 ], [ -64.68100509988048, 59.071755312430383 ], [ -64.684283638755502, 59.074139535736784 ], [ -64.727828901760674, 59.075028350989854 ], [ -64.735286206875315, 59.078749557408315 ], [ -64.73643954221366, 59.07186496235493 ], [ -64.742891415228343, 59.069727894955726 ], [ -64.755836422273433, 59.069917979749405 ], [ -64.763816501913681, 59.073584699134202 ], [ -64.769928515303661, 59.069979039294182 ], [ -64.781810785807778, 59.073561718682093 ], [ -64.784653397490501, 59.068887735806584 ], [ -64.793484985156766, 59.066478736881294 ], [ -64.811090147164563, 59.066782219126033 ], [ -64.816098534705361, 59.071587333968196 ], [ -64.828154048516524, 59.072031136817429 ], [ -64.824280183288352, 59.056168283020085 ], [ -64.826208059216171, 59.04322235729267 ], [ -64.838236739439807, 59.03091627036207 ], [ -64.830953424817665, 59.019555723959904 ], [ -64.861144524117591, 59.015922030889627 ], [ -64.868765354129252, 59.010836826203651 ], [ -64.870208210489096, 59.003783641237384 ], [ -64.866422150803047, 58.988608928060565 ], [ -64.850955125302548, 58.988834130099015 ], [ -64.840796097947717, 58.983056092499368 ], [ -64.83445689196958, 58.958056509276261 ], [ -64.841958867024545, 58.953170372223255 ], [ -64.888068530482883, 58.948864704661354 ], [ -64.890271058884679, 58.945948077870291 ], [ -64.888681211297879, 58.940774765835641 ], [ -64.862873879786306, 58.940416330190267 ], [ -64.857819533420212, 58.930639434863366 ], [ -64.833789295413538, 58.928615926605289 ], [ -64.830953470536826, 58.924413186453421 ], [ -64.832181438698683, 58.91969785456989 ], [ -64.817407082099166, 58.915053305305712 ], [ -64.780848806932028, 58.922108767890492 ], [ -64.762308207571792, 58.920441252513612 ], [ -64.745429769059328, 58.9332204171805 ], [ -64.747791663551695, 58.937055163861928 ], [ -64.75980494747175, 58.938281247731517 ], [ -64.732782929148712, 58.950197833019104 ], [ -64.650978512642766, 58.940634621351123 ], [ -64.627786621295556, 58.930883653486973 ], [ -64.627260948947111, 58.923140097821644 ], [ -64.616962521183169, 58.92013733992826 ], [ -64.612477426674928, 58.905468676259211 ], [ -64.563397984472545, 58.899719054866907 ], [ -64.554380703680124, 58.895026880364256 ], [ -64.548368549645687, 58.8856055152444 ], [ -64.526709404104892, 58.887440828613784 ], [ -64.517511571897515, 58.882501651403885 ], [ -64.495431051385808, 58.893438553035018 ], [ -64.485319879245907, 58.895112697553884 ], [ -64.473870215227819, 58.905195591376071 ], [ -64.460374042249072, 58.908358046867797 ], [ -64.449427055844907, 58.908276877752051 ], [ -64.441683380867588, 58.90457962767541 ], [ -64.424655016660168, 58.905028148489265 ], [ -64.422178504017253, 58.901632256158123 ], [ -64.423594517782419, 58.891521565178941 ], [ -64.416683284249601, 58.889327759650257 ], [ -64.405280667629185, 58.891195137488182 ], [ -64.401254534701152, 58.901138236509212 ], [ -64.386473628908405, 58.904051294345436 ], [ -64.372888783548262, 58.899219110633489 ], [ -64.36211538340622, 58.899244152433234 ], [ -64.353482353735885, 58.892972240206745 ], [ -64.337727480242535, 58.900083760656862 ], [ -64.305262500543293, 58.902023319564819 ], [ -64.290110281580297, 58.894968729783976 ], [ -64.291117841706011, 58.887940717217027 ], [ -64.279092742770558, 58.880191614081482 ], [ -64.259982165592945, 58.877246469205801 ], [ -64.250164750340005, 58.865966384483073 ], [ -64.239721717631923, 58.861048280919867 ], [ -64.238109049152371, 58.846604479803325 ], [ -64.228620625281664, 58.833380793142453 ], [ -64.23685848389745, 58.830026159576185 ], [ -64.236584090536795, 58.822602667746466 ], [ -64.226553961293661, 58.815745149282016 ], [ -64.243278568779658, 58.800995370185277 ], [ -64.234225343132294, 58.795191655202444 ], [ -64.231582445181829, 58.786606185593747 ], [ -64.224985059079614, 58.783158703969725 ], [ -64.205026678337546, 58.781354906394569 ], [ -64.175613588490052, 58.788048487373693 ], [ -64.172087452786954, 58.774300970271895 ], [ -64.157891921293341, 58.756631575137995 ], [ -64.146490721185231, 58.748412128462135 ], [ -64.120135550821431, 58.749436226968079 ], [ -64.109872788531064, 58.758494795793276 ], [ -64.08671594856223, 58.759100630600855 ], [ -64.077534532781925, 58.762746732692591 ], [ -64.070949916308138, 58.772496807273434 ], [ -64.074403308055651, 58.782718639699688 ], [ -64.050630589945044, 58.787246497584086 ], [ -64.041432902917265, 58.793433716294764 ], [ -64.040730970357913, 58.798938461453709 ], [ -64.044934260092759, 58.806380263192828 ], [ -64.040875819005009, 58.81085668473245 ], [ -64.013383020136345, 58.815962657785953 ], [ -63.998991958140437, 58.814461518111671 ], [ -63.973822524631032, 58.831548756310248 ], [ -63.967905880974186, 58.826933985200796 ], [ -63.948734679679212, 58.827823838045063 ], [ -63.899066252007351, 58.839328789908556 ], [ -63.894605031699875, 58.836520352679401 ], [ -63.864371906263372, 58.833911804218516 ], [ -63.843680717018266, 58.842494356831629 ], [ -63.843371998104665, 58.847359096855392 ], [ -63.839346542742781, 58.849578214396843 ], [ -63.82091941557281, 58.84688579961589 ], [ -63.807677860591397, 58.848579147122585 ], [ -63.797313777117282, 58.856771655729588 ], [ -63.799164462149342, 58.866358740408806 ], [ -63.783732006736237, 58.870132207501932 ], [ -63.780888961596922, 58.879716181347952 ], [ -63.785200465024339, 58.883909006076351 ], [ -63.770923161622925, 58.884610339329036 ], [ -63.762432075759058, 58.879102252906705 ], [ -63.746611771552303, 58.882130878572369 ], [ -63.731010396530721, 58.878989379149722 ], [ -63.722231394946292, 58.879988468853028 ], [ -63.712394499419837, 58.887491457407606 ], [ -63.681311317674137, 58.880878518253304 ], [ -63.679057638218175, 58.864325668394841 ], [ -63.671010724716211, 58.859766618924368 ], [ -63.65992611305564, 58.858879052901706 ], [ -63.657036845350923, 58.853770034087724 ], [ -63.639839134751959, 58.85143351670834 ], [ -63.61368992984238, 58.854191604486019 ], [ -63.580786802156162, 58.852462787984997 ], [ -63.570525218213689, 58.84637883945728 ], [ -63.564786304682094, 58.837766449735035 ], [ -63.5478005452077, 58.832077815401426 ], [ -63.548440954745296, 58.827906207235003 ], [ -63.542691012240702, 58.82129874283693 ], [ -63.528578778455461, 58.815493277335356 ], [ -63.527164062468728, 58.811293827458705 ], [ -63.523081047030203, 58.810823894669475 ], [ -63.523312218223488, 58.806987768006593 ], [ -63.504774553082648, 58.794406649174199 ], [ -63.493973921111746, 58.779766118394825 ], [ -63.489578170867382, 58.767457364712762 ], [ -63.466466388843692, 58.763653276094182 ], [ -63.471118469545175, 58.75904696652205 ], [ -63.499610784662956, 58.754765190068568 ], [ -63.497920516355421, 58.746014149318988 ], [ -63.504170547882538, 58.741795977986897 ], [ -63.550891667706253, 58.737985129372234 ], [ -63.556371715809341, 58.734491520815453 ], [ -63.557204690811645, 58.728266288244754 ], [ -63.584314350370498, 58.732292841348432 ], [ -63.632785113865353, 58.719484700862701 ], [ -63.658015716689285, 58.725822576106523 ], [ -63.681336372589691, 58.717269994694888 ], [ -63.698953389859568, 58.720047368111885 ], [ -63.715173095400907, 58.70704727050078 ], [ -63.747073853837904, 58.717491824751903 ], [ -63.786796588994243, 58.704601023320642 ], [ -63.80087516681386, 58.707403915966758 ], [ -63.80721202756024, 58.712682480695349 ], [ -63.835039074498653, 58.711325392444863 ], [ -63.838732466163009, 58.707323453291302 ], [ -63.854767934829503, 58.707354065460812 ], [ -63.864036857222644, 58.70399061837292 ], [ -63.888543511502412, 58.710965801097707 ], [ -63.921642726422391, 58.705848576734923 ], [ -63.926565545407875, 58.698933240329026 ], [ -63.934914072309617, 58.698771859570833 ], [ -63.949112489813743, 58.689354082696909 ], [ -63.960679777460527, 58.693629366806157 ], [ -63.980119780613258, 58.690964805112365 ], [ -63.996980221877024, 58.692932757142536 ], [ -64.034738044325522, 58.703744716430684 ], [ -64.043174177654848, 58.701742072980366 ], [ -64.048176360955111, 58.690715598633361 ], [ -64.079657478981702, 58.663625933464004 ], [ -64.080632715947516, 58.648403064194277 ], [ -64.093179381956261, 58.641319219280049 ], [ -64.106327603935142, 58.638298522856502 ], [ -64.122808042352844, 58.619793766538109 ], [ -64.145838279229423, 58.606243193416319 ], [ -64.13761474870104, 58.599549175819106 ], [ -64.116799496359718, 58.595102269573147 ], [ -64.106440230749214, 58.59596126620724 ], [ -64.090628574226571, 58.589323568958427 ], [ -64.11418816201936, 58.579520846135701 ], [ -64.102105649132525, 58.56260318327638 ], [ -64.088601013477231, 58.559018439361729 ], [ -64.076910246687987, 58.540016793780495 ], [ -64.05998903991555, 58.53935252628991 ], [ -64.04331828390076, 58.526239670180466 ], [ -64.033656824324467, 58.522849548795122 ], [ -64.019344536835334, 58.533344750287633 ], [ -63.994177398915234, 58.526851028102286 ], [ -63.952233209517914, 58.53818308993111 ], [ -63.945795066104147, 58.551046683567115 ], [ -63.932978477257087, 58.552766401281175 ], [ -63.921706772027179, 58.561599942775253 ], [ -63.915487218286451, 58.572489671074727 ], [ -63.894734562148102, 58.574540572891991 ], [ -63.879341196513508, 58.56562984203525 ], [ -63.866209567556226, 58.567905947424677 ], [ -63.866538265577354, 58.555542024224721 ], [ -63.856826693437284, 58.551517929911078 ], [ -63.851625857043302, 58.543240814240242 ], [ -63.858817878113278, 58.521738747873393 ], [ -63.853288424842219, 58.502570911653095 ], [ -63.8448335338039, 58.499039628432868 ], [ -63.813212189195035, 58.498986393717111 ], [ -63.810243628361881, 58.484205077135272 ], [ -63.827985237116515, 58.470870131063947 ], [ -63.830134171793432, 58.464676501005101 ], [ -63.844434504885449, 58.456426080549534 ], [ -63.84984939736907, 58.443624096497274 ], [ -63.864798563436445, 58.439788542167598 ], [ -63.882018156652556, 58.440676324249743 ], [ -63.886885433813987, 58.433621246841753 ], [ -63.899356903579125, 58.434069923943106 ], [ -63.912418311970455, 58.445374817600097 ], [ -63.964972414623603, 58.44018220004746 ], [ -63.977106013519666, 58.444265152619053 ], [ -63.985311164098441, 58.443239438496263 ], [ -63.986588556201355, 58.438512735571805 ], [ -63.994116418594686, 58.435899495045319 ], [ -63.995555366991695, 58.428958202154817 ], [ -64.011195745575321, 58.426234533271796 ], [ -64.012088141929141, 58.415455351217659 ], [ -64.019584629137611, 58.405042309235888 ], [ -64.028228397752926, 58.400987147724948 ], [ -64.031513822168264, 58.383320251246651 ], [ -64.027668324605798, 58.369646417180036 ], [ -64.029733907563411, 58.364570009137935 ], [ -64.060335096699092, 58.366452307186073 ], [ -64.104360961691626, 58.374152677126744 ], [ -64.121230926733475, 58.362766688615409 ], [ -64.150997713261773, 58.371234772443124 ], [ -64.166406266889766, 58.366148986764891 ], [ -64.171044550245227, 58.359208579328197 ], [ -64.16952687627969, 58.342869760530512 ], [ -64.173777773001532, 58.338373944118217 ], [ -64.181309214902143, 58.33668203210749 ], [ -64.173117355232307, 58.327292029300075 ], [ -64.179079458471406, 58.322234901590008 ], [ -64.179058655643843, 58.309035267166443 ], [ -64.183480105059616, 58.309759322348782 ], [ -64.189643140960627, 58.318149814709955 ], [ -64.195280871515408, 58.31368194167284 ], [ -64.192536094230718, 58.305843705704767 ], [ -64.197449525042288, 58.288208336275133 ], [ -64.181402409307083, 58.283595461575651 ], [ -64.205041522415641, 58.27756723949306 ], [ -64.201241954998466, 58.269120202165311 ], [ -64.213485530941171, 58.2639836569602 ], [ -64.219148747013335, 58.246764097186983 ], [ -64.244883590851714, 58.236783844560286 ], [ -64.257908823921511, 58.223510089603899 ], [ -64.334438800871865, 58.216674774157234 ], [ -64.36994038704951, 58.209203914048892 ], [ -64.386635053177528, 58.201063878405527 ], [ -64.423610034364913, 58.202704487423247 ], [ -64.434441871656006, 58.198815778110557 ], [ -64.434701287562703, 58.196674269320006 ], [ -64.422699817367217, 58.193452669282458 ], [ -64.418189370871858, 58.181121514197514 ], [ -64.422226025552831, 58.171978275460148 ], [ -64.420995334105243, 58.165679684057679 ], [ -64.427160044907751, 58.1587332942998 ], [ -64.428274932076746, 58.149618696428909 ], [ -64.424308514971145, 58.141151560895189 ], [ -64.437967228315273, 58.138512435436489 ], [ -64.443106725731226, 58.131897907420374 ], [ -64.438529395020851, 58.113566729622704 ], [ -64.431272097188028, 58.10800946921394 ], [ -64.432501648607996, 58.098649828646145 ], [ -64.424730414777983, 58.095287567025089 ], [ -64.425968377597556, 58.088567300516232 ], [ -64.421081165646214, 58.08284344855619 ], [ -64.436750169352464, 58.078315073814331 ], [ -64.431313389262371, 58.068787532617854 ], [ -64.407368636863453, 58.062844186380431 ], [ -64.3848410971313, 58.070701803088504 ], [ -64.34911514177719, 58.069342299085314 ], [ -64.344799954285079, 58.06406228865994 ], [ -64.313125249861145, 58.058510131286035 ], [ -64.301901602224575, 58.046365131587201 ], [ -64.283755313687323, 58.045510080864616 ], [ -64.27853428420066, 58.047120716500828 ], [ -64.271239547887987, 58.06050526480459 ], [ -64.261405742071474, 58.065644951304073 ], [ -64.254651908430617, 58.041197129938347 ], [ -64.240206486106104, 58.041254135126259 ], [ -64.219970285772774, 58.034893100286325 ], [ -64.238230947389923, 58.029451467371473 ], [ -64.242145131543523, 58.019114429987646 ], [ -64.233891723926121, 58.017120632290009 ], [ -64.227874717608032, 58.002391647057408 ], [ -64.230387919869401, 57.995587483906625 ], [ -64.225616029876107, 57.988369470723462 ], [ -64.216588059771539, 57.986254662733351 ], [ -64.213168799134465, 57.980702147149579 ], [ -64.197063735076355, 57.973091535004137 ], [ -64.193415946601434, 57.933001387772343 ], [ -64.184937520179901, 57.924753972997017 ], [ -64.161101196324452, 57.923172894574371 ], [ -64.159857300861717, 57.930028123404078 ], [ -64.16751443538493, 57.938972084458122 ], [ -64.163602951067162, 57.942785582954635 ], [ -64.141747589641923, 57.9425586961733 ], [ -64.126818997030909, 57.921367581373204 ], [ -64.111652032071973, 57.924279097789537 ], [ -64.094023475952639, 57.916529501562025 ], [ -64.090846079445143, 57.917312671306796 ], [ -64.087074325045506, 57.931424385303288 ], [ -64.058236622681704, 57.922839132284018 ], [ -64.049375612221468, 57.931172158505731 ], [ -64.046681763465813, 57.918754937269917 ], [ -64.036454146110657, 57.914724419301827 ], [ -64.036845791059378, 57.909978832412648 ], [ -64.020336748912101, 57.910892813940357 ], [ -64.009025086849391, 57.905422832810849 ], [ -63.990990125103643, 57.915253638120454 ], [ -63.975909285336016, 57.911530774986133 ], [ -63.969295945358418, 57.903832573427763 ], [ -63.947321599406557, 57.904864740280672 ], [ -63.939457854305623, 57.892030949643882 ], [ -63.921329705725704, 57.899055561068501 ], [ -63.91753946341256, 57.908527575917567 ], [ -63.91249723656334, 57.912305887853485 ], [ -63.899751483431174, 57.91285905713157 ], [ -63.897084713720623, 57.905252788280009 ], [ -63.901851834621681, 57.898864987572878 ], [ -63.903445359225344, 57.882338153393405 ], [ -63.899574368746478, 57.872444914801946 ], [ -63.900959149560592, 57.856866490995088 ], [ -63.889499872259691, 57.846109224797459 ], [ -63.887522739554818, 57.838166653289662 ], [ -63.905328483324439, 57.831947321681035 ], [ -63.907888782063615, 57.828143948287675 ], [ -63.895165861103756, 57.818884825221225 ], [ -63.888704696971779, 57.800416104021707 ], [ -63.909896386586333, 57.796247101792737 ], [ -63.90053997470816, 57.776669599455978 ], [ -63.90509393104464, 57.75380188459981 ], [ -63.89345712948613, 57.732579396688912 ], [ -63.883480617414847, 57.723245435833114 ], [ -63.883176094546755, 57.715582609274861 ], [ -63.868618436395643, 57.710214402067955 ], [ -63.846544623643936, 57.719557265704609 ], [ -63.822706326580054, 57.713298597481931 ], [ -63.822197560150386, 57.709611525378271 ], [ -63.816060660873354, 57.706862493505724 ], [ -63.817030361392703, 57.703717522939002 ], [ -63.812735468450136, 57.699973981037367 ], [ -63.814619048463783, 57.694161239256722 ], [ -63.810650069138148, 57.688913107439724 ], [ -63.779435284341737, 57.694443508519548 ], [ -63.774688353349894, 57.699306697863122 ], [ -63.780195536018368, 57.708500241411052 ], [ -63.780031849591353, 57.712327582279819 ], [ -63.77505349698469, 57.71421577253556 ], [ -63.778491793519201, 57.724607136599886 ], [ -63.761074472859427, 57.731049690665664 ], [ -63.754825926784171, 57.731550794658936 ], [ -63.751492093325467, 57.727829450409814 ], [ -63.753204149059904, 57.702136924272764 ], [ -63.749987204677005, 57.695801666277056 ], [ -63.743013210876207, 57.692382859603988 ], [ -63.739318077097501, 57.683859851408577 ], [ -63.737019859859359, 57.662249585101236 ], [ -63.742463648876601, 57.657915167965285 ], [ -63.756566341433015, 57.658519924724303 ], [ -63.765638227401915, 57.650552672078526 ], [ -63.770500349596873, 57.659472126331913 ], [ -63.794639526460152, 57.655138892182023 ], [ -63.811279478406576, 57.646109659687397 ], [ -63.824652495148356, 57.647466908083061 ], [ -63.82201049674913, 57.639248456777565 ], [ -63.824868450551641, 57.635190698248117 ], [ -63.812635937409318, 57.627241074249589 ], [ -63.810913243212838, 57.621742722645479 ], [ -63.824282993279276, 57.615881751310795 ], [ -63.849053864536621, 57.617967771595396 ], [ -63.834684447423939, 57.59641579947565 ], [ -63.839412403326179, 57.59265872837269 ], [ -63.838943116395342, 57.58960288705488 ], [ -63.829182556921467, 57.583659836603509 ], [ -63.834744091163785, 57.565883022404705 ], [ -63.805236113660115, 57.554938337086028 ], [ -63.794906498946133, 57.545939202364607 ], [ -63.786131944297011, 57.543328687752421 ], [ -63.768271030755706, 57.52693899304505 ], [ -63.768210934917967, 57.496852681308674 ], [ -63.755875784254357, 57.487742504653788 ], [ -63.766660928366662, 57.478105393059742 ], [ -63.759489548304742, 57.472071124611574 ], [ -63.76547025922396, 57.468601518497501 ], [ -63.763014132274968, 57.454573909152501 ], [ -63.756163426515229, 57.441072356992166 ], [ -63.747553068898711, 57.432939498256275 ], [ -63.736278475863543, 57.428410756315067 ], [ -63.740579791612788, 57.418018397569085 ], [ -63.732940025486322, 57.416047501655669 ], [ -63.722281149535497, 57.432744112122364 ], [ -63.715476136560099, 57.438077606872525 ], [ -63.710826030972051, 57.432772480989712 ], [ -63.710244101088072, 57.420210685159269 ], [ -63.717423518118814, 57.416519477890482 ], [ -63.718663740195176, 57.409296748750272 ], [ -63.728937209106761, 57.409625435876698 ], [ -63.722638064132418, 57.400435220098167 ], [ -63.710612718802018, 57.397133401324801 ], [ -63.709784001913413, 57.390432440435475 ], [ -63.713845213549774, 57.385022030476499 ], [ -63.698037248071742, 57.366985213214619 ], [ -63.705767735724137, 57.361657702169687 ], [ -63.729795339184562, 57.358709728826859 ], [ -63.73381696293567, 57.353847905119338 ], [ -63.754431386516607, 57.344792566943859 ], [ -63.755215968801586, 57.341431979974054 ], [ -63.763438745161288, 57.342600990439173 ], [ -63.773772345409085, 57.338130969387691 ], [ -63.782047173891272, 57.348961184079918 ], [ -63.794299201877699, 57.348598977925491 ], [ -63.79524062589406, 57.336349074536287 ], [ -63.807431994713447, 57.325434372878149 ], [ -63.812909644545577, 57.326490647911889 ], [ -63.824800879709848, 57.349765226902989 ], [ -63.842827171676284, 57.346930613222433 ], [ -63.847601216653679, 57.340321319174777 ], [ -63.844770288664797, 57.333684375520136 ], [ -63.857801482926547, 57.33012513165076 ], [ -63.862690634476941, 57.324826617448061 ], [ -63.863252699096563, 57.31154734712068 ], [ -63.867434322206911, 57.306679201365782 ], [ -63.865713179399563, 57.292847794803421 ], [ -63.876772254848731, 57.288632549230215 ], [ -63.879055442857585, 57.284491417022586 ], [ -63.877386031802828, 57.274740353588605 ], [ -63.881047301620079, 57.265903402237122 ], [ -63.873879833162817, 57.239212377043899 ], [ -63.866603796346553, 57.236293734046626 ], [ -63.865754214966962, 57.222789786375877 ], [ -63.871519640962475, 57.219572188345047 ], [ -63.885360775293655, 57.196682980245768 ], [ -63.871329509444017, 57.195987891278612 ], [ -63.862962905711093, 57.203101985013909 ], [ -63.841549517035425, 57.206129290049738 ], [ -63.844384742477772, 57.215124456515625 ], [ -63.840195202104958, 57.229513115395569 ], [ -63.828328276701718, 57.237486672040461 ], [ -63.819627862571949, 57.236352259848751 ], [ -63.818267219429387, 57.229928432913582 ], [ -63.809935523442277, 57.225768912153654 ], [ -63.786909020537635, 57.229269369411341 ], [ -63.774557852034043, 57.221205944662643 ], [ -63.764275874209943, 57.22112771399577 ], [ -63.759665547758679, 57.201872211068675 ], [ -63.766414654448738, 57.200346583722968 ], [ -63.770348538858151, 57.205818150741088 ], [ -63.775405936270467, 57.205738712778043 ], [ -63.77987895809607, 57.200679979130847 ], [ -63.787606620901286, 57.200040967506531 ], [ -63.796057912425077, 57.194543247944054 ], [ -63.792639792346392, 57.190872048319285 ], [ -63.791888965822828, 57.181601852070138 ], [ -63.781939892620379, 57.178043881360708 ], [ -63.785384745390225, 57.168316884567268 ], [ -63.773862900482655, 57.154899153915352 ], [ -63.778749593194597, 57.150427565218017 ], [ -63.766995060658751, 57.143346780133008 ], [ -63.772296188627166, 57.130818990876243 ], [ -63.781526293673345, 57.126156127288212 ], [ -63.779105024010121, 57.116925630028504 ], [ -63.771915809440763, 57.109982424495648 ], [ -63.77474727012612, 57.102040353138186 ], [ -63.778543177220257, 57.101790322431306 ], [ -63.78251055764246, 57.109959637771688 ], [ -63.791106277809455, 57.115264780511858 ], [ -63.804736164482115, 57.096404110594705 ], [ -63.812038516778308, 57.094757943532109 ], [ -63.810543054284558, 57.089071365208326 ], [ -63.820219699312467, 57.080734479335113 ], [ -63.831188759420904, 57.085430038270488 ], [ -63.845856786525921, 57.083988238205379 ], [ -63.847140783754114, 57.088153237292786 ], [ -63.861974857423959, 57.083124639928236 ], [ -63.868442057735074, 57.08714917496863 ], [ -63.885669933808188, 57.090208007804335 ], [ -63.887646374279853, 57.082263149586964 ], [ -63.90225857242676, 57.077371314529394 ], [ -63.903616025677358, 57.067816479705272 ], [ -63.895748921875033, 57.063981619921933 ], [ -63.896390667075472, 57.058014437431204 ], [ -63.888926008418913, 57.053234956898962 ], [ -63.891308213938714, 57.035540802297383 ], [ -63.88459241325392, 57.025429522062858 ], [ -63.889541276848483, 57.01967482554798 ], [ -63.88909265031716, 57.013677607558506 ], [ -63.873479210576889, 57.002458752046707 ], [ -63.862164569916324, 57.000124899301078 ], [ -63.861636275773613, 56.997487096520338 ], [ -63.865306717543156, 56.992673589866961 ], [ -63.873089948869172, 56.992175551899408 ], [ -63.881057428154101, 56.97776361720743 ], [ -63.905536454965528, 56.988707782221503 ], [ -63.912068992386715, 56.984568728523882 ], [ -63.915091383956266, 56.973374851205712 ], [ -63.901623448926067, 56.962792305441617 ], [ -63.910594699233641, 56.943589567660752 ], [ -63.910504979431522, 56.926119364176664 ], [ -63.904723335231779, 56.919872514323046 ], [ -63.885480926206732, 56.91267514353644 ], [ -63.870568932242918, 56.898454619133958 ], [ -63.910121722281843, 56.882457080230282 ], [ -63.910733668131037, 56.878345600004018 ], [ -63.914781778673749, 56.876642690643848 ], [ -63.930984260082433, 56.876089229464021 ], [ -63.947533847742925, 56.868927798766528 ], [ -63.959240872758592, 56.87283977415845 ], [ -63.964035741779007, 56.865811446558084 ], [ -63.999017262934366, 56.864088914910759 ], [ -64.008258585925844, 56.859312780039687 ], [ -64.015411784739698, 56.846812171878476 ], [ -64.006396435637313, 56.83848087951948 ], [ -64.010761484728434, 56.830951385177968 ], [ -64.00018881642886, 56.826316943323924 ], [ -64.008508589223069, 56.824759050306731 ], [ -64.007129544065947, 56.821789774692746 ], [ -64.009930084179032, 56.818980980273338 ], [ -64.004898871337645, 56.810649150621195 ], [ -64.003010016692556, 56.79345344395815 ], [ -64.00804247809279, 56.778226034217283 ], [ -64.050457524079619, 56.774531926123544 ], [ -64.066957669848719, 56.769010729123451 ], [ -64.087579258775691, 56.767479432245601 ], [ -64.087125066066562, 56.76075729150373 ], [ -64.077325395928938, 56.75586635196386 ], [ -64.074487369610253, 56.742483746103275 ], [ -64.07623912379799, 56.735872322238166 ], [ -64.083987003756505, 56.732586482000912 ], [ -64.088186879480375, 56.742288280874305 ], [ -64.099185823975716, 56.746116668023518 ], [ -64.105817335833081, 56.739675754752525 ], [ -64.106885006987881, 56.730507989721858 ], [ -64.121415801415566, 56.732454265206769 ], [ -64.11583168912307, 56.72381637936504 ], [ -64.117153354862438, 56.720480927677222 ], [ -64.129852384909071, 56.716118480050554 ], [ -64.143160033668281, 56.703483888693491 ], [ -64.131468962236553, 56.701088412172034 ], [ -64.128849589874562, 56.690447549610589 ], [ -64.113913128246821, 56.686534089020427 ], [ -64.117769243988306, 56.678336478027916 ], [ -64.095996861818278, 56.668612967686876 ], [ -64.099295303521785, 56.663037328571654 ], [ -64.090458144182023, 56.662752852387264 ], [ -64.101739634329604, 56.65569675929558 ], [ -64.073204787611843, 56.655254147098148 ], [ -64.057402959202662, 56.658892589847838 ], [ -64.012934813418511, 56.660777847690404 ], [ -64.016416618201703, 56.65684070816414 ], [ -64.024612825382562, 56.656612840248286 ], [ -64.019111285985701, 56.650116837275476 ], [ -64.027857744948506, 56.65091838517445 ], [ -64.037948027064829, 56.64364736156648 ], [ -64.033802163580262, 56.630728344457317 ], [ -64.041854558069886, 56.620002855130835 ], [ -64.058084818051398, 56.61425691484034 ], [ -64.042775036688866, 56.609534181048943 ], [ -64.038335726845503, 56.602861674920668 ], [ -64.038610337405601, 56.596309856888645 ], [ -64.032884059238839, 56.59592180250354 ], [ -64.027988573868171, 56.600201090094707 ], [ -64.02832378778389, 56.591167700765951 ], [ -64.018018916717239, 56.595784279073285 ], [ -64.005376264313455, 56.592836768994189 ], [ -63.999717121733468, 56.581362008851606 ], [ -63.986575909043836, 56.5736439208764 ], [ -63.986154603076614, 56.561699091913795 ], [ -63.943554565793555, 56.539837770457986 ], [ -63.94605441419057, 56.535304790113862 ], [ -63.937966212388488, 56.527247161991973 ], [ -63.943632794839246, 56.518585424132688 ], [ -63.941461168982023, 56.512780883716481 ], [ -63.943718521436097, 56.51017048798942 ], [ -63.940827098689134, 56.506944501320774 ], [ -63.944138723446507, 56.49544443101253 ], [ -63.936856188645265, 56.489469680653173 ], [ -63.936911046353522, 56.482531173884965 ], [ -63.932358732332226, 56.480915516394447 ], [ -63.932242205895854, 56.475412891148324 ], [ -63.924018105426192, 56.472915229170795 ], [ -63.92108248660228, 56.467529944046845 ], [ -63.914852940856427, 56.464833481598696 ], [ -63.885934886131452, 56.47252856985547 ], [ -63.882804656106551, 56.460914337649612 ], [ -63.869719262675225, 56.446836401461688 ], [ -63.879638158829664, 56.444083903879843 ], [ -63.874273806862156, 56.439551958276986 ], [ -63.875188868561203, 56.434638028629159 ], [ -63.8839137089278, 56.435940293585304 ], [ -63.888611066813326, 56.433135328137851 ], [ -63.900440603987391, 56.438137621333503 ], [ -63.909576825238709, 56.434305911004977 ], [ -63.907295856189151, 56.426969707059861 ], [ -63.938419554309732, 56.424553479197108 ], [ -63.988995985338711, 56.410838489348869 ], [ -64.004805729534667, 56.416610076501478 ], [ -64.036019181501317, 56.419060154083951 ], [ -64.097221700467045, 56.429970796692359 ], [ -64.10212999388834, 56.435641718135031 ], [ -64.098966242621103, 56.440834877650111 ], [ -64.104188968801125, 56.444699882196353 ], [ -64.123996685419925, 56.437530673626995 ], [ -64.129433292382842, 56.431808454516556 ], [ -64.156375927450469, 56.445114949449511 ], [ -64.163080918053822, 56.441610694345108 ], [ -64.159513575726038, 56.437478331310423 ], [ -64.163109339999167, 56.428248634620417 ], [ -64.183362926296212, 56.429695697953164 ], [ -64.176751380434396, 56.422664755039868 ], [ -64.148108625836571, 56.42027554104304 ], [ -64.143019169544232, 56.409582630269391 ], [ -64.146533705570107, 56.402835412919217 ], [ -64.122578614042126, 56.404441648431195 ], [ -64.103851008422396, 56.399949312158938 ], [ -64.108243009305582, 56.395253288372636 ], [ -64.097193039529927, 56.393722746579982 ], [ -64.108438672213339, 56.388364475399058 ], [ -64.113247787951281, 56.381449758458885 ], [ -64.139295980366327, 56.377027492440845 ], [ -64.14827184634197, 56.378672095958592 ], [ -64.143644465375957, 56.375305026328682 ], [ -64.147519541253942, 56.371637073166468 ], [ -64.128440901156836, 56.37527620932017 ], [ -64.12282163197581, 56.370948675551297 ], [ -64.124829061840231, 56.366862607308832 ], [ -64.097103674514429, 56.356969567154827 ], [ -64.095127251773377, 56.353614602649401 ], [ -64.105853741123056, 56.34556070384059 ], [ -64.097460838206771, 56.334749876818513 ], [ -64.090620968967272, 56.332113441495302 ], [ -64.099399684272612, 56.331276134991938 ], [ -64.100876261672298, 56.326749257463021 ], [ -64.114455238342174, 56.324475221279151 ], [ -64.12392808194079, 56.31716850457984 ], [ -64.146110002075559, 56.308830020059155 ], [ -64.149962520351252, 56.300829582520748 ], [ -64.127189345494415, 56.302529167318198 ], [ -64.116494968909691, 56.297529367913597 ], [ -64.075018075160173, 56.290170482966744 ], [ -64.079845095691525, 56.279609830941723 ], [ -64.092704832780981, 56.268643010850255 ], [ -64.122628272763222, 56.261164877267589 ], [ -64.090491637198724, 56.255774824959609 ], [ -64.016286003541467, 56.267861013365255 ], [ -63.992347608264538, 56.259664354929043 ], [ -63.973096667002551, 56.256802247310432 ], [ -63.941568485845117, 56.267272684215705 ], [ -63.934821300693926, 56.265140652309448 ], [ -63.927291161831057, 56.25157885671333 ], [ -63.91492632009345, 56.243250365662327 ], [ -63.913342814604256, 56.236243984548715 ], [ -63.909594090635075, 56.235249720870236 ], [ -63.906248355718816, 56.226694104688377 ], [ -63.916616531596034, 56.223913678594954 ], [ -63.915086084840446, 56.221715809156628 ], [ -63.903818420777768, 56.221271822030971 ], [ -63.876813107016723, 56.230162477070593 ], [ -63.871168401497265, 56.229215695403347 ], [ -63.866840315806535, 56.235301389409521 ], [ -63.860841758138747, 56.227776119876381 ], [ -63.870694872590029, 56.22379988839387 ], [ -63.864511255773856, 56.216908518924704 ], [ -63.858276364445778, 56.216185389673008 ], [ -63.859427578081089, 56.210610152661317 ], [ -63.86787327101792, 56.207498266849576 ], [ -63.87761782572656, 56.198415708598048 ], [ -63.945655952961772, 56.181603511213275 ], [ -63.950212014393351, 56.184443610556983 ], [ -64.014779849127564, 56.170219436204725 ], [ -64.021800439816332, 56.161250124298277 ], [ -64.030357910527613, 56.157634757932009 ], [ -64.031128573367624, 56.152665913179156 ], [ -64.042609741296033, 56.149247508145038 ], [ -64.027190351928866, 56.149159718284068 ], [ -64.024376857674966, 56.145720209533131 ], [ -64.032639344898215, 56.140522766143249 ], [ -64.010937299410372, 56.137743416429615 ], [ -64.002492006508035, 56.131882880374867 ], [ -64.011718056543913, 56.131802284787724 ], [ -64.01664401012377, 56.128306780223056 ], [ -64.005865268420479, 56.117884568850016 ], [ -64.009222883373212, 56.108576956061839 ], [ -64.018504513214737, 56.102666307122576 ], [ -64.01457962278451, 56.097384303181776 ], [ -64.017783216272036, 56.092939846368367 ], [ -64.051641409492049, 56.087967892890049 ], [ -64.060195778799539, 56.083547782515744 ], [ -64.059473585301802, 56.079770640396795 ], [ -64.05050122336516, 56.082138281462043 ], [ -64.038197674059319, 56.077690738837376 ], [ -64.031425305575183, 56.068218535177763 ], [ -64.035423988608756, 56.061692713998823 ], [ -64.012749355573945, 56.066407496162626 ], [ -64.010395223984503, 56.068660205061327 ], [ -64.016032446311229, 56.073525776187054 ], [ -64.009474785612028, 56.076076532925114 ], [ -63.977214033898953, 56.065551281460451 ], [ -63.963806159816933, 56.065080190746436 ], [ -63.954354348063539, 56.05563720483751 ], [ -63.946882412685802, 56.05582559393158 ], [ -63.93974000304366, 56.059105744312141 ], [ -63.938510636869644, 56.070220222673711 ], [ -63.931121158491223, 56.068324759751789 ], [ -63.934625897276689, 56.071636588729284 ], [ -63.930072514149856, 56.079714572561372 ], [ -63.915463139761272, 56.080496383076969 ], [ -63.917957519512456, 56.088910955060946 ], [ -63.907156847074425, 56.093634358692782 ], [ -63.889064155026233, 56.091137228592409 ], [ -63.890676016047294, 56.087880692520258 ], [ -63.882337673285527, 56.083246388288423 ], [ -63.880176480100474, 56.07499631110656 ], [ -63.87159527368658, 56.071518482935367 ], [ -63.847676977542164, 56.083413580414842 ], [ -63.834259296103021, 56.085301169418614 ], [ -63.826254586568616, 56.08260566600687 ], [ -63.82620918160552, 56.07635883253365 ], [ -63.820183117602255, 56.072885027507652 ], [ -63.83265011779153, 56.056573533874371 ], [ -63.827285324296312, 56.05374543825976 ], [ -63.839488096553573, 56.048690228901847 ], [ -63.797993067139352, 56.050553185088042 ], [ -63.782825507087338, 56.056328029050349 ], [ -63.763185950988614, 56.058936135698666 ], [ -63.754857038363006, 56.063911354517728 ], [ -63.747219606804748, 56.062913097012014 ], [ -63.730605348019076, 56.068017621996347 ], [ -63.726580875275872, 56.065327267434974 ], [ -63.706926141055391, 56.065240564881968 ], [ -63.709348703013546, 56.061658110322533 ], [ -63.703014807905639, 56.059271228578147 ], [ -63.691570446889109, 56.060967695463148 ], [ -63.681563910690478, 56.056020026754894 ], [ -63.669598259764243, 56.039576130920651 ], [ -63.683572391701276, 56.03571292331624 ], [ -63.670121304810905, 56.035799182760208 ], [ -63.671423057686049, 56.029549808698413 ], [ -63.692925746744876, 56.02723708306204 ], [ -63.688456603711728, 56.025550850075319 ], [ -63.651818780091645, 56.026521410722133 ], [ -63.641059789017817, 56.0297718616157 ], [ -63.633988247058838, 56.023598853362088 ], [ -63.623646431346167, 56.032855133322762 ], [ -63.615086951924965, 56.034465486099144 ], [ -63.616426220904629, 56.03027062322856 ], [ -63.610617812622635, 56.029876233793004 ], [ -63.609261561621089, 56.02612752338684 ], [ -63.601344736142345, 56.024821784515559 ], [ -63.583752174421647, 56.028766144721509 ], [ -63.580979150086044, 56.027155515001418 ], [ -63.583698917138697, 56.025264937920106 ], [ -63.575859026920355, 56.023015681903146 ], [ -63.563505895652206, 56.031879626037203 ], [ -63.533055965149543, 56.033600738945701 ], [ -63.530942822101174, 56.038962531394134 ], [ -63.514844543593, 56.039462534185027 ], [ -63.5044187394586, 56.044744779992371 ], [ -63.492173701638748, 56.041461154701018 ], [ -63.491641038028185, 56.038016646580679 ], [ -63.483419889684328, 56.035350900788593 ], [ -63.469607927314321, 56.037382165619107 ], [ -63.445504093685557, 56.03254684045374 ], [ -63.450277239373392, 56.027044890683804 ], [ -63.445972981151364, 56.024018194599755 ], [ -63.458305621276459, 56.021214383598974 ], [ -63.461085526380792, 56.01171492332459 ], [ -63.481493052184476, 56.012488921247915 ], [ -63.491891511640112, 56.006627769084346 ], [ -63.482938910933186, 56.006818246429198 ], [ -63.467575309654251, 55.998652266748287 ], [ -63.474101793321168, 55.989428260132819 ], [ -63.486276438512519, 55.988543491294706 ], [ -63.504451018054823, 55.997179684845342 ], [ -63.508860078029443, 56.003547367753391 ], [ -63.520468869474641, 56.001462748717429 ], [ -63.525078028342506, 56.005242167449083 ], [ -63.561205625019205, 56.00398776745854 ], [ -63.56520245501369, 56.001542165855227 ], [ -63.56397133888489, 55.99677082588483 ], [ -63.578559695817447, 55.99090342037821 ], [ -63.589968787992909, 55.988491471193086 ], [ -63.6008123262475, 55.990326893749717 ], [ -63.606388123742732, 55.982794985407899 ], [ -63.620343870105202, 55.974018574757288 ], [ -63.623944487667004, 55.967428980211182 ], [ -63.636675842233394, 55.965378721495284 ], [ -63.664335050026587, 55.970684447441215 ], [ -63.671124641237455, 55.964545037166488 ], [ -63.684762556300761, 55.960960788990043 ], [ -63.680878889264989, 55.956631466388025 ], [ -63.685930511360503, 55.95384757625132 ], [ -63.681710282429172, 55.949324124788568 ], [ -63.692509812723529, 55.948018316207055 ], [ -63.706796236701443, 55.952155956773218 ], [ -63.714759730811046, 55.949906375597351 ], [ -63.71728777751769, 55.947513552772314 ], [ -63.711850625692691, 55.940070564156144 ], [ -63.725380694006084, 55.930791633877732 ], [ -63.758825199511655, 55.936353723691298 ], [ -63.773973764076608, 55.931767325856732 ], [ -63.796904903385602, 55.929960894247174 ], [ -63.81408559705114, 55.92034832903898 ], [ -63.816910689439304, 55.912826646643282 ], [ -63.829239033718999, 55.909071927142541 ], [ -63.826942201554253, 55.897462881465309 ], [ -63.844271627443227, 55.888549257144305 ], [ -63.840472354050156, 55.880326900031491 ], [ -63.825187493041497, 55.873488453147097 ], [ -63.82599686672183, 55.87004368224229 ], [ -63.812043804299925, 55.859271872082033 ], [ -63.794856788343864, 55.860019241565325 ], [ -63.782262465198933, 55.854207808835625 ], [ -63.775555625050352, 55.855937877926458 ], [ -63.775524589074131, 55.85084791011689 ], [ -63.764247346834672, 55.846182712513112 ], [ -63.76549655375279, 55.843346730708284 ], [ -63.787214212912097, 55.837960775807019 ], [ -63.798910374850557, 55.840599434899197 ], [ -63.822304857805001, 55.838319460905332 ], [ -63.816021475938044, 55.830215354070077 ], [ -63.826578382768155, 55.828933717223137 ], [ -63.827385113689111, 55.819381523735522 ], [ -63.835606120666647, 55.815431303962505 ], [ -63.834823039888633, 55.812021470113379 ], [ -63.828235557304694, 55.80962594155632 ], [ -63.831995751639418, 55.804492183978056 ], [ -63.790127929145406, 55.805934466021732 ], [ -63.778855239786765, 55.811242942439627 ], [ -63.772149789767248, 55.809687391367838 ], [ -63.769774093690479, 55.80823978329807 ], [ -63.773876346299936, 55.799882015975129 ], [ -63.770939928253227, 55.795381479054981 ], [ -63.757879089542627, 55.797267030074636 ], [ -63.769637147760342, 55.789902003775907 ], [ -63.743706007335064, 55.786956744272878 ], [ -63.727848095234705, 55.779040749380584 ], [ -63.713624362561568, 55.78020835881518 ], [ -63.705563379608989, 55.785409403421184 ], [ -63.704908723506826, 55.790682747349884 ], [ -63.700512438804971, 55.788542011242903 ], [ -63.663736118098115, 55.791626879320177 ], [ -63.666596301122802, 55.786375071794488 ], [ -63.682239925692684, 55.777125057751739 ], [ -63.681158053387691, 55.771930540380822 ], [ -63.672122141738001, 55.765573086628336 ], [ -63.676376210130819, 55.758126243517474 ], [ -63.686713930345427, 55.754460963052388 ], [ -63.700635787299788, 55.756515476992085 ], [ -63.709549675095879, 55.754122332746682 ], [ -63.713994425248174, 55.749130618053144 ], [ -63.703384736427495, 55.748489097095863 ], [ -63.700714431588288, 55.744408620744629 ], [ -63.723404598394573, 55.73793632727763 ], [ -63.719219459751187, 55.734706065202751 ], [ -63.694929766071105, 55.732906377840166 ], [ -63.697936081943368, 55.727463469766825 ], [ -63.730765249535025, 55.724905494813378 ], [ -63.70251364356286, 55.723182889837133 ], [ -63.726682130724924, 55.709685664905166 ], [ -63.720821953465581, 55.705905827610188 ], [ -63.725133354451927, 55.695654586881894 ], [ -63.721772380709638, 55.691346419957945 ], [ -63.730302324182112, 55.686906721898907 ], [ -63.724888108158865, 55.679627604837115 ], [ -63.738165624393481, 55.671512219187427 ], [ -63.749790687285746, 55.671126810334769 ], [ -63.753214411717842, 55.66534415218441 ], [ -63.747464987728151, 55.6629002374126 ], [ -63.760194105180673, 55.659876590569098 ], [ -63.766737896847808, 55.654235569731547 ], [ -63.749764500531001, 55.649651927775551 ], [ -63.731522816141428, 55.651268986215896 ], [ -63.718217015685809, 55.655121539341962 ], [ -63.71384922936128, 55.65943080031515 ], [ -63.675044865519183, 55.652879599347806 ], [ -63.642106194871737, 55.643348380274517 ], [ -63.642715845118744, 55.638739796721786 ], [ -63.648872457101803, 55.635954932085561 ], [ -63.654933829262511, 55.640739894787906 ], [ -63.660820015201764, 55.637316521120084 ], [ -63.671851269141868, 55.639759601049704 ], [ -63.682626703477297, 55.636151226445101 ], [ -63.67854569080049, 55.625651668508219 ], [ -63.685660088385298, 55.621015582433358 ], [ -63.686413194514614, 55.616484705620842 ], [ -63.68082092836228, 55.614876165479238 ], [ -63.676543999568707, 55.608458407517546 ], [ -63.657855680393467, 55.61062608629144 ], [ -63.654631794835716, 55.6066507933038 ], [ -63.670047238789941, 55.599730961548133 ], [ -63.671795056825744, 55.58629447125368 ], [ -63.680853560883129, 55.575180769768536 ], [ -63.663577549606522, 55.567736765113274 ], [ -63.672379913052573, 55.565538122499682 ], [ -63.669151070851257, 55.557372243442884 ], [ -63.653382463694399, 55.55587606188557 ], [ -63.659540361983822, 55.553099258366302 ], [ -63.658547150400366, 55.548987041695703 ], [ -63.665357031516102, 55.544425599167958 ], [ -63.667712360390922, 55.538735717069052 ], [ -63.69335127438535, 55.538733573723228 ], [ -63.697084596004082, 55.531981892107659 ], [ -63.691015153134181, 55.530152868463219 ], [ -63.688360881727462, 55.523452830334456 ], [ -63.696683600061888, 55.517960260600546 ], [ -63.691271674904755, 55.510844521863099 ], [ -63.705886073390168, 55.504285545447587 ], [ -63.715796817371675, 55.505764668611597 ], [ -63.72308216159302, 55.496709566444189 ], [ -63.745450926324672, 55.490899244268093 ], [ -63.755756543573412, 55.48365317909208 ], [ -63.771783042646369, 55.482514471359245 ], [ -63.780251476122068, 55.473654470921915 ], [ -63.797750669626332, 55.473626230714402 ], [ -63.790915773245885, 55.464259528849951 ], [ -63.778637332725516, 55.466431062010649 ], [ -63.773644426552657, 55.459954309586443 ], [ -63.758341873386151, 55.453564908248573 ], [ -63.745644563755334, 55.454927948379677 ], [ -63.736832162180995, 55.448040787746628 ], [ -63.733731131208707, 55.439951253177099 ], [ -63.714644157525299, 55.438207181309522 ], [ -63.697139035068886, 55.429313263795628 ], [ -63.673322880754789, 55.423561686016512 ], [ -63.658543606920517, 55.425006220509673 ], [ -63.651384664492106, 55.422569697036188 ], [ -63.63330156224535, 55.430291336498456 ], [ -63.6060222952188, 55.430005801881208 ], [ -63.575238790320782, 55.422423327259303 ], [ -63.56224310078958, 55.427205223549542 ], [ -63.547128633642977, 55.422568319905842 ], [ -63.534236826596022, 55.427370729024616 ], [ -63.525773853212073, 55.422200961562091 ], [ -63.526577936514904, 55.419423352835658 ], [ -63.493078546624751, 55.422929348940926 ], [ -63.483131757856206, 55.42681303272164 ], [ -63.475019983638603, 55.425536318152048 ], [ -63.47201673347422, 55.421645870851897 ], [ -63.449716725082205, 55.420450219576196 ], [ -63.449248019955348, 55.41255941455092 ], [ -63.432761572770737, 55.409623088558966 ], [ -63.434844860460856, 55.405789028929135 ], [ -63.428828075089307, 55.402116959574684 ], [ -63.41765532165811, 55.405981169561272 ], [ -63.410266620773356, 55.40506756448638 ], [ -63.409213528590321, 55.40798505693779 ], [ -63.395324841229254, 55.405982767334429 ], [ -63.38684386434133, 55.409475837532497 ], [ -63.371565616737016, 55.409594965807941 ], [ -63.361269215116124, 55.414982768562226 ], [ -63.346126135372451, 55.416670631903479 ], [ -63.333959065648187, 55.408621390799794 ], [ -63.31940681163239, 55.409226101385912 ], [ -63.326934090249502, 55.39986872941931 ], [ -63.326311191960912, 55.393649407697723 ], [ -63.332017738522666, 55.390532979130249 ], [ -63.329676775741241, 55.375482644052944 ], [ -63.322820271759781, 55.364205173348601 ], [ -63.340008892990063, 55.362586341816076 ], [ -63.348987591500887, 55.357949466311332 ], [ -63.370342925211979, 55.362174863102702 ], [ -63.398654040188049, 55.352034492246212 ], [ -63.443149593040964, 55.342926226040625 ], [ -63.490294717754566, 55.349841787152144 ], [ -63.528858250884554, 55.343228177240327 ], [ -63.543282223994602, 55.345116673837012 ], [ -63.562310214416982, 55.339703794112935 ], [ -63.5816049051218, 55.339398852084969 ], [ -63.582167140719591, 55.334372537648228 ], [ -63.597215689293229, 55.33111815560747 ], [ -63.592921216230224, 55.326478564007743 ], [ -63.594696266828748, 55.324309353546255 ], [ -63.588996986202901, 55.320283023471262 ], [ -63.530628729036728, 55.324641072017634 ], [ -63.525657056039627, 55.321451500162354 ], [ -63.528075212911368, 55.315478148432419 ], [ -63.520211460399118, 55.309698690726684 ], [ -63.5320156088979, 55.306733106673512 ], [ -63.541276901479968, 55.308035162035225 ], [ -63.550519515794313, 55.301368249719928 ], [ -63.561407731038258, 55.299590284614645 ], [ -63.582609177693541, 55.301781929764431 ], [ -63.617608140215943, 55.295225260314332 ], [ -63.644184315012161, 55.286260578061565 ], [ -63.641218330321152, 55.279592807989467 ], [ -63.654742775587259, 55.279452247756637 ], [ -63.663324068905403, 55.274705837935628 ], [ -63.675889227421578, 55.273703735190153 ], [ -63.683642481682888, 55.266949966944843 ], [ -63.670881740460793, 55.258677518687236 ], [ -63.656485912632881, 55.257088867588813 ], [ -63.649914381418505, 55.251421957581513 ], [ -63.596775421589108, 55.253260709751494 ], [ -63.605716428882275, 55.245618542020232 ], [ -63.624969402382355, 55.241531942307041 ], [ -63.614580718220864, 55.228786812882149 ], [ -63.597075474153264, 55.238311672216675 ], [ -63.583483640583708, 55.23619819496934 ], [ -63.56638536986236, 55.243726369015441 ], [ -63.541024918652006, 55.22583918869956 ], [ -63.505545561118623, 55.234864888590891 ], [ -63.498051582199196, 55.238224639450451 ], [ -63.49574611127904, 55.244168941806031 ], [ -63.489267286232909, 55.242674806467853 ], [ -63.4678254336268, 55.248425376180435 ], [ -63.462691752392132, 55.254088159467038 ], [ -63.440378262429491, 55.252502306813255 ], [ -63.408509163574067, 55.255641877589611 ], [ -63.399985604060277, 55.253676955167045 ], [ -63.39725295447473, 55.25008941982756 ], [ -63.422874439323621, 55.240975803569228 ], [ -63.41329683028458, 55.237815201657675 ], [ -63.416592706339728, 55.234835992896095 ], [ -63.416071770393025, 55.230365405421757 ], [ -63.426650688559654, 55.225676134040093 ], [ -63.420957177829841, 55.223035697524324 ], [ -63.425380317308509, 55.219620427362067 ], [ -63.422760546070293, 55.216835186993947 ], [ -63.429122935912794, 55.212279223056129 ], [ -63.441185351014056, 55.211338757627388 ], [ -63.453271547405777, 55.202453630226294 ], [ -63.490276007933225, 55.198667805324547 ], [ -63.49152685555427, 55.20236941387072 ], [ -63.500587600111039, 55.202342356241758 ], [ -63.509046302950175, 55.196641462149188 ], [ -63.553992458097312, 55.188946208025136 ], [ -63.55246654920402, 55.182503736323689 ], [ -63.555192856154022, 55.177231039124159 ], [ -63.550493345253265, 55.173034399620612 ], [ -63.530058130630486, 55.174144592642094 ], [ -63.525767406717726, 55.168033616043168 ], [ -63.545306134820159, 55.159696701964535 ], [ -63.575969687008403, 55.152363702985305 ], [ -63.574357832747616, 55.144674034559465 ], [ -63.566907950315617, 55.139002838916632 ], [ -63.597456113676465, 55.126310268094436 ], [ -63.581525234687355, 55.111780199504707 ], [ -63.581522867118203, 55.105785732230061 ], [ -63.592106403561928, 55.098141614387387 ], [ -63.612077643946748, 55.097394455187377 ], [ -63.621909419558385, 55.09370219828827 ], [ -63.620882374719301, 55.087756989621326 ], [ -63.60582054413301, 55.08125056977233 ], [ -63.610638349235508, 55.065867316334604 ], [ -63.573275914226663, 55.053056492838678 ], [ -63.576490462818633, 55.044888918307976 ], [ -63.566690502169706, 55.034171490369971 ], [ -63.569800643890176, 55.030249276438887 ], [ -63.597461166944782, 55.021168055037712 ], [ -63.600051631990972, 55.016942261647031 ], [ -63.597526023926029, 55.012338620245281 ], [ -63.585215822903599, 55.005421983037259 ], [ -63.554302946839542, 55.000114717125982 ], [ -66.259616797105394, 55.00010050920109 ], [ -66.260202578436548, 55.005687692172508 ], [ -66.286315237632891, 55.030878018230226 ], [ -66.301525572419422, 55.034654769377163 ], [ -66.310368950047092, 55.041023325206432 ], [ -66.318147800458902, 55.053270873645772 ], [ -66.333050948601212, 55.065963149744739 ], [ -66.414953359124524, 55.121855469821298 ], [ -66.416784520736087, 55.12732205096642 ], [ -66.426367651692274, 55.135743359261006 ], [ -66.433707556648656, 55.135519631261218 ], [ -66.44956860631568, 55.14438158428807 ], [ -66.470653799159436, 55.164802211905631 ], [ -66.490650471333282, 55.191882015389545 ], [ -66.489038468518416, 55.195078884556729 ], [ -66.493673520146487, 55.202686466633502 ], [ -66.509793337005334, 55.201275971218905 ], [ -66.506145213760391, 55.192382697887538 ], [ -66.514122592313882, 55.189350624624758 ], [ -66.522347553015635, 55.204884049071737 ], [ -66.546625038624839, 55.234523915480821 ], [ -66.55220390696374, 55.237665083023053 ], [ -66.558503526320692, 55.234355075122942 ], [ -66.568127839078173, 55.236277502509331 ], [ -66.58551066472819, 55.257328386354963 ], [ -66.608042649785347, 55.269190372349605 ], [ -66.615625753929677, 55.276829549994879 ], [ -66.625400592650251, 55.276334144147938 ], [ -66.617564415727415, 55.267466848660597 ], [ -66.618683029299319, 55.265327365975253 ], [ -66.63281312116645, 55.264413830375794 ], [ -66.640958950669599, 55.267408880202865 ], [ -66.645738717313321, 55.257581165408332 ], [ -66.656935990175754, 55.252471597962064 ], [ -66.67207493395577, 55.272221761452236 ], [ -66.698068457244347, 55.285607587523707 ], [ -66.703435180303813, 55.29596999179585 ], [ -66.694711006377588, 55.301384573052019 ], [ -66.705073083053449, 55.30996901112227 ], [ -66.704368215804848, 55.312913243835588 ], [ -66.720344895535092, 55.321801800475718 ], [ -66.729963219115504, 55.322444777445547 ], [ -66.734926193075054, 55.317553197629707 ], [ -66.740786924182672, 55.329832872049231 ], [ -66.763434211542872, 55.337333631957939 ], [ -66.778268770259345, 55.350967668466154 ], [ -66.787130140449491, 55.350947093956549 ], [ -66.791990184551608, 55.354915265280226 ], [ -66.796828035707875, 55.351667663518086 ], [ -66.806996543129358, 55.35691066422303 ], [ -66.808523645282165, 55.353772390584247 ], [ -67.233534893053104, 55.355082713663066 ], [ -67.224621144506585, 55.004081630684738 ], [ -67.247154608787071, 55.010720623012176 ], [ -67.250450240660726, 55.016411123446943 ], [ -67.287071828032396, 55.028301507522656 ], [ -67.267491933745546, 55.033936688564424 ], [ -67.270342042875185, 55.051716098175405 ], [ -67.264256850231618, 55.051832246519169 ], [ -67.256378028149214, 55.046800049459691 ], [ -67.259729456189007, 55.052159453685356 ], [ -67.251824215635381, 55.056075678658438 ], [ -67.252184564634575, 55.059777424812395 ], [ -67.268684528992964, 55.067742773608067 ], [ -67.273229140771264, 55.073464658723694 ], [ -67.287327095401494, 55.078354564097125 ], [ -67.291623618318241, 55.076245869465019 ], [ -67.309427720406418, 55.080610067138885 ], [ -67.329209896930962, 55.08860637671436 ], [ -67.345406838595281, 55.083333381888501 ], [ -67.3689593828949, 55.090300899720198 ], [ -67.371983426141327, 55.08547140084432 ], [ -67.384415821675219, 55.084357764356028 ], [ -67.389207848500661, 55.079053505289991 ], [ -67.402320215449535, 55.089861522349928 ], [ -67.412857764218202, 55.09369597817944 ], [ -67.420770522544373, 55.080215603667348 ], [ -67.440128469930329, 55.073805690244946 ], [ -67.433212896533277, 55.05930131191726 ], [ -67.442765003172681, 55.059135236897028 ], [ -67.45227502804336, 55.063776943151623 ], [ -67.461276649008596, 55.058612507086053 ], [ -67.461632549894318, 55.050249715362959 ], [ -67.464635336323028, 55.047469524587356 ], [ -67.44399992223444, 55.040743382272467 ], [ -67.433797875239122, 55.032857415919693 ], [ -67.42085070229885, 55.033527923204311 ], [ -67.424833045211813, 55.029161239433435 ], [ -67.439461858801664, 55.024105853683473 ], [ -67.435750165320499, 55.016333811875647 ], [ -67.440274135987181, 55.012744900678726 ], [ -67.437415576903078, 55.009022378588554 ], [ -67.428128675291063, 55.011744529823488 ], [ -67.418603143666658, 55.006270353536642 ], [ -67.413490397405795, 55.007135259424345 ], [ -67.417236721976181, 55.00013172045827 ], [ -70.029881135560458, 55.000134481322881 ], [ -70.029910139045455, 52.832620376140959 ], [ -70.050233911516827, 52.831314970600133 ], [ -70.055819951580446, 52.827246058813692 ], [ -70.053910649172195, 52.825176771541784 ], [ -70.059556514130335, 52.823248133439492 ], [ -70.087698707948547, 52.829117944375184 ], [ -70.099163750221905, 52.823412205724217 ], [ -70.100572678420193, 52.81871625342599 ], [ -70.110908196465786, 52.817928051190393 ], [ -70.126119741622119, 52.810665697231315 ], [ -70.124586564462362, 52.806671925379142 ], [ -70.113971398962278, 52.806413112752843 ], [ -70.115940706118849, 52.802110959508411 ], [ -70.155469149967672, 52.779669558705656 ], [ -70.153811706439754, 52.769897164570494 ], [ -70.156396409758543, 52.765037704693924 ], [ -70.154539841439785, 52.761930746347872 ], [ -70.139746147598586, 52.759251442426411 ], [ -70.1428840127451, 52.756201601254119 ], [ -70.140184158011834, 52.75227938147836 ], [ -70.123128501829598, 52.752288508861604 ], [ -70.143646994529092, 52.745313448456272 ], [ -70.145243369010927, 52.740904194520354 ], [ -70.160911996027835, 52.73385057479554 ], [ -70.17260233628987, 52.721748520477497 ], [ -70.188235496881205, 52.726376044527989 ], [ -70.203298290421429, 52.715107577470697 ], [ -70.219866638569073, 52.711469123106646 ], [ -70.222522053789021, 52.705129180623572 ], [ -70.201252919156488, 52.702673861681689 ], [ -70.198870922297345, 52.697542316370892 ], [ -70.20204802494743, 52.692008306606439 ], [ -70.196851388388708, 52.687043207460619 ], [ -70.198234803897591, 52.68291055908275 ], [ -70.190865411357962, 52.680215451746314 ], [ -70.192433206609493, 52.674316946924897 ], [ -70.184279000910863, 52.670215514364948 ], [ -70.184900608545831, 52.666756037697155 ], [ -70.180779497541437, 52.664691296401216 ], [ -70.186756378970657, 52.655560340254034 ], [ -70.197426945178393, 52.648660979445239 ], [ -70.20648606051239, 52.651703018992706 ], [ -70.206803801966956, 52.663280717142719 ], [ -70.225125373799202, 52.654485569133826 ], [ -70.227513623006658, 52.648476125723953 ], [ -70.224455280101679, 52.643876046526074 ], [ -70.229285913216614, 52.634268924450204 ], [ -70.211375627641075, 52.625006570568758 ], [ -70.201958717810399, 52.626913499871399 ], [ -70.192200227389549, 52.62095093913026 ], [ -70.175336797720163, 52.620195542975672 ], [ -70.174963195711726, 52.614971480646666 ], [ -70.165904770091061, 52.605582154894229 ], [ -70.173792491785704, 52.600821682501731 ], [ -70.190240576988145, 52.60241119874869 ], [ -70.200877925511747, 52.594382182099373 ], [ -70.200744862083383, 52.584156866778393 ], [ -70.223559285410801, 52.579546704538593 ], [ -70.236274459479006, 52.571422163535935 ], [ -70.241741752766458, 52.561901829011411 ], [ -70.226712900094313, 52.549991018797193 ], [ -70.21844559564984, 52.5555987923195 ], [ -70.207694144006439, 52.554953253117809 ], [ -70.207824357265338, 52.551153423207865 ], [ -70.202098275599326, 52.54617018780155 ], [ -70.205363581341658, 52.540015672648863 ], [ -70.177937277926972, 52.54090874959978 ], [ -70.188596224769782, 52.511977391274527 ], [ -70.195656770981429, 52.510703219104052 ], [ -70.210411790135353, 52.495315600682368 ], [ -70.210744885006861, 52.490841724478685 ], [ -70.215559355967358, 52.487392173474213 ], [ -70.217833028535011, 52.474058774852935 ], [ -70.231380802698837, 52.461752873114918 ], [ -70.241578847063693, 52.46145629066762 ], [ -70.259528721675053, 52.453567382346726 ], [ -70.26120285525991, 52.440781187233021 ], [ -70.284557926499019, 52.421635011550997 ], [ -70.273196994504687, 52.422171318525059 ], [ -70.273754132124168, 52.414397472023182 ], [ -70.269462438236133, 52.412595581680883 ], [ -70.25544727449244, 52.412813690710756 ], [ -70.23253256627082, 52.41867662467736 ], [ -70.235260216586482, 52.415766538370669 ], [ -70.23287701751606, 52.408204224030108 ], [ -70.251404812806214, 52.40227841568467 ], [ -70.251545886236215, 52.398629170849894 ], [ -70.267321408639432, 52.386511927753268 ], [ -70.260732939543004, 52.377012930064367 ], [ -70.261214248139183, 52.371337069068232 ], [ -70.26611514006666, 52.367793968611736 ], [ -70.264444165369525, 52.364893330736543 ], [ -70.274260549806058, 52.357753231302823 ], [ -70.287231099976808, 52.357294191483746 ], [ -70.298912204848889, 52.347323584212496 ], [ -70.343631522623497, 52.338306567887194 ], [ -70.369877778442444, 52.340302871148609 ], [ -70.383429501290522, 52.338075255609589 ], [ -70.402584273068257, 52.330393248220282 ], [ -70.412735068611099, 52.331436298161705 ], [ -70.433753609393392, 52.326820628126107 ], [ -70.453359843897189, 52.318860172992302 ], [ -70.454748738152432, 52.314220441571187 ], [ -70.465875938008466, 52.307651355698546 ], [ -70.476441730873049, 52.30649096134195 ], [ -70.494519671377745, 52.314698020861933 ], [ -70.504170623422553, 52.308848593214194 ], [ -70.518841911659493, 52.305929271365258 ], [ -70.522062492422478, 52.300956618446051 ], [ -70.539363973901487, 52.305922985425156 ], [ -70.549652541588017, 52.316441767885678 ], [ -70.563436082841534, 52.317689435275923 ], [ -70.580141772552594, 52.309032401763538 ], [ -70.58200185360397, 52.30452240148157 ], [ -70.596950376648408, 52.303349647470256 ], [ -70.603448527105499, 52.295552875991859 ], [ -70.621675008510479, 52.293688881750676 ], [ -70.647899835857345, 52.283217867124812 ], [ -70.666309009463191, 52.285390048327692 ], [ -70.678484477018316, 52.280025867478557 ], [ -70.698303519227878, 52.280651752598807 ], [ -70.702593145324627, 52.27510458265904 ], [ -70.715308541294618, 52.271024350099793 ], [ -70.730401814387633, 52.256455376248773 ], [ -70.756025247999091, 52.246824927105401 ], [ -70.769326360229542, 52.246358757715939 ], [ -70.772333309004779, 52.242617710224728 ], [ -70.778673611861009, 52.244390201292788 ], [ -70.797037931357067, 52.233988846384626 ], [ -70.806725780670135, 52.234258994425161 ], [ -70.813135545473912, 52.243400988249014 ], [ -70.825704876962277, 52.247919144134514 ], [ -70.807272747875459, 52.258575799196642 ], [ -70.804722865872378, 52.265048666199277 ], [ -70.807709017023029, 52.273835576262528 ], [ -70.81950172661935, 52.271069020952254 ], [ -70.834302888095294, 52.27567089053295 ], [ -70.853387374456346, 52.267095316938239 ], [ -70.862856581529741, 52.273388893797787 ], [ -70.876346448723638, 52.273268874094697 ], [ -70.883590955933983, 52.278382835664516 ], [ -70.892174989956487, 52.268431449290347 ], [ -70.901240247777579, 52.264752015352542 ], [ -70.913783411980063, 52.249801920400401 ], [ -70.926078143335005, 52.241928081593457 ], [ -70.955751877101775, 52.23775984902084 ], [ -70.959541870704868, 52.232996083642213 ], [ -70.967141317807688, 52.234659829334994 ], [ -70.989267296227624, 52.219806412203418 ], [ -70.999707391816472, 52.220539382134561 ], [ -71.003060388643092, 52.217490108498154 ], [ -71.016721897107601, 52.219954274607034 ], [ -71.034214518541631, 52.210555816614125 ], [ -71.077288797191997, 52.211467098820499 ], [ -71.096087100904867, 52.191034177937077 ], [ -71.093309593012165, 52.180664211715673 ], [ -71.105266303252805, 52.182891276845346 ], [ -71.123993153800853, 52.168992625237991 ], [ -71.141433340289751, 52.166350379504664 ], [ -71.141003486284745, 52.161260028395567 ], [ -71.149034347728701, 52.152557968316053 ], [ -71.161925299378311, 52.147819852953852 ], [ -71.146580828607838, 52.143987937869611 ], [ -71.16447814575092, 52.120025519829802 ], [ -71.174816190548469, 52.115578564823302 ], [ -71.188602724480688, 52.116282432961881 ], [ -71.197098096960744, 52.103607206787423 ], [ -71.199865196925558, 52.093157158586507 ], [ -71.223008487939495, 52.078535679040343 ], [ -71.237766335371973, 52.0738603974185 ], [ -71.243318942149742, 52.061874370564006 ], [ -71.258632607774516, 52.054840360424649 ], [ -71.263830147498624, 52.042873672287392 ], [ -71.268303737312692, 52.040406161525596 ], [ -71.266561470834731, 52.03670086371713 ], [ -71.2545272024051, 52.038186032284933 ], [ -71.240117048040517, 52.035082115111962 ], [ -71.208630560866695, 52.039337832243909 ], [ -71.224003798987155, 52.021658293455502 ], [ -71.250327250903965, 52.017890262678527 ], [ -71.261480636757469, 52.009685750435807 ], [ -71.27061163943182, 51.995032594565181 ], [ -71.288884424310226, 51.983926448626065 ], [ -71.293490728672097, 51.975902391837472 ], [ -71.30858730047909, 51.969599206278218 ], [ -71.312599825910112, 51.964478205682965 ], [ -71.310276771098188, 51.947608168400926 ], [ -71.319184148675362, 51.930026562755373 ], [ -71.326954292766786, 51.919293335604287 ], [ -71.338305560714971, 51.913698587993601 ], [ -71.346914683211594, 51.913408241107874 ], [ -71.352190949500766, 51.908092337911356 ], [ -71.352411583702221, 51.902051395546934 ], [ -71.362928184333157, 51.885803341482976 ], [ -71.365205980296906, 51.872685937384048 ], [ -71.378622380640891, 51.847842655788845 ], [ -71.405564856314371, 51.840209445643261 ], [ -71.418737381432436, 51.844206086744578 ], [ -71.434417104443227, 51.842876823154157 ], [ -71.468048298709334, 51.832622757637836 ], [ -71.485376366592007, 51.839264080399964 ], [ -71.501842932200034, 51.82757949247943 ], [ -71.5326418847105, 51.835019971081181 ], [ -71.54142541720293, 51.82398095684394 ], [ -71.550068677186474, 51.822078624463963 ], [ -71.557565455547831, 51.816178310343091 ], [ -71.57200794309432, 51.81324971791841 ], [ -71.575826208967683, 51.805627418701057 ], [ -71.574969258836589, 51.795002155109337 ], [ -71.570884999848232, 51.791419032474344 ], [ -71.558221299227256, 51.791892579595839 ], [ -71.553071762097673, 51.788403433527193 ], [ -71.565978717084946, 51.783026396058133 ], [ -71.564157813968961, 51.778706105869006 ], [ -71.57457537115036, 51.777344710028046 ], [ -71.58383094364892, 51.75886328965241 ], [ -71.581750605081893, 51.750623946509137 ], [ -71.577268631065678, 51.747619714965467 ], [ -71.57731900808696, 51.741211242103191 ], [ -71.59231004690065, 51.716847605028988 ], [ -71.602212140653037, 51.710068392799656 ], [ -71.610667569074167, 51.692931156291088 ], [ -71.601280179202476, 51.69212839913677 ], [ -71.602783829108077, 51.685268937888303 ], [ -71.597019347681609, 51.680828483904406 ], [ -71.607498642769798, 51.672129232117754 ], [ -71.610370126174359, 51.662603644738248 ], [ -71.597414780914704, 51.661083936845579 ], [ -71.599675284880433, 51.651844208850726 ], [ -71.593072416006564, 51.645098504297657 ], [ -71.591481993016316, 51.631958406227973 ], [ -71.601712454743591, 51.616045300722377 ], [ -71.596898190941843, 51.613082042789671 ], [ -71.59592731072776, 51.607322508822079 ], [ -71.598150226163867, 51.592229240365725 ], [ -71.595213902391677, 51.588443201459036 ], [ -71.582030646837524, 51.589428988543496 ], [ -71.576672278770232, 51.586445112310606 ], [ -71.586567227210836, 51.567527984589155 ], [ -71.582460929976065, 51.564017353021782 ], [ -71.583117307238936, 51.559896366922111 ], [ -71.589058901264536, 51.55270106169214 ], [ -71.588858757705168, 51.549292079399343 ], [ -71.583352561347112, 51.54606766027343 ], [ -71.58722214034232, 51.541574024261415 ], [ -71.572562761752536, 51.542371657224294 ], [ -71.57718892308236, 51.538560200216303 ], [ -71.573015639011942, 51.536413821830386 ], [ -71.571184939818338, 51.524029364727198 ], [ -71.581513571940121, 51.509406473505301 ], [ -71.581855857340884, 51.504086764314444 ], [ -71.62652205397994, 51.50524878050183 ], [ -71.640268780631601, 51.488132885675881 ], [ -71.645075263692362, 51.476431928245724 ], [ -71.658614990119972, 51.476287041810778 ], [ -71.668453677762301, 51.461913286236729 ], [ -71.67156677394334, 51.462517862198787 ], [ -71.686780721698256, 51.444236072781102 ], [ -71.706270045011905, 51.439909141943232 ], [ -71.712650630929474, 51.428237270500588 ], [ -71.698504640703788, 51.421814896626358 ], [ -71.69288122863027, 51.415831077232774 ], [ -71.685891379529579, 51.414723208663261 ], [ -71.690154967555188, 51.409752769757269 ], [ -71.685693512596103, 51.404569346900537 ], [ -71.686939002083946, 51.401184934236952 ], [ -71.698269644296715, 51.398021087923205 ], [ -71.705132140542005, 51.39070718008491 ], [ -71.711305737868756, 51.37578538740614 ], [ -71.719583612717514, 51.37133290140234 ], [ -71.724416033417256, 51.358827779892977 ], [ -71.738161476214216, 51.358149103130806 ], [ -71.742003939282071, 51.351350949677403 ], [ -71.751691448215738, 51.347970894046732 ], [ -71.756830460283751, 51.33827031428175 ], [ -71.769565414140772, 51.339112061215424 ], [ -71.761263397592259, 51.357973604697584 ], [ -71.770112727218617, 51.365767544259562 ], [ -71.773629814617394, 51.366992342650441 ], [ -71.790055685114993, 51.360809392690797 ], [ -71.791987879140606, 51.354117563471007 ], [ -71.804370600650984, 51.352346924283573 ], [ -71.807997645854712, 51.358787450194562 ], [ -71.814809240149728, 51.358740659893499 ], [ -71.8162959156451, 51.371560766879384 ], [ -71.820044604838529, 51.373176375956994 ], [ -71.827004740062861, 51.372848807210175 ], [ -71.833456211876893, 51.367768803404822 ], [ -71.835464832686114, 51.353854307705376 ], [ -71.841858891867417, 51.355276966071827 ], [ -71.846168219171673, 51.350936954268739 ], [ -71.867692491775685, 51.344927590843355 ], [ -71.877758901081833, 51.334948905239983 ], [ -71.86424527597471, 51.325113901278421 ], [ -71.882910398742084, 51.301612194570076 ], [ -71.870987854507391, 51.295264581154768 ], [ -71.874374647118131, 51.286555575842762 ], [ -71.867734588966258, 51.277808844111206 ], [ -71.878854100045316, 51.275771347344467 ], [ -71.885040538907148, 51.271006142652723 ], [ -71.894413023588683, 51.275595535127465 ], [ -71.923436572590134, 51.278782212871477 ], [ -71.939060213697431, 51.269824331635135 ], [ -71.941313708393523, 51.257473927359875 ], [ -71.950692266581456, 51.257918808641683 ], [ -71.958219364901083, 51.251142667165446 ], [ -71.955750030329995, 51.247382838783871 ], [ -71.95751382857307, 51.243941514152269 ], [ -71.980985888184989, 51.243673046022209 ], [ -71.978405027381797, 51.236887095727006 ], [ -71.980531906420069, 51.233251321169831 ], [ -71.989565339508843, 51.231991022217699 ], [ -71.991703592205056, 51.229028498327828 ], [ -71.98513963825053, 51.225622062184229 ], [ -71.985024862517719, 51.221744372244636 ], [ -71.976618064752046, 51.212412087848087 ], [ -71.990964668605827, 51.212808897621564 ], [ -71.993202912266952, 51.218539566494194 ], [ -71.998545919115003, 51.218740355369853 ], [ -72.002691829555133, 51.223505131618161 ], [ -72.013095789478712, 51.220532156444754 ], [ -72.0041433264646, 51.217103858281625 ], [ -72.00702464099146, 51.210705802570509 ], [ -72.005069897265514, 51.205644412139094 ], [ -72.013670062835203, 51.205809381903791 ], [ -72.00915951257214, 51.201517071087785 ], [ -72.013943448610107, 51.197935342229577 ], [ -72.009007840065024, 51.193390125353062 ], [ -71.998620974191425, 51.191816749678956 ], [ -72.003241717525881, 51.181868729044247 ], [ -71.999242619707957, 51.177442527981981 ], [ -72.002489256008758, 51.174039081194493 ], [ -72.020674526774144, 51.178672812860057 ], [ -72.029432798316122, 51.175859972425016 ], [ -72.021861320106808, 51.170460502599269 ], [ -72.024530377950796, 51.165943055347377 ], [ -72.022303550440412, 51.1584777549172 ], [ -72.024927707290473, 51.155955454883483 ], [ -72.022400267448603, 51.150525963290825 ], [ -72.025622436397072, 51.144543712176251 ], [ -72.019846664441346, 51.138252290416581 ], [ -72.033229904579429, 51.139009432344878 ], [ -72.041217653365948, 51.145578910524179 ], [ -72.074190306265734, 51.15078314881336 ], [ -72.084859794769699, 51.135150277036587 ], [ -72.092358568692944, 51.13059365686329 ], [ -72.09508419056894, 51.121608151047575 ], [ -72.10535195603326, 51.119410694086682 ], [ -72.108108864799604, 51.103667984095395 ], [ -72.117059352611236, 51.102138085454484 ], [ -72.130908052640066, 51.074028243546579 ], [ -72.144927941592414, 51.069524100198819 ], [ -72.146695063375816, 51.065297089298696 ], [ -72.142138342174263, 51.062511547484625 ], [ -72.137899157708162, 51.053007470871485 ], [ -72.146282014267513, 51.047541403481652 ], [ -72.147726042509632, 51.041208508185747 ], [ -72.155868664593172, 51.033266491628957 ], [ -72.152797756758574, 51.025405284558026 ], [ -72.159566437801104, 51.011960092235405 ], [ -72.152188252169807, 51.005208052986973 ], [ -72.161271775985711, 50.990400566049495 ], [ -72.153526990152898, 50.983987672289068 ], [ -72.156482170125201, 50.978705751332967 ], [ -72.186286976322862, 50.983773387689972 ], [ -72.190085509116088, 50.985295956021233 ], [ -72.189076827175924, 50.989770405451615 ], [ -72.198064696352461, 50.991119392888166 ], [ -72.18576337843362, 51.014549135702708 ], [ -72.191241663634642, 51.017919946815006 ], [ -72.190349164889923, 51.025285587186509 ], [ -72.187111921153885, 51.026807959054814 ], [ -72.192506371283557, 51.02982934631806 ], [ -72.194426009354132, 51.026586988109926 ], [ -72.203297300046941, 51.028054320497503 ], [ -72.204607235207092, 51.024885869193561 ], [ -72.212530811179718, 51.022747716291732 ], [ -72.221133021859302, 51.025493669327794 ], [ -72.225615761192643, 51.023488816117116 ], [ -72.230731823082863, 51.007393013475642 ], [ -72.257434836311788, 51.005500023752219 ], [ -72.264008820543523, 51.002018383204792 ], [ -72.267440833669227, 50.998360439037022 ], [ -72.260804075479996, 50.993729652189458 ], [ -72.264414907863042, 50.983508828799572 ], [ -72.26054595379405, 50.980227951310013 ], [ -72.260012299559804, 50.972097105681691 ], [ -72.269664505975797, 50.951097113399555 ], [ -72.2752010876887, 50.947516102940284 ], [ -72.286446254441543, 50.954018777730539 ], [ -72.294014160232109, 50.953705513958411 ], [ -72.299451808918533, 50.942002289012372 ], [ -72.296808907893265, 50.937234789557856 ], [ -72.302454494362394, 50.924610390133502 ], [ -72.300131055992537, 50.920573950897747 ], [ -72.301922485969669, 50.916649167015279 ], [ -72.3077994780854, 50.914955772087566 ], [ -72.31430015424435, 50.907553280314765 ], [ -72.32045360685305, 50.9078589081454 ], [ -72.321330441634885, 50.900904196590623 ], [ -72.329164952855308, 50.897707717553082 ], [ -72.339661159635796, 50.885455529727039 ], [ -72.375744252566946, 50.88798293726969 ], [ -72.385277908155771, 50.869399540109477 ], [ -72.375808149192835, 50.86128952968982 ], [ -72.375949822202045, 50.856909697546122 ], [ -72.387055072378629, 50.834897583648463 ], [ -72.385795407352475, 50.83090454161502 ], [ -72.397520162266133, 50.821991271125277 ], [ -72.397644563548297, 50.813243805500022 ], [ -72.421950583789723, 50.802749111085873 ], [ -72.425159831604986, 50.792843090353848 ], [ -72.43555530504311, 50.793138198250617 ], [ -72.434210247720316, 50.783799145403826 ], [ -72.449200341024849, 50.781575145091281 ], [ -72.460292046973834, 50.789269492302331 ], [ -72.466937703145305, 50.787490153238046 ], [ -72.478448422716752, 50.770123187102591 ], [ -72.481181047291955, 50.753851391711052 ], [ -72.495697482210929, 50.757302537132055 ], [ -72.511372067083656, 50.751532660501169 ], [ -72.506800746865807, 50.759393931885725 ], [ -72.517917312233749, 50.754551845044539 ], [ -72.530459182561287, 50.757572190565419 ], [ -72.532330864205619, 50.761982709069287 ], [ -72.529613867901972, 50.76669640744862 ], [ -72.533516494862582, 50.767603870070459 ], [ -72.556103321768362, 50.753394746105712 ], [ -72.564301029017543, 50.753797678741805 ], [ -72.568619895004488, 50.747800346358822 ], [ -72.57258550168649, 50.748570392225744 ], [ -72.574720737199613, 50.754394858007153 ], [ -72.561959020298417, 50.769398092872152 ], [ -72.563721370718454, 50.785973241281297 ], [ -72.556032608780541, 50.802431462587336 ], [ -72.563162342066008, 50.807746251079216 ], [ -72.559507484588437, 50.826232488483711 ], [ -72.567987270416353, 50.828552395864747 ], [ -72.560603937516746, 50.838757832220402 ], [ -72.563700183429262, 50.841757221394204 ], [ -72.552155614985679, 50.850924912679879 ], [ -72.549221933726542, 50.859444808820534 ], [ -72.555674058540546, 50.861170290860599 ], [ -72.553619248923383, 50.864224401718346 ], [ -72.558346831738632, 50.880987197176815 ], [ -72.567261860902875, 50.885418781021535 ], [ -72.575159032323853, 50.879454852441043 ], [ -72.573761399938661, 50.873965355577084 ], [ -72.568436125686887, 50.872649303911459 ], [ -72.574743509679806, 50.868641625734327 ], [ -72.578090786350785, 50.859672595394336 ], [ -72.58450969813903, 50.85778377572133 ], [ -72.587972672481371, 50.849449591587316 ], [ -72.597575426829152, 50.844472631969701 ], [ -72.59970158825594, 50.83720976071821 ], [ -72.606747769090845, 50.83599754049385 ], [ -72.600056473758656, 50.832167569951402 ], [ -72.609868271991971, 50.831184875902473 ], [ -72.603204672413938, 50.825997667934843 ], [ -72.60377287107579, 50.817742706258102 ], [ -72.608911578178081, 50.805578038584876 ], [ -72.621581871056819, 50.793206932219483 ], [ -72.625058621386358, 50.77845195556791 ], [ -72.63843187852504, 50.774584853732492 ], [ -72.644278142647622, 50.760271850724372 ], [ -72.655059656516528, 50.747416112827423 ], [ -72.661284102530018, 50.752439196082811 ], [ -72.66977334335256, 50.742346190007318 ], [ -72.675782252534844, 50.743661896256008 ], [ -72.676791033890069, 50.749671279660539 ], [ -72.684957453701159, 50.75259243911583 ], [ -72.684842655090819, 50.768561005473124 ], [ -72.702883388149658, 50.781267413884585 ], [ -72.707457622353886, 50.776329511196032 ], [ -72.711616226564018, 50.776659499416184 ], [ -72.720270771055738, 50.765309388954613 ], [ -72.728768075321241, 50.76565819579227 ], [ -72.730277811036032, 50.774407371512829 ], [ -72.73331157461152, 50.775176062007887 ], [ -72.7224564540698, 50.783914794486293 ], [ -72.722844843102664, 50.788337655537575 ], [ -72.727928518995228, 50.78997663510988 ], [ -72.725752365710363, 50.795968059563023 ], [ -72.73336941814047, 50.799257969582236 ], [ -72.741870909070073, 50.796566640221414 ], [ -72.741803449254235, 50.800927984608613 ], [ -72.751390658615563, 50.802644124147079 ], [ -72.748536012099933, 50.806142853724857 ], [ -72.750252561222126, 50.807623676143585 ], [ -72.744420607346783, 50.810146179637648 ], [ -72.753510408706404, 50.814598005688971 ], [ -72.75000592324723, 50.819135551148008 ], [ -72.752399013356808, 50.821040861550728 ], [ -72.780569938554194, 50.825811947623428 ], [ -72.784213247400189, 50.819750676878115 ], [ -72.799444915632236, 50.820075266155349 ], [ -72.824412359173223, 50.814022999291431 ], [ -72.82798244086031, 50.816368308552136 ], [ -72.85234602505804, 50.8095504111838 ], [ -72.857535164076396, 50.812872539444335 ], [ -72.86557092172788, 50.806660243991026 ], [ -72.878263474832906, 50.806081157926791 ], [ -72.88034008153582, 50.793670767637281 ], [ -72.89376346265469, 50.786591178267983 ], [ -72.894531413618864, 50.775361855382144 ], [ -72.902956730268187, 50.76827364086823 ], [ -72.924931131139076, 50.768250699547806 ], [ -72.934443038392075, 50.762825005469217 ], [ -72.928474689434921, 50.758778788382315 ], [ -72.929191506337446, 50.747343408518233 ], [ -72.940106073348687, 50.714154820482271 ], [ -72.95155849558472, 50.714551161150162 ], [ -72.954953658993261, 50.708156529130989 ], [ -72.963831929478275, 50.704423796941825 ], [ -72.96796817743666, 50.696059247589801 ], [ -72.978066647459244, 50.692629433638828 ], [ -72.978984377896737, 50.689351780811748 ], [ -72.985331152202747, 50.688979539855808 ], [ -72.992980849710577, 50.673100675667335 ], [ -72.999887410008185, 50.669666243577495 ], [ -73.012833171242747, 50.673544552761065 ], [ -73.025955736570111, 50.66975591907746 ], [ -73.028979174197971, 50.661668010410423 ], [ -73.041450436341364, 50.659961963164676 ], [ -73.04521316757247, 50.6544990282285 ], [ -73.05139056557752, 50.656025369434545 ], [ -73.04853697455637, 50.667670111228645 ], [ -73.040187867968683, 50.669030543156246 ], [ -73.030825338721158, 50.688993324311248 ], [ -73.022502091949789, 50.697932494979874 ], [ -73.033372217205894, 50.697867747694588 ], [ -73.03856742743821, 50.70379850974301 ], [ -73.050856215454843, 50.70105270033708 ], [ -73.055139579522645, 50.703192826047378 ], [ -73.053197864504611, 50.705436095748794 ], [ -73.063300982681454, 50.708949366113501 ], [ -73.068386861504422, 50.70424365885146 ], [ -73.074614292484696, 50.703744519635784 ], [ -73.075174545684348, 50.707938256185486 ], [ -73.080117826177229, 50.709071702425462 ], [ -73.067478802581121, 50.726565771948827 ], [ -73.081202994901105, 50.73213545430081 ], [ -73.089935316965708, 50.740527176367628 ], [ -73.103857505197738, 50.737950907293865 ], [ -73.109360503315429, 50.7467117430879 ], [ -73.10588965142567, 50.751431174330754 ], [ -73.123743094403139, 50.749346210586012 ], [ -73.129246135490646, 50.743431708412082 ], [ -73.147841013969185, 50.750063055805235 ], [ -73.173817791737164, 50.726870765482346 ], [ -73.178055559395744, 50.708362450254228 ], [ -73.182462720949204, 50.70318344893456 ], [ -73.204561350946648, 50.705920312917705 ], [ -73.205336264557346, 50.702824253708066 ], [ -73.226039404560765, 50.701762654397058 ], [ -73.233177435738966, 50.694504903619141 ], [ -73.250571120572033, 50.692699648203998 ], [ -73.258121865879644, 50.682120005648429 ], [ -73.254191112699417, 50.678375791365383 ], [ -73.268137746176947, 50.659583234841342 ], [ -73.260200440666566, 50.65192807527059 ], [ -73.294477138523533, 50.629020783324769 ], [ -73.297257516864292, 50.614006195090234 ], [ -73.305924564439223, 50.611125267572511 ], [ -73.311269706923269, 50.59188556716726 ], [ -73.30673070965301, 50.587431344635256 ], [ -73.308674644736953, 50.582341625962137 ], [ -73.326021934580439, 50.57920420444141 ], [ -73.333105382042888, 50.581167870026462 ], [ -73.34558419274677, 50.564687358395673 ], [ -73.345495313170403, 50.55241145233083 ], [ -73.355800778854743, 50.529693007320198 ], [ -73.373851832939224, 50.530332991687324 ], [ -73.370659949903299, 50.522281799539343 ], [ -73.381086521467694, 50.515316081246731 ], [ -73.385136165342914, 50.515931942684595 ], [ -73.394652323953423, 50.484612564304911 ], [ -73.398854206677072, 50.48481881635265 ], [ -73.401743711611743, 50.480734515577169 ], [ -73.398187569616269, 50.476390585263843 ], [ -73.400312295502786, 50.467587043729139 ], [ -73.403061209666859, 50.465342103662621 ], [ -73.411006994025144, 50.466718757016537 ], [ -73.42603793135396, 50.443353023485706 ], [ -73.43479753590259, 50.443311710928803 ], [ -73.442975285746328, 50.420867187616629 ], [ -73.458682517501146, 50.400931247799178 ], [ -73.459632130666435, 50.392006222031519 ], [ -73.453083380411869, 50.388137140692045 ], [ -73.457182988074067, 50.383799863107548 ], [ -73.458626289321046, 50.378495507614929 ], [ -73.456092442157029, 50.376660794910677 ], [ -73.459120535037115, 50.370699379686478 ], [ -73.477831978632935, 50.368342969791478 ], [ -73.4827196999168, 50.381391410008334 ], [ -73.479771935499343, 50.386658162410633 ], [ -73.483767194702651, 50.400558969699873 ], [ -73.49183464113797, 50.397429481924725 ], [ -73.494108869092585, 50.385631657353372 ], [ -73.507295857501433, 50.38624670392096 ], [ -73.51681734705862, 50.378690360414296 ], [ -73.530603514757857, 50.378080379780286 ], [ -73.541648069839724, 50.366528184308031 ], [ -73.553307615691693, 50.364573825676786 ], [ -73.560040669204753, 50.370529409126604 ], [ -73.570321323746299, 50.363315469904236 ], [ -73.574949911184333, 50.363528405459228 ], [ -73.584007755272367, 50.371249545223236 ], [ -73.579518508900435, 50.378013070368532 ], [ -73.575269425255286, 50.398553859939774 ], [ -73.584254788023344, 50.407329940361116 ], [ -73.596391788157106, 50.400787274517121 ], [ -73.61005104743171, 50.386460090091283 ], [ -73.611624928843369, 50.373563960370319 ], [ -73.609055414550326, 50.370177033438608 ], [ -73.611591597161038, 50.365250994905367 ], [ -73.609900819519083, 50.354081675809098 ], [ -73.599058264211351, 50.345408856366504 ], [ -73.612028584319134, 50.33877667318815 ], [ -73.610487194847821, 50.327899394201964 ], [ -73.616078304887381, 50.323070885789235 ], [ -73.619083474648946, 50.304858438420396 ], [ -73.626171582673209, 50.301512811408301 ], [ -73.631266276410017, 50.292657781475839 ], [ -73.630483538636483, 50.283746485792342 ], [ -73.641109485523359, 50.278917456617087 ], [ -73.655128967806135, 50.25755141242329 ], [ -73.672658994736125, 50.245463205989616 ], [ -73.671902464272591, 50.228477662282764 ], [ -73.682678059543321, 50.218158869744727 ], [ -73.684971956360869, 50.211482814323446 ], [ -73.696584742054739, 50.214878520756905 ], [ -73.708432089649733, 50.212587949835402 ], [ -73.716563764555019, 50.217222746316224 ], [ -73.732766022354781, 50.216513233560278 ], [ -73.738084089362232, 50.221549106492638 ], [ -73.73895921048053, 50.228856197504591 ], [ -73.746869774408566, 50.23197575405667 ], [ -73.769949070969318, 50.215981171112666 ], [ -73.784113445835885, 50.190146879170548 ], [ -73.778801235224535, 50.186669432751408 ], [ -73.783115732004973, 50.182231782843999 ], [ -73.784620131944124, 50.172041307151027 ], [ -73.775939700726241, 50.167003940676963 ], [ -73.778843003707976, 50.160792552548529 ], [ -73.769801645607089, 50.155209019393737 ], [ -73.774333560551398, 50.149252887229473 ], [ -73.784700237547838, 50.146900989450785 ], [ -73.792407126132133, 50.135415783645833 ], [ -73.781232130523776, 50.131187437124908 ], [ -73.783171319495764, 50.125240754439297 ], [ -73.774955491516408, 50.119936915148294 ], [ -73.780778407321094, 50.11553280785072 ], [ -73.778664688122049, 50.109667903696682 ], [ -73.78998781705279, 50.102181570098139 ], [ -73.788083419666876, 50.094465022536006 ], [ -73.781072662466386, 50.090969684661076 ], [ -73.781582381908962, 50.085733299949517 ], [ -73.777999473339335, 50.083514876005253 ], [ -73.779336709106147, 50.078297374490631 ], [ -73.783764084826103, 50.078580722759547 ], [ -73.787595844511671, 50.056056445116624 ], [ -73.793366446462613, 50.050536334773035 ], [ -73.794446320591803, 50.044183287251485 ], [ -73.801076088356254, 50.042064347842825 ], [ -73.804373802545783, 50.030023531628288 ], [ -73.81210686735767, 50.030452329161726 ], [ -73.822750300637807, 50.013532063529404 ], [ -73.829105325681624, 50.010979731173471 ], [ -73.832162295776698, 50.01368074694237 ], [ -73.835829602283098, 50.00962072353947 ], [ -73.851636765001459, 50.011362692438652 ], [ -73.852930454762728, 50.004443459859523 ], [ -73.847601352866846, 49.999655748510669 ], [ -73.854998662916856, 49.996905476780171 ], [ -73.869472810916491, 49.965821966811085 ], [ -73.877781297613197, 49.960520973725188 ], [ -73.888748998830934, 49.961226290528799 ], [ -73.896354357868177, 49.954640388979747 ], [ -73.910039861419136, 49.927834460058193 ], [ -73.908648846772707, 49.913160044503798 ], [ -73.904200987639612, 49.910496721206968 ], [ -73.907934669321961, 49.905486294643623 ], [ -73.907494896618147, 49.899000665925414 ], [ -73.913363186228551, 49.891741147342977 ], [ -73.921450169383391, 49.890746634659941 ], [ -73.923126999715265, 49.881085319555879 ], [ -73.945290642660765, 49.860825883566889 ], [ -73.955963733451384, 49.84195221426954 ], [ -73.969174949611329, 49.841251087569574 ], [ -73.983776980624995, 49.833055943805036 ], [ -74.00038639754878, 49.807784046179911 ], [ -74.016583658119359, 49.801934791264998 ], [ -74.016613921789627, 49.73532935035179 ], [ -74.098490979487181, 49.735388013759724 ], [ -74.111226469725409, 49.720486563348288 ], [ -74.106597456260801, 49.716053117685213 ], [ -74.11060116965119, 49.70580217569298 ], [ -74.117913489546694, 49.703369360892161 ], [ -74.122277525346348, 49.693339045487654 ], [ -74.141540831063153, 49.679709387206763 ], [ -74.151406812386725, 49.678347295821446 ], [ -74.155564061022858, 49.682624126323518 ], [ -74.161502374873706, 49.680758604294674 ], [ -74.173815483536771, 49.685612714161685 ], [ -74.178491812181989, 49.683755324706411 ], [ -74.183404639436915, 49.668011017764229 ], [ -74.191522702863267, 49.655278211181539 ], [ -74.184578740392283, 49.646067225768007 ], [ -74.193931442819832, 49.630740807270357 ], [ -74.194675613116601, 49.62060083516711 ], [ -74.19887545374867, 49.619596587922068 ], [ -74.19835972556514, 49.611464289784379 ], [ -74.22515322131494, 49.587202507357141 ], [ -74.228117761335298, 49.568993526493642 ], [ -74.250472295483675, 49.570166070412412 ], [ -74.252816273547822, 49.566938096304206 ], [ -74.250855080709556, 49.558515312801603 ], [ -74.253363861711279, 49.553488565948747 ], [ -74.250488850905739, 49.551421615450948 ], [ -74.252412640418854, 49.544902951058191 ], [ -74.257452771373309, 49.534480561542509 ], [ -74.268122111848371, 49.524071444282683 ], [ -74.253285249515983, 49.51783231999574 ], [ -74.253053130163678, 49.512805278654852 ], [ -74.267349285773719, 49.508336739398111 ], [ -74.281025833407128, 49.497429284503838 ], [ -74.288765405745806, 49.495428754585689 ], [ -74.295681676893139, 49.486088636566087 ], [ -74.318352907289309, 49.47768640348086 ], [ -74.336333014906984, 49.477785092679909 ], [ -74.334489989238705, 49.484131342722513 ], [ -74.321408191187118, 49.492293724129226 ], [ -74.340365880961059, 49.502031041634922 ], [ -74.340199232934481, 49.504576470135433 ], [ -74.358736907431009, 49.497922561865622 ], [ -74.373347307431985, 49.482285967165566 ], [ -74.387604521069505, 49.482153202431107 ], [ -74.3938749234634, 49.474326526253556 ], [ -74.387678397774664, 49.457233058244242 ], [ -74.37686851697967, 49.454652770216221 ], [ -74.379508419796437, 49.444843148690943 ], [ -74.377385792714364, 49.44141823851141 ], [ -74.383918876876621, 49.433175556238695 ], [ -74.394665304788077, 49.434740730153898 ], [ -74.405492066769852, 49.428103099761515 ], [ -74.407346078419508, 49.410033753160711 ], [ -74.404652484219241, 49.394270376118769 ], [ -74.407275360567908, 49.387829808619635 ], [ -74.416211480223836, 49.381774904817313 ], [ -74.412904951074211, 49.37507873503403 ], [ -74.402074675456745, 49.374762814554451 ], [ -74.394754246876261, 49.37262169615439 ], [ -74.393909739531523, 49.369742470500718 ], [ -74.40925910935276, 49.357422424873747 ], [ -74.409737865180972, 49.350916945601675 ], [ -74.418016108175678, 49.344363854067566 ], [ -74.433015476987791, 49.323845032725622 ], [ -74.41992045760567, 49.319273648506027 ], [ -74.392498310377107, 49.31664113458811 ], [ -74.385125739516795, 49.31963676710366 ], [ -74.374862657347023, 49.3165317296599 ], [ -74.374278953279571, 49.310607450659937 ], [ -74.381732940452991, 49.302203970387467 ], [ -74.36162979097827, 49.30105843505212 ], [ -74.349270321064296, 49.29066845769529 ], [ -74.334267362269514, 49.286456727345318 ], [ -74.330321907805484, 49.282538324779644 ], [ -74.336012930945643, 49.272185174605475 ], [ -74.32464221738293, 49.273648178313032 ], [ -74.312785490697181, 49.270894809576454 ], [ -74.315034470376744, 49.260334236296238 ], [ -74.311979316149348, 49.258257315219879 ], [ -74.306003469357464, 49.259350258957113 ], [ -74.302157932716227, 49.270409757116276 ], [ -74.305256926656739, 49.27525984703199 ], [ -74.303134758048458, 49.283958993959153 ], [ -74.293934865280391, 49.289925330336189 ], [ -74.289143658765937, 49.280082231878147 ], [ -74.283988290923503, 49.286810833606879 ], [ -74.270046963146086, 49.286605282702119 ], [ -74.271221307873404, 49.275590552030749 ], [ -74.267334812792441, 49.274407064464327 ], [ -74.257886534647227, 49.2756769258283 ], [ -74.250083687229207, 49.28340050546467 ], [ -74.249496303784795, 49.28982619612519 ], [ -74.235711139072933, 49.287368499543447 ], [ -74.235771208479747, 49.283988241331564 ], [ -74.230562061964733, 49.283292965835329 ], [ -74.229468512908738, 49.279620700917818 ], [ -74.232547090069403, 49.267916162247595 ], [ -74.227848560174607, 49.262445223416925 ], [ -74.230561890356043, 49.259339561490215 ], [ -74.227792174872704, 49.254214282890047 ], [ -74.229995989073913, 49.224893064856012 ], [ -74.227404011270252, 49.218094838256576 ], [ -74.229208994746841, 49.211075088073649 ], [ -74.239910597188342, 49.209643905533014 ], [ -74.243125615591495, 49.202249086502007 ], [ -74.239336810366098, 49.195782667671523 ], [ -74.241876425567199, 49.187564896929864 ], [ -74.24917151876457, 49.181472342954308 ], [ -74.253542216560191, 49.169736650102671 ], [ -74.243980786946537, 49.16583127521276 ], [ -74.250447723975739, 49.160237061338862 ], [ -74.244265123290717, 49.136036782667752 ], [ -74.250622716266292, 49.135716568767037 ], [ -74.252976222383182, 49.138549611334831 ], [ -74.264280288926344, 49.1369682419367 ], [ -74.264025979609954, 49.119796757230901 ], [ -74.270933559699756, 49.112860389079472 ], [ -74.266664989829025, 49.105376077935944 ], [ -74.274101385603728, 49.101303165279589 ], [ -74.278203385393823, 49.102910405760412 ], [ -74.280224355786004, 49.099556807804042 ], [ -74.273394555030848, 49.089364654881457 ], [ -74.279262997868912, 49.078798278157493 ], [ -74.277782452171294, 49.070365138584584 ], [ -74.287217419722168, 49.070704694195811 ], [ -74.290200439177823, 49.063991686816323 ], [ -74.290545736394506, 49.048005070734568 ], [ -74.287217198064553, 49.044963889661545 ], [ -74.296882647709538, 49.040960783480728 ], [ -74.306832679630105, 49.041604665578149 ], [ -74.303163092421769, 49.027936225790739 ], [ -74.297600236317095, 49.026004969961512 ], [ -74.297797538978571, 49.020258230450629 ], [ -74.302919618172652, 49.013150668159348 ], [ -74.288154676413157, 49.009592954798826 ], [ -74.2890866622853, 49.003133905855485 ], [ -74.283222039144903, 48.99921379246247 ], [ -74.28517319334324, 48.990384509091172 ], [ -74.29397528173277, 48.987295533611515 ], [ -74.296156723709856, 48.97653855195523 ], [ -74.311024577603902, 48.977216515879512 ], [ -74.314300084550226, 48.970671718568582 ], [ -74.324947093912769, 48.971773779740566 ], [ -74.329596356491052, 48.967872145690478 ], [ -74.334258527764646, 48.968455688311955 ], [ -74.338269609135622, 48.95712551531868 ], [ -74.335080663334011, 48.950232821073222 ], [ -74.329763419738256, 48.948195481803268 ], [ -74.336283102095564, 48.940772303370196 ], [ -74.334697291846055, 48.935019342758686 ], [ -74.330527394956434, 48.933110095616456 ], [ -74.3329420113905, 48.926154397792068 ], [ -74.330315963304173, 48.923747033722726 ], [ -74.333689263982095, 48.920017737781727 ], [ -74.336334587824155, 48.922821226928086 ], [ -74.345923392445499, 48.923177233328211 ], [ -74.363021352897633, 48.918305048886026 ], [ -74.36318269360271, 48.923362189269376 ], [ -74.355164917082746, 48.928094774316364 ], [ -74.354738572949401, 48.935076728119199 ], [ -74.368086476369484, 48.936172671418134 ], [ -74.369503546470824, 48.938976277926713 ], [ -74.389725996731727, 48.936191129200822 ], [ -74.391470566140697, 48.927114713484286 ], [ -74.399215444122788, 48.926219448493882 ], [ -74.402052048612532, 48.922228744759018 ], [ -74.411462736097093, 48.925677255008928 ], [ -74.41712599511402, 48.934816598557482 ], [ -74.433547190632055, 48.936158997053887 ], [ -74.441205023362002, 48.932065324871076 ], [ -74.45015321664755, 48.943494250950806 ], [ -74.446621499608113, 48.949873217983196 ], [ -74.436137586761205, 48.952020082946476 ], [ -74.435926002354989, 48.958669492699379 ], [ -74.440436221207719, 48.960634139888491 ], [ -74.436780578617928, 48.971712720353764 ], [ -74.44166083831351, 48.97446465608337 ], [ -74.453888712531253, 48.971548413352529 ], [ -74.459850342950773, 48.954353353369882 ], [ -74.466761599574355, 48.954368444607688 ], [ -74.479913720254856, 48.93766291171427 ], [ -74.503043842021199, 48.927644368426783 ], [ -74.523454757580211, 48.946402947000927 ], [ -74.519271099734098, 48.95304456894155 ], [ -74.539654936155884, 48.963384358269366 ], [ -74.533435375579529, 48.966986810981339 ], [ -74.532654937276433, 48.97710155419368 ], [ -74.541661975001134, 48.978148977667111 ], [ -74.548085287908521, 48.98519889157982 ], [ -74.545728914876662, 48.989003520255523 ], [ -74.555357352759884, 48.99281946140222 ], [ -74.554165599251874, 49.00029194418962 ], [ -74.561370612437997, 49.00090390897833 ], [ -74.57072054130505, 48.994473249446308 ], [ -74.586646726489363, 48.994751220525877 ], [ -74.589514602453946, 48.985590269184257 ], [ -74.586700761123595, 48.978257171266193 ], [ -74.595450737961116, 48.975552317505198 ], [ -74.596286788767387, 48.97118510163525 ], [ -74.592380025161162, 48.968409622026229 ], [ -74.597922201116788, 48.963864949808361 ], [ -74.607682730255206, 48.962219028409315 ], [ -74.611224925082567, 48.968505967698768 ], [ -74.61583839914833, 48.970171468106997 ], [ -74.628529194219681, 48.96793071744716 ], [ -74.67627376575966, 49.000098840867722 ], [ -78.94993614444806, 48.9997227724269 ], [ -79.053470988795169, 48.999986208207318 ], [ -79.053527239956352, 49.009516218342618 ], [ -79.517769794957857, 49.009120323152381 ], [ -79.518511556259625, 51.567996751671515 ], [ -79.506851730551318, 51.574263883180386 ], [ -79.517895324781037, 51.585133395038277 ], [ -79.50863398224196, 51.590897784154386 ], [ -79.494654171999855, 51.591406602449538 ], [ -79.475517674222971, 51.599929794099971 ], [ -79.447862828226874, 51.626090894804172 ], [ -79.434313996494822, 51.632299407713766 ], [ -79.430900283859046, 51.638408499510518 ], [ -79.405669010532634, 51.643929885138277 ], [ -79.398967616822048, 51.656027915432645 ], [ -79.393410675538334, 51.659296907358382 ], [ -79.335473992104539, 51.667255316633074 ], [ -79.323106113436509, 51.671159684102093 ], [ -79.314440156849457, 51.679778487636035 ], [ -79.305518523288185, 51.681105002192076 ], [ -79.301966106150374, 51.675570400475522 ], [ -79.304871017482526, 51.663645488156206 ], [ -79.291144302786819, 51.653596405515174 ], [ -79.278766217134077, 51.648285608511493 ], [ -79.253788481469769, 51.644005793853104 ], [ -79.227840791775648, 51.647662276179673 ], [ -79.217217920410633, 51.639273482513119 ], [ -79.219609370313847, 51.620078383550108 ], [ -79.24008255475681, 51.594078130068254 ], [ -79.238860382417883, 51.58321691653682 ], [ -79.242888004439848, 51.575883554564314 ], [ -79.233220642043705, 51.569327942120516 ], [ -79.237775958456083, 51.559772207774898 ], [ -79.22313596388139, 51.546577687604689 ], [ -79.206357209113634, 51.538466485253196 ], [ -79.179855619424657, 51.529799713908282 ], [ -79.153937556095897, 51.526105156483318 ], [ -79.122158238070398, 51.535105279540581 ], [ -79.097906604580359, 51.537938637199943 ], [ -79.044294607824284, 51.507437970775094 ], [ -78.979848477941204, 51.461547794223911 ], [ -78.819674027219506, 51.450575028539681 ], [ -78.812368138855831, 51.454852901205371 ], [ -78.804923362257611, 51.461408460026128 ], [ -78.801200973028671, 51.472686434228613 ], [ -78.828169175664627, 51.51297531433859 ], [ -78.816136378695532, 51.526711111875017 ], [ -78.815609120986437, 51.538209215990314 ], [ -78.826157773475799, 51.571843849189953 ], [ -78.850046611779518, 51.61637379854654 ], [ -78.865436497506479, 51.629056077726709 ], [ -78.891745309117724, 51.642453593695201 ], [ -78.90891409427455, 51.646013219897441 ], [ -78.927974434645364, 51.645347109189409 ], [ -78.945334703858492, 51.660802890000355 ], [ -78.936714309281683, 51.675079021745923 ], [ -78.936611396622808, 51.685277502002279 ], [ -78.941093410268806, 51.692968789239153 ], [ -78.950770002013002, 51.697668617776536 ], [ -78.967850156529551, 51.69415298932055 ], [ -78.966815012743638, 51.700762503868567 ], [ -78.992307737705033, 51.70409839396163 ], [ -78.989891521461189, 51.710337081229234 ], [ -78.99624552981183, 51.716196409287043 ], [ -78.991580105686381, 51.722291889481419 ], [ -78.997610922213624, 51.724416788151856 ], [ -78.995660280670833, 51.731498796799848 ], [ -78.998651386679086, 51.739585315654892 ], [ -79.011929026484054, 51.744851485627329 ], [ -79.029945129757991, 51.744685676807023 ], [ -79.036835534715024, 51.754571414223733 ], [ -79.051193070001858, 51.764191093175334 ], [ -79.03539042447386, 51.767900079920992 ], [ -79.024355175988532, 51.779319401062722 ], [ -78.969653188046308, 51.799719703387126 ], [ -78.899440903533446, 51.899936873718651 ], [ -78.901850502357078, 51.905959414075269 ], [ -78.889802240174561, 51.913298506808317 ], [ -78.893484686278455, 51.933605112366457 ], [ -78.885298881803934, 51.939996887383899 ], [ -78.893955301468026, 51.945349794989419 ], [ -78.887553976823625, 51.957225008009736 ], [ -78.882563463589463, 51.958987887672251 ], [ -78.876688659692974, 51.954238785182994 ], [ -78.863442679813872, 51.953093414995891 ], [ -78.855452832262927, 51.957874115046884 ], [ -78.859357466815226, 51.961849412019468 ], [ -78.857514390628324, 51.967071106036435 ], [ -78.845690956692607, 51.970336785213 ], [ -78.840994675712906, 51.963475203118733 ], [ -78.856287404893351, 51.95411408998033 ], [ -78.854885205190214, 51.951449916171228 ], [ -78.845035405905747, 51.949992417000445 ], [ -78.848750502149898, 51.945268397375294 ], [ -78.846536325252814, 51.943852975771193 ], [ -78.832681129006446, 51.952795290337356 ], [ -78.821713727143532, 51.95124999279323 ], [ -78.811014078109693, 51.958267189366993 ], [ -78.801051184575584, 51.958551621168084 ], [ -78.794670523471666, 51.966769388253226 ], [ -78.779652286562936, 51.969880495779101 ], [ -78.735376335266594, 52.00645109754705 ], [ -78.728275318991791, 52.016637604595317 ], [ -78.702602371620131, 52.028895822171386 ], [ -78.700417573425213, 52.032928108734552 ], [ -78.72616909430802, 52.049424590118825 ], [ -78.721840732168147, 52.052876898572691 ], [ -78.714901101751948, 52.053795021707401 ], [ -78.709566213993114, 52.047778295732471 ], [ -78.684438416007993, 52.053569681184484 ], [ -78.680413201597418, 52.050749198061169 ], [ -78.666323023363034, 52.054001195040989 ], [ -78.658181983862562, 52.060948787015569 ], [ -78.65206082877701, 52.072159512166849 ], [ -78.653522141783654, 52.075524313896466 ], [ -78.661080927025154, 52.077818897030937 ], [ -78.596202563911461, 52.108563701936085 ], [ -78.560670256517682, 52.157913869246862 ], [ -78.550108087570422, 52.1891910788178 ], [ -78.550047869211653, 52.199554727206504 ], [ -78.5575544338664, 52.209363755064103 ], [ -78.575727743836779, 52.209308085130601 ], [ -78.581194957756523, 52.24241860286763 ], [ -78.588361457213395, 52.242865448773429 ], [ -78.581752267426737, 52.244834838950808 ], [ -78.583227633724505, 52.253251654414115 ], [ -78.569743894095467, 52.257532826747294 ], [ -78.568911849933642, 52.264275128701549 ], [ -78.558131719154588, 52.269361988127379 ], [ -78.560252070781218, 52.274477795614423 ], [ -78.557742568939972, 52.278474212149213 ], [ -78.56247269161311, 52.279891783018741 ], [ -78.557105096355031, 52.28313737654932 ], [ -78.558945665720927, 52.287838377552269 ], [ -78.566057040238135, 52.288110244061521 ], [ -78.532694021269606, 52.302586123306796 ], [ -78.532798915591627, 52.306169355376824 ], [ -78.523043106098569, 52.307889350894904 ], [ -78.516017321031484, 52.331028459805061 ], [ -78.521191604956186, 52.350811478751382 ], [ -78.537208366992175, 52.351806249526966 ], [ -78.543877270175386, 52.371477060282729 ], [ -78.583357947631868, 52.39622464240859 ], [ -78.588140722431348, 52.416645271077321 ], [ -78.575997146030375, 52.424312656873866 ], [ -78.573165736938137, 52.430784781283265 ], [ -78.573832069278353, 52.435556554625734 ], [ -78.576972405128714, 52.436424570901885 ], [ -78.575659876645716, 52.439337305557437 ], [ -78.555688809148762, 52.453173311659235 ], [ -78.558697609869412, 52.46545207051313 ], [ -78.566268839460747, 52.471981229756473 ], [ -78.565194645652355, 52.476447188556826 ], [ -78.570634633912135, 52.485194723194304 ], [ -78.565612425632807, 52.494168641082766 ], [ -78.567945087671873, 52.50014285941716 ], [ -78.586298563217667, 52.504564993358464 ], [ -78.58344747679871, 52.508114954201588 ], [ -78.589522597521096, 52.517224314788074 ], [ -78.625102421820031, 52.511723725645737 ], [ -78.649882190208345, 52.516616799754161 ], [ -78.656771273534673, 52.513482070520212 ], [ -78.673241263045767, 52.513646026984034 ], [ -78.713996698385301, 52.521059835659742 ], [ -78.722612330894293, 52.529836016380365 ], [ -78.730108125314388, 52.529343093267919 ], [ -78.766082867226572, 52.541033776359932 ], [ -78.769307309979311, 52.544733435254308 ], [ -78.764758317434371, 52.569425101075034 ], [ -78.767080939459973, 52.576840907496148 ], [ -78.771525919207306, 52.573698558933856 ], [ -78.774119365393418, 52.575448846263612 ], [ -78.7682267636945, 52.582001784925161 ], [ -78.772862437864319, 52.598503565085586 ], [ -78.776592720337959, 52.596673895490476 ], [ -78.772999205894408, 52.599702153409858 ], [ -78.778704663914596, 52.622506627961691 ], [ -78.80297948815759, 52.633731975786581 ], [ -78.80316763549186, 52.638895888567056 ], [ -78.821148244249372, 52.640671450287016 ], [ -78.815587183284578, 52.642782612118587 ], [ -78.823317250484166, 52.673173210895399 ], [ -78.827540284033105, 52.672590231272473 ], [ -78.823645044601761, 52.6755320423622 ], [ -78.827506300737184, 52.699147694019153 ], [ -78.857198720129958, 52.72578918071536 ], [ -78.865764929258788, 52.727624017020844 ], [ -78.860583382147283, 52.729367127134019 ], [ -78.872563517539831, 52.740541377965748 ], [ -78.873588190381156, 52.75809417543401 ], [ -78.879505765095914, 52.758562591436657 ], [ -78.872811904584779, 52.760177999203727 ], [ -78.877536693935113, 52.766484364937725 ], [ -78.873289607607092, 52.766900405980493 ], [ -78.873779505303318, 52.770482361362866 ], [ -78.876811218917098, 52.770784044443836 ], [ -78.873480516993254, 52.772424192275288 ], [ -78.874623711525146, 52.814842439762842 ], [ -78.875231127704737, 52.819120222496537 ], [ -78.880643270849887, 52.818145014829959 ], [ -78.875111999581605, 52.821067531682615 ], [ -78.876587406248035, 52.855071403591502 ], [ -78.882785920284547, 52.859597192611893 ], [ -78.876735784285955, 52.870734913775742 ], [ -78.886071836243374, 52.880036157010522 ], [ -78.894486733605731, 52.882647721223798 ], [ -78.900292123034816, 52.899320630936558 ], [ -78.928049812520698, 52.915542932939097 ], [ -78.926288407092443, 52.91731681302808 ], [ -78.953787522241626, 52.940206368101464 ], [ -78.960492921131433, 52.936983091778089 ], [ -78.956244875474141, 52.932377655424233 ], [ -78.960882733201288, 52.926873761820367 ], [ -78.949797528514551, 52.928430644908225 ], [ -78.951823321782754, 52.925709175646304 ], [ -78.966078153920009, 52.918544215194999 ], [ -78.968323651194012, 52.919593381942178 ], [ -78.964439509072022, 52.924043950888652 ], [ -78.973456419796236, 52.923758081447666 ], [ -78.975800696704624, 52.916513012911935 ], [ -78.985490448152575, 52.914618613141265 ], [ -78.991018406316044, 52.909655585123801 ], [ -79.008954802017868, 52.907373380826648 ], [ -79.001020449725601, 52.914844337343524 ], [ -78.982877896735104, 52.920314413095916 ], [ -78.956622745744525, 52.945453619712666 ], [ -78.968653493259552, 52.957094362298776 ], [ -78.959825410138748, 52.963262903171916 ], [ -78.967850143952276, 52.997621628951727 ], [ -78.965930276605789, 53.000129292806484 ], [ -78.977290192255893, 53.003683057638924 ], [ -78.979994482230353, 53.009064466398854 ], [ -78.995135096222313, 53.012738506293132 ], [ -78.994104226709752, 53.017517436389639 ], [ -78.989622891592006, 53.020151701696619 ], [ -78.993187704221398, 53.023957431252605 ], [ -78.992741520644884, 53.065204370517193 ], [ -78.988046815271133, 53.070540752627892 ], [ -78.998768984124155, 53.090241784493379 ], [ -78.993045736103099, 53.096541373114448 ], [ -78.974516872813766, 53.101850407118803 ], [ -78.975848874973948, 53.123429734421968 ], [ -78.952849449365814, 53.131491443414383 ], [ -78.946990020529327, 53.13868155842237 ], [ -78.95200866444452, 53.148020095414793 ], [ -78.96534216479732, 53.152123765031298 ], [ -78.969677714046242, 53.161852053180084 ], [ -78.976928447120088, 53.158574777992392 ], [ -78.979476523612462, 53.161263083521078 ], [ -78.970115693718711, 53.166490465402291 ], [ -78.970952114715516, 53.173103324753519 ], [ -78.939077993052379, 53.211743835827932 ], [ -78.949278103357244, 53.234879340007353 ], [ -79.01677018348704, 53.269519145052698 ], [ -79.013294795796639, 53.289078538357117 ], [ -79.03154103572092, 53.2910740876058 ], [ -79.038438910437804, 53.285909136808392 ], [ -79.039789252025699, 53.288879408605474 ], [ -79.046675080846015, 53.287490683608581 ], [ -79.054397395145401, 53.291488021103596 ], [ -79.050910832944624, 53.293798967180095 ], [ -79.046070077030848, 53.291905939161666 ], [ -79.044876324394778, 53.294549354490634 ], [ -79.049241878638057, 53.296629464669522 ], [ -79.046880098356823, 53.298770607434797 ], [ -79.036991853217017, 53.298215463344043 ], [ -79.040827135238331, 53.303181985915735 ], [ -79.048908759124885, 53.3030437375281 ], [ -79.045432267022136, 53.305939557578384 ], [ -79.035185177005829, 53.304796834316029 ], [ -79.032381338983626, 53.300938748628916 ], [ -79.036302833137114, 53.299994792081016 ], [ -79.033044153761878, 53.297493957910596 ], [ -79.013525569919736, 53.298850781295805 ], [ -79.009861121398004, 53.296656986417581 ], [ -79.004447056757897, 53.312098158784387 ], [ -78.988141277700279, 53.323904028535978 ], [ -78.978689988307721, 53.326071693277129 ], [ -78.973352441563264, 53.332267613994134 ], [ -78.972113300782752, 53.339328599173051 ], [ -78.983996673423235, 53.344273498432926 ], [ -78.982765667134288, 53.351992627199117 ], [ -78.958651544967353, 53.364492402459781 ], [ -78.958821755859532, 53.369995314684438 ], [ -78.949506639833373, 53.377853807375544 ], [ -78.966460406440945, 53.3865734310981 ], [ -78.986121679813508, 53.388604241316585 ], [ -78.983147163090337, 53.390659651458627 ], [ -78.983612501555257, 53.399962750852389 ], [ -78.986426018222019, 53.401936975074051 ], [ -79.007621010145357, 53.401911748574911 ], [ -79.00580930384578, 53.404742033622902 ], [ -79.015784687232411, 53.407691398540329 ], [ -79.031793212506415, 53.405214758736257 ], [ -79.035927736608727, 53.408212961066518 ], [ -79.065268195874239, 53.408019062042669 ], [ -79.066466824539589, 53.418883343671283 ], [ -79.07741967689833, 53.440909445074453 ], [ -79.087726897978825, 53.446830974392675 ], [ -79.094938806598392, 53.442409460033005 ], [ -79.10483260766901, 53.442520972690033 ], [ -79.10245165182647, 53.447330523017456 ], [ -79.098840746539324, 53.446775153335601 ], [ -79.093967442499221, 53.451273855104645 ], [ -79.096468715833979, 53.454746394235116 ], [ -79.092560572184155, 53.460996984436704 ], [ -79.104139976574857, 53.467215826170431 ], [ -79.11209153437207, 53.46535453431644 ], [ -79.117081538269503, 53.480554622037026 ], [ -79.14282783490178, 53.491244031357965 ], [ -79.139896095671702, 53.491993009594921 ], [ -79.136617162103548, 53.503047669262095 ], [ -79.121079552285394, 53.502969908545602 ], [ -79.111638640122351, 53.508305882748097 ], [ -79.086894463571923, 53.546410562874563 ], [ -79.073548889549116, 53.587612234544963 ], [ -79.069719707823765, 53.590665616234809 ], [ -79.071410436956683, 53.595663261917039 ], [ -79.059766881196012, 53.600940664451443 ], [ -79.055418054556753, 53.606273308029174 ], [ -79.077658305946045, 53.632941793601681 ], [ -79.103435925326096, 53.671499528106693 ], [ -79.115699091254029, 53.681083621868048 ], [ -79.150251478837603, 53.69197430518345 ], [ -79.155026470401836, 53.705084429131567 ], [ -79.130419133649298, 53.712283257870574 ], [ -79.123671817341148, 53.718919494226576 ], [ -79.126800003262659, 53.719220974659009 ], [ -79.117697193527974, 53.723583578730896 ], [ -79.13019030541912, 53.721891798084243 ], [ -79.115134245499121, 53.726556227213813 ], [ -79.090023241766289, 53.749478470118852 ], [ -79.099324193379104, 53.755642683133019 ], [ -79.088073703288373, 53.751281416184135 ], [ -79.082520856772561, 53.75756016445834 ], [ -79.083574714811121, 53.787556402800838 ], [ -79.079914791860006, 53.792305768624374 ], [ -79.086602298812593, 53.798060043151132 ], [ -79.088154933764429, 53.813196029971245 ], [ -79.095857257730373, 53.814952039636644 ], [ -79.088718223848545, 53.823611430075964 ], [ -79.089574362015938, 53.82864746890769 ], [ -79.090361353100008, 53.826035718810722 ], [ -79.103241336877986, 53.826284624844178 ], [ -79.116085643848677, 53.831812138468585 ], [ -79.08973995636326, 53.834867052662858 ], [ -79.092548111058562, 53.863924664851922 ], [ -79.080920632206187, 53.870978928273487 ], [ -79.097248755670265, 53.880225314030646 ], [ -79.103922228408535, 53.892282089402848 ], [ -79.100722046948434, 53.893505291586244 ], [ -79.101383073249963, 53.897781608856455 ], [ -79.106280962609759, 53.903415880148742 ], [ -79.110534316756926, 53.901668611695392 ], [ -79.109919454951765, 53.896868129576546 ], [ -79.115062728974323, 53.895534100775016 ], [ -79.117494443886201, 53.896030155764159 ], [ -79.113918729414948, 53.896893070562086 ], [ -79.116500930224205, 53.897000238873431 ], [ -79.113441606722304, 53.899447531254211 ], [ -79.115645812039887, 53.900778426383312 ], [ -79.125548146353694, 53.898777715457861 ], [ -79.127589735807462, 53.901416830835828 ], [ -79.142772844580236, 53.901033050397288 ], [ -79.122161464125867, 53.902473334948844 ], [ -79.12583889886038, 53.903781024822266 ], [ -79.124580066187491, 53.907750544623823 ], [ -79.110132503596972, 53.907026897635639 ], [ -79.202354285376344, 53.989278669863154 ], [ -79.209882381069718, 53.989638024673582 ], [ -79.20352613880911, 53.991059645175824 ], [ -79.264130528422726, 54.039863231852742 ], [ -79.262042087015701, 54.040866888676334 ], [ -79.288238169556237, 54.063365216729593 ], [ -79.294620444357875, 54.063144109498936 ], [ -79.294379144023267, 54.069031293400187 ], [ -79.310541119439151, 54.084894780144317 ], [ -79.320522411757977, 54.08436215407918 ], [ -79.319377362245902, 54.087783541744287 ], [ -79.313435787017127, 54.08853144478703 ], [ -79.375377454282258, 54.155093229238027 ], [ -79.384293725016349, 54.164310663515224 ], [ -79.395519149631824, 54.163117355079443 ], [ -79.38602182639805, 54.166563581196968 ], [ -79.395151484616321, 54.176421965600532 ], [ -79.463299733630123, 54.221058635100988 ], [ -79.46786251756329, 54.220980477764662 ], [ -79.469445409973957, 54.224925524563226 ], [ -79.478878794881624, 54.221281557325277 ], [ -79.478166347853332, 54.22475405013806 ], [ -79.469996983102121, 54.225642227237785 ], [ -79.476608224702147, 54.230114916063634 ], [ -79.481796316691714, 54.22964922391796 ], [ -79.478638140219545, 54.231282928116691 ], [ -79.48229485281054, 54.2603375406472 ], [ -79.487212819289198, 54.261565361546303 ], [ -79.484475341494019, 54.262141833473805 ], [ -79.484243430776402, 54.276399181895002 ], [ -79.490525022262418, 54.277087810177463 ], [ -79.484275134984372, 54.279538761809192 ], [ -79.486130846331918, 54.291151021096823 ], [ -79.481768461581012, 54.294031883400514 ], [ -79.481332421810819, 54.300922282896515 ], [ -79.48675303067067, 54.305813950840594 ], [ -79.482990929818683, 54.31131498552444 ], [ -79.474002184472937, 54.315034349244229 ], [ -79.472277053685119, 54.326760708150765 ], [ -79.477997693271035, 54.333061287465277 ], [ -79.485073615159507, 54.335205144480973 ], [ -79.482861670772692, 54.342151464393503 ], [ -79.485863496982518, 54.349566307604995 ], [ -79.51391326292638, 54.365564726744473 ], [ -79.499774792561439, 54.370341217152756 ], [ -79.495997362104831, 54.374402766601044 ], [ -79.49736258625957, 54.37684214940554 ], [ -79.492364399932143, 54.377841919078833 ], [ -79.501711805495404, 54.390728553530721 ], [ -79.515917554766858, 54.386317271031807 ], [ -79.507240919530332, 54.390761507237805 ], [ -79.510805665261913, 54.393895474295533 ], [ -79.504548865927589, 54.396895755929393 ], [ -79.505832777061585, 54.402507703748469 ], [ -79.517643577587549, 54.404146115423643 ], [ -79.508865851674571, 54.414455263010993 ], [ -79.524916259230963, 54.432372443513735 ], [ -79.5348535104566, 54.432930619086093 ], [ -79.527503031113156, 54.43559501075778 ], [ -79.536632317734771, 54.446119897685463 ], [ -79.531051003719625, 54.451590202465994 ], [ -79.535634794678955, 54.461346070996399 ], [ -79.540299279420879, 54.460620315712589 ], [ -79.535992318731729, 54.463236627724875 ], [ -79.575726292980278, 54.459145961527064 ], [ -79.578557381031672, 54.460317671605296 ], [ -79.576160194065665, 54.46326354072653 ], [ -79.596561078842171, 54.465817806945147 ], [ -79.579609545859896, 54.470481631270239 ], [ -79.578363333176739, 54.474765292331519 ], [ -79.564111464340129, 54.477763695398714 ], [ -79.567469959774101, 54.471372878261256 ], [ -79.56613662664769, 54.466152021670162 ], [ -79.550745791075968, 54.464183173146253 ], [ -79.536110531111689, 54.467124102174829 ], [ -79.536739924736693, 54.473035520346365 ], [ -79.544299313097611, 54.470814556205333 ], [ -79.557026750779585, 54.47498401074909 ], [ -79.537421869621255, 54.481147565308468 ], [ -79.543714082445632, 54.500181772034225 ], [ -79.539359758598053, 54.502593270713341 ], [ -79.540633700675258, 54.505875116563274 ], [ -79.536387134061428, 54.51226537975834 ], [ -79.544530179280031, 54.507897007768683 ], [ -79.550640041949165, 54.512096667255761 ], [ -79.534751468435076, 54.516404594122704 ], [ -79.533912966230375, 54.519209409445075 ], [ -79.555940885907589, 54.530427050776616 ], [ -79.57483026724519, 54.525017493944723 ], [ -79.597169774842243, 54.528765113277103 ], [ -79.577948003889247, 54.533122341333801 ], [ -79.559249270467646, 54.53156469058154 ], [ -79.573464797335404, 54.538621375672726 ], [ -79.583049711235731, 54.53728685646351 ], [ -79.612229807210085, 54.556794081478074 ], [ -79.632780058128063, 54.547872003147802 ], [ -79.630190167612326, 54.550570873580057 ], [ -79.636843466058608, 54.550984794622956 ], [ -79.612638593976342, 54.557322351794419 ], [ -79.618953105853265, 54.562764072564867 ], [ -79.625807320910695, 54.563460741022865 ], [ -79.624977055510499, 54.567570162566383 ], [ -79.657146298300148, 54.594679801944729 ], [ -79.661805139375204, 54.595373693654537 ], [ -79.659425536515343, 54.596402531282166 ], [ -79.667387349784363, 54.603377768881614 ], [ -79.671998901323093, 54.601708726387827 ], [ -79.668198871096791, 54.603903152561209 ], [ -79.685897854541835, 54.618433359676438 ], [ -79.741117434768398, 54.629796546915614 ], [ -79.752760641500259, 54.629207747940683 ], [ -79.756789100654416, 54.624239929139812 ], [ -79.76459752411165, 54.622655093415752 ], [ -79.761250586868556, 54.626483466686544 ], [ -79.763461058405113, 54.631962262591394 ], [ -79.753451644691012, 54.638514653994022 ], [ -79.751643981020379, 54.649093939056897 ], [ -79.710170930937579, 54.660459580201412 ], [ -79.698200192909113, 54.659295422740428 ], [ -79.686027390748563, 54.666458122489203 ], [ -79.686423761918945, 54.669209380511347 ], [ -79.664112726063564, 54.675959019362679 ], [ -79.654024049463743, 54.68968528818899 ], [ -79.64598337728178, 54.694769081379903 ], [ -79.618583094470623, 54.70262733876222 ], [ -79.614248075641399, 54.698463119560024 ], [ -79.600087443581785, 54.700768026509529 ], [ -79.585941509336749, 54.708988064183558 ], [ -79.579335696305691, 54.717821612931829 ], [ -79.564885491934461, 54.723793905835393 ], [ -79.547883313493173, 54.727241694422219 ], [ -79.527502698755129, 54.724733689963308 ], [ -79.493106867919607, 54.734845683018612 ], [ -79.469989319670304, 54.745572350790155 ], [ -79.44887481080471, 54.759989440463549 ], [ -79.388622519018739, 54.766183794552077 ], [ -79.360745984959394, 54.764270084530402 ], [ -79.307129934807392, 54.777102684282532 ], [ -79.274040389833914, 54.789513403606918 ], [ -79.260041544405894, 54.787353558317548 ], [ -79.227641778426147, 54.798237210454225 ], [ -79.190509357484245, 54.797765589316093 ], [ -79.118606163590286, 54.812211234421852 ], [ -79.101659608166713, 54.818854051563306 ], [ -79.044338274976766, 54.823719862806364 ], [ -79.010110814123578, 54.838577295725329 ], [ -78.995630905666474, 54.83280253235754 ], [ -78.982575865395489, 54.833496079413926 ], [ -78.955655242522354, 54.850969108498916 ], [ -78.942627488968498, 54.854603360176888 ], [ -78.941818011464392, 54.867240535463495 ], [ -78.953365084962215, 54.874440422086501 ], [ -78.945511384838724, 54.87635106370675 ], [ -78.943058673200014, 54.872995044966174 ], [ -78.896223631790718, 54.885995694913369 ], [ -78.891674719545478, 54.88793422943089 ], [ -78.896088734993427, 54.894464388209528 ], [ -78.891468711170447, 54.897520475957613 ], [ -78.87861554434518, 54.896133126965431 ], [ -78.875719541067681, 54.900493291984105 ], [ -78.841161499232584, 54.908467072865804 ], [ -78.833432841262763, 54.913855223458334 ], [ -78.829716475189841, 54.910465118457076 ], [ -78.808687935004912, 54.90754753783672 ], [ -78.784698545219015, 54.907273008898812 ], [ -78.784361316955099, 54.912242963465324 ], [ -78.762974689299639, 54.916936937216065 ], [ -78.752063138924086, 54.923938555755086 ], [ -78.740902012179788, 54.924411363396459 ], [ -78.742239906376099, 54.92258153571494 ], [ -78.738369759321102, 54.919881351932474 ], [ -78.731482531032498, 54.921940208452263 ], [ -78.738402212214126, 54.922411095994427 ], [ -78.726891563638063, 54.925688670764892 ], [ -78.712483593222984, 54.93499699877556 ], [ -78.679618200469037, 54.934914905830432 ], [ -78.652610266718341, 54.948106345571503 ], [ -78.631364167075063, 54.949105958776471 ], [ -78.633715280130488, 54.951799230780352 ], [ -78.630602817785302, 54.954388754432834 ], [ -78.618941794042868, 54.955608638851203 ], [ -78.591223577725742, 54.965608604357577 ], [ -78.552803469280576, 54.991383099211596 ], [ -78.530947704790592, 54.991272987148427 ], [ -78.49583422451559, 55.003193768452597 ], [ -78.474635993488462, 55.004495615831097 ], [ -78.460997519955569, 55.010133545228548 ], [ -78.438325251350207, 55.012967786823914 ], [ -78.426429959035374, 55.020661755786634 ], [ -78.410688603551137, 55.018523148283862 ], [ -78.393966578965248, 55.021799214814017 ], [ -78.364452363338685, 55.03157989668307 ], [ -78.354067527468715, 55.031915359080394 ], [ -78.3324150663003, 55.041384372983785 ], [ -78.317916294268272, 55.04226894341744 ], [ -78.307629279477098, 55.049105741261812 ], [ -78.306222478415563, 55.054243567680459 ], [ -78.293933960629801, 55.055687277039546 ], [ -78.281635628714341, 55.063328396583771 ], [ -78.282469816360106, 55.066935643513915 ], [ -78.273325141551581, 55.079744005436339 ], [ -78.219356055028342, 55.10390869940526 ], [ -78.206222412239939, 55.10619351418211 ], [ -78.197755931073942, 55.120358899527616 ], [ -78.12723033357058, 55.149748024024703 ], [ -78.110260530050283, 55.154917153616296 ], [ -78.103898350144675, 55.153776746683263 ], [ -78.06593786453918, 55.169914804196843 ], [ -78.032599501420066, 55.176772811384261 ], [ -78.032038199519505, 55.180220853710637 ], [ -78.021701464024488, 55.183134095203009 ], [ -78.013947334812244, 55.189745048595455 ], [ -78.008085836209261, 55.18852644662411 ], [ -77.971781651032998, 55.204972361962888 ], [ -77.915449406968918, 55.218276901939348 ], [ -77.908829424430081, 55.224939000017002 ], [ -77.902749880189205, 55.225915351580895 ], [ -77.900523908553382, 55.233581220651473 ], [ -77.883752473413324, 55.23622457595178 ], [ -77.868121407915524, 55.244280202938242 ], [ -77.86842131904514, 55.249191328441867 ], [ -77.857340621857958, 55.249578998688079 ], [ -77.850722762651628, 55.25247404213917 ], [ -77.848340413421539, 55.257307959596403 ], [ -77.833826608887961, 55.254919363504136 ], [ -77.82853415658515, 55.258829118077301 ], [ -77.789715595670586, 55.269637576484953 ], [ -77.770999705914392, 55.281415454471151 ], [ -77.756947646633918, 55.300722148783336 ], [ -77.750077352004624, 55.302085914377699 ], [ -77.746889840050557, 55.312559615991049 ], [ -77.73488753823986, 55.317163437699058 ], [ -77.735689244119499, 55.324721486968585 ], [ -77.727051692102549, 55.327581823721445 ], [ -77.725764703797893, 55.333029044102041 ], [ -77.711543000132181, 55.332114272508726 ], [ -77.698823583430951, 55.337857502521786 ], [ -77.695435667797582, 55.345134009471053 ], [ -77.68101115567103, 55.349082216253962 ], [ -77.674740465276301, 55.358133718163771 ], [ -77.623480175293821, 55.38591457153629 ], [ -77.591350330741605, 55.387725561818094 ], [ -77.582995785780909, 55.385617037728537 ], [ -77.556896272140492, 55.398306368335895 ], [ -77.547198960375638, 55.408750238088771 ], [ -77.487284441949882, 55.444111302404743 ], [ -77.458789451396711, 55.467917893849481 ], [ -77.434003925798493, 55.48028102097684 ], [ -77.410011238426222, 55.500173308841944 ], [ -77.39505920098884, 55.503666677869944 ], [ -77.384173690065168, 55.511812988158233 ], [ -77.37308162355697, 55.51392028295556 ], [ -77.359863849427313, 55.521278202039525 ], [ -77.353229488479599, 55.531032669484539 ], [ -77.338084239839347, 55.536640080033919 ], [ -77.33677495242236, 55.545451720340324 ], [ -77.332225747805822, 55.548891850808737 ], [ -77.301919053653819, 55.564840504297422 ], [ -77.278243185410929, 55.57203497072932 ], [ -77.270968299859973, 55.579893952182751 ], [ -77.254167743218375, 55.582841988291086 ], [ -77.23916479150779, 55.592416995639319 ], [ -77.237749249212015, 55.597868421160214 ], [ -77.225687858071211, 55.610755168796679 ], [ -77.21699176825669, 55.611002572235137 ], [ -77.204235528273216, 55.616787082920723 ], [ -77.202605900540163, 55.623168738356483 ], [ -77.176242715071311, 55.643951852162239 ], [ -77.190232530842181, 55.659031304834329 ], [ -77.202266460129692, 55.659869742204584 ], [ -77.195259147637785, 55.664836244490417 ], [ -77.198095545171384, 55.670588699238849 ], [ -77.188048619858577, 55.676619114425471 ], [ -77.191258315930313, 55.679757756005223 ], [ -77.174604231743444, 55.683927298511037 ], [ -77.165853821448636, 55.69275776477577 ], [ -77.139423891857973, 55.705787467479233 ], [ -77.067091228378885, 55.763479733194423 ], [ -77.057365001815, 55.765279546894327 ], [ -77.035446102528539, 55.785145658030416 ], [ -77.003931228287342, 55.803086045151204 ], [ -76.994560537557973, 55.815594149653009 ], [ -76.994919039569737, 55.822921283036422 ], [ -76.979111939163587, 55.828063768265025 ], [ -76.958702129761363, 55.840533609714086 ], [ -76.961620194887615, 55.847506251928472 ], [ -76.940897341451858, 55.861480197336995 ], [ -76.940727513488909, 55.866759977378088 ], [ -76.932969078743241, 55.872174745187621 ], [ -76.927115008528105, 55.871836507988981 ], [ -76.923810292874975, 55.877587428321114 ], [ -76.907222108254814, 55.884368064901579 ], [ -76.886244407874443, 55.9006467606049 ], [ -76.884664080408044, 55.909981049427046 ], [ -76.877978253853286, 55.914836502243162 ], [ -76.875363496182743, 55.923481009558422 ], [ -76.842419526042235, 55.926095649443511 ], [ -76.830554594595213, 55.929840580751851 ], [ -76.829502844090456, 55.93576111154438 ], [ -76.823887724538721, 55.941506999863918 ], [ -76.823109780886028, 55.949262478326432 ], [ -76.810140730252087, 55.959061523360724 ], [ -76.812472312337661, 55.961428086017214 ], [ -76.806524281475902, 55.973673006279824 ], [ -76.808165680707219, 55.982146160576733 ], [ -76.798601482118571, 55.988567361621655 ], [ -76.800666111498543, 56.001145866244755 ], [ -76.776485785641356, 56.012342580207616 ], [ -76.735580930391777, 56.017704151762658 ], [ -76.708714460818811, 56.034340291167489 ], [ -76.698431944013564, 56.047786660612211 ], [ -76.693048674859156, 56.050289293613623 ], [ -76.687403758399356, 56.071346142975933 ], [ -76.687454429616906, 56.086455420679783 ], [ -76.680008864770002, 56.09145023214046 ], [ -76.67437492909815, 56.106371103390217 ], [ -76.650949243329308, 56.126006328438017 ], [ -76.649320117522137, 56.138704540711046 ], [ -76.644308319507616, 56.146290736240147 ], [ -76.660543199990798, 56.162623600376499 ], [ -76.650593769521691, 56.172928512412419 ], [ -76.65314395330644, 56.182567906441541 ], [ -76.650780340026458, 56.189508051209216 ], [ -76.670807795278122, 56.193877517656688 ], [ -76.626701324196162, 56.194290494363898 ], [ -76.617478693018597, 56.200068683029002 ], [ -76.618843796300425, 56.208292373620353 ], [ -76.62242375440168, 56.209592745100068 ], [ -76.619625548717721, 56.216980376081757 ], [ -76.626592479172558, 56.223819632769676 ], [ -76.626833664863724, 56.237591952025461 ], [ -76.614249899313307, 56.251649263202836 ], [ -76.598695652521101, 56.255318973898135 ], [ -76.566392135345126, 56.278543527585867 ], [ -76.561887860668563, 56.287543280877472 ], [ -76.566970640196701, 56.291289160450468 ], [ -76.556839328561409, 56.294151608151246 ], [ -76.549329602618329, 56.301570580670017 ], [ -76.547689845465186, 56.313483695204923 ], [ -76.551784917546925, 56.321567135178014 ], [ -76.548497878969584, 56.332683761316709 ], [ -76.551691391776771, 56.337705168669352 ], [ -76.549165807115742, 56.340704968792203 ], [ -76.559311494299124, 56.349375134832194 ], [ -76.545251720913484, 56.355515125857579 ], [ -76.543453125209496, 56.362431502222243 ], [ -76.534256464682898, 56.369205253336951 ], [ -76.52964687519578, 56.379820278165553 ], [ -76.535882520263556, 56.39870651092496 ], [ -76.544717173682514, 56.410486994300072 ], [ -76.531754412604968, 56.414155949683419 ], [ -76.524887838468629, 56.42698853114149 ], [ -76.531246745747922, 56.433098930406004 ], [ -76.527389466746484, 56.437542719610498 ], [ -76.527496075644819, 56.446015508469969 ], [ -76.521217247046096, 56.449047646052463 ], [ -76.521329496636923, 56.458402822470696 ], [ -76.528113118776659, 56.46704318282125 ], [ -76.54325089229846, 56.470297968088929 ], [ -76.552505340212988, 56.475799475862878 ], [ -76.550410941777258, 56.495991046121645 ], [ -76.552867233161734, 56.500216530375191 ], [ -76.547727709636106, 56.501180236058147 ], [ -76.546660632597735, 56.505241628087298 ], [ -76.555941558467822, 56.517657793983524 ], [ -76.540918309926568, 56.532242723099891 ], [ -76.545358826142177, 56.542435221341869 ], [ -76.558299101286053, 56.555605479608488 ], [ -76.545589625337172, 56.566131930774148 ], [ -76.53649211293434, 56.597517709311063 ], [ -76.550253875542595, 56.602850610907659 ], [ -76.545340514569034, 56.623879139513349 ], [ -76.548327854612296, 56.627410203268113 ], [ -76.531812103835122, 56.642129463571401 ], [ -76.542231784416728, 56.664690484911006 ], [ -76.537036156458143, 56.689299265309643 ], [ -76.539519718695871, 56.722241378116586 ], [ -76.536056819104246, 56.728024476692582 ], [ -76.539023851866233, 56.731493275532941 ], [ -76.538969043739996, 56.740990432530324 ], [ -76.534143680773042, 56.754220846267394 ], [ -76.539171772122231, 56.76680185527168 ], [ -76.534479782448884, 56.797168223103185 ], [ -76.535004050113614, 56.824554381085193 ], [ -76.54339380152777, 56.839995256614493 ], [ -76.542555385769589, 56.847888060167335 ], [ -76.546798148200281, 56.856470176201221 ], [ -76.543698752163479, 56.861528748023872 ], [ -76.552473712015683, 56.899226531849209 ], [ -76.563164966871199, 56.908948793058926 ], [ -76.560723829086655, 56.920003159427445 ], [ -76.56894768190223, 56.924195351170546 ], [ -76.5713098116033, 56.940563189642695 ], [ -76.567474709567833, 56.959061260376032 ], [ -76.570268886533029, 56.976617286266723 ], [ -76.564873648042365, 56.984951462776678 ], [ -76.566481203776206, 56.989397694817406 ], [ -76.561764188115504, 56.991344578151057 ], [ -76.567102988236769, 56.99680886251997 ], [ -76.563716405617427, 56.999868732064165 ], [ -76.564236424426724, 57.004757484637466 ], [ -76.570910987176248, 57.010925292504176 ], [ -76.576902317930063, 57.024787759690987 ], [ -76.571675909858584, 57.035283521256588 ], [ -76.576072763250195, 57.048845435545637 ], [ -76.574480286293166, 57.058370121046714 ], [ -76.566958917675976, 57.058622836994552 ], [ -76.562548086700716, 57.063926471447303 ], [ -76.566957013294868, 57.086010585243677 ], [ -76.561986988891476, 57.095174967887239 ], [ -76.581558519823616, 57.12920303394889 ], [ -76.586521130278001, 57.146169237442592 ], [ -76.592829952252771, 57.177864574689444 ], [ -76.592350246070922, 57.183953562486501 ], [ -76.587513270790637, 57.189115266245373 ], [ -76.596184644689586, 57.198584841313632 ], [ -76.606576974132068, 57.228732686829566 ], [ -76.616356750705535, 57.237143953306919 ], [ -76.616214733919449, 57.244923921790225 ], [ -76.620612422964541, 57.250196636341869 ], [ -76.61787766179998, 57.257981861221978 ], [ -76.622110439052733, 57.264480604200834 ], [ -76.625413500910398, 57.287314816932316 ], [ -76.639190899090067, 57.299983200341899 ], [ -76.63425068196598, 57.306286940344684 ], [ -76.638443328218585, 57.310536975374248 ], [ -76.636499438203757, 57.313286791716251 ], [ -76.656557901255823, 57.333786611714665 ], [ -76.667435544957016, 57.340007800433696 ], [ -76.657306655835541, 57.34442927390549 ], [ -76.657943744672565, 57.348089124678225 ], [ -76.665211411194619, 57.352594221477531 ], [ -76.657519899648378, 57.361676605409279 ], [ -76.66241489462432, 57.370035094343052 ], [ -76.687769003320184, 57.386262223720315 ], [ -76.677182062509999, 57.390342517038725 ], [ -76.67568169155652, 57.399648479313633 ], [ -76.689240751110617, 57.406844557135315 ], [ -76.697720958740447, 57.407646172038362 ], [ -76.700439898127769, 57.413981088342574 ], [ -76.698882352660689, 57.423512748614598 ], [ -76.704779112178912, 57.426257698573338 ], [ -76.700526482160797, 57.436847901628845 ], [ -76.710722952744547, 57.438236029312833 ], [ -76.715658491057795, 57.446731328190054 ], [ -76.730394661309262, 57.449041795089357 ], [ -76.760322883068184, 57.461092532782239 ], [ -76.758133162001826, 57.463737959701987 ], [ -76.7629495859385, 57.478593117939724 ], [ -76.770027391412114, 57.484844175229959 ], [ -76.769588455839809, 57.488624264104232 ], [ -76.777194873582047, 57.493454238299783 ], [ -76.780583773551783, 57.50104351007689 ], [ -76.773921897036388, 57.511375704595288 ], [ -76.787159306641016, 57.524122304759274 ], [ -76.787718664016708, 57.528237601662347 ], [ -76.794353728664589, 57.530712123337928 ], [ -76.791160678414826, 57.536623215018153 ], [ -76.803946941475658, 57.546545645841164 ], [ -76.812223983027025, 57.559961089331026 ], [ -76.823798109707383, 57.565567206627961 ], [ -76.822276041846294, 57.574374277756505 ], [ -76.827075169739089, 57.582097981092637 ], [ -76.845232303174015, 57.599321993627484 ], [ -76.852480266214343, 57.6145684224985 ], [ -76.866302528914602, 57.62579511842555 ], [ -76.864562274553663, 57.628570285429447 ], [ -76.844279255328942, 57.632294443254061 ], [ -76.840758888004828, 57.640324739451572 ], [ -76.844060787678217, 57.65004600354542 ], [ -76.853597026881786, 57.652184785180658 ], [ -76.859840576760163, 57.660823675345519 ], [ -76.86575295361888, 57.675713058347192 ], [ -76.865670595545026, 57.684573403637337 ], [ -76.872701878320555, 57.686848857161756 ], [ -76.873981408345671, 57.691237336348863 ], [ -76.885568659552376, 57.694271071238106 ], [ -76.884236044083863, 57.697603528470012 ], [ -76.892483180090693, 57.702377688548104 ], [ -76.891277879335519, 57.706468524092301 ], [ -76.895562650285214, 57.707577229490404 ], [ -76.893140996206867, 57.716105051436074 ], [ -76.901199797772804, 57.720905653128874 ], [ -76.899898401741936, 57.725328724059963 ], [ -76.910667537341737, 57.732103766225713 ], [ -76.907890995748119, 57.736438043514134 ], [ -76.921418362479088, 57.745770509051098 ], [ -76.919394879253929, 57.751604793407189 ], [ -76.927504807644709, 57.75921684484598 ], [ -76.949007180061045, 57.7668830251312 ], [ -76.947316200268801, 57.77240845406422 ], [ -76.960640995496576, 57.779437884017888 ], [ -76.966818533887079, 57.790968114244485 ], [ -76.979282500106109, 57.799910811933707 ], [ -76.976842658321374, 57.801609525730491 ], [ -76.984172540645702, 57.807248311570383 ], [ -76.98534261801521, 57.813435018996877 ], [ -76.996067261062592, 57.816412608278924 ], [ -77.003984279805294, 57.836664704006139 ], [ -77.011757673382292, 57.847164959106109 ], [ -77.035230022468212, 57.855167072652343 ], [ -77.040592989620478, 57.862248517036591 ], [ -77.050424081128909, 57.867388483880866 ], [ -77.049171377077329, 57.869687371214567 ], [ -77.055843494884869, 57.878053912335901 ], [ -77.046259578868643, 57.887249443787439 ], [ -77.04906732441431, 57.892802849120621 ], [ -77.073985645790117, 57.896910800476071 ], [ -77.080563839567759, 57.902360191852999 ], [ -77.083787010730475, 57.913467605002865 ], [ -77.090231175035314, 57.915610776684488 ], [ -77.092480582142741, 57.92002798065068 ], [ -77.090420253365949, 57.922384456644295 ], [ -77.09365077210056, 57.925137506475473 ], [ -77.087513882561879, 57.927081014602891 ], [ -77.089757896209036, 57.929918426341999 ], [ -77.13229882999866, 57.94619285708697 ], [ -77.150420094793262, 57.95605713932197 ], [ -77.155438658024536, 57.962111630056057 ], [ -77.162183818356169, 57.963056469639476 ], [ -77.158353307892909, 57.965695706723203 ], [ -77.159880929582059, 57.967830884537484 ], [ -77.174131780331038, 57.977918617325635 ], [ -77.173939198021316, 57.993080474116162 ], [ -77.190630306728494, 58.000250440697798 ], [ -77.200031349733095, 58.00075109208624 ], [ -77.207830588481286, 58.011111631471088 ], [ -77.226029518429641, 58.007640003314989 ], [ -77.236691754281097, 58.008917637580872 ], [ -77.231166419894038, 58.012282433064001 ], [ -77.239503749848964, 58.013836608981002 ], [ -77.240177605559353, 58.017442170170547 ], [ -77.213299317163703, 58.019059072648218 ], [ -77.223055784067597, 58.027307082341807 ], [ -77.23688834803481, 58.030113172342446 ], [ -77.25411496648978, 58.042476505774957 ], [ -77.260038949196471, 58.050363244386936 ], [ -77.292172859046318, 58.056118106986872 ], [ -77.296097388286853, 58.068114733848375 ], [ -77.312055272301095, 58.075281850915353 ], [ -77.322150839564614, 58.076360630941487 ], [ -77.322316390802044, 58.079609627736978 ], [ -77.334395692959646, 58.082026505896351 ], [ -77.342200552535843, 58.087311812881204 ], [ -77.36717606855828, 58.088726434249054 ], [ -77.374138933429748, 58.093395718586727 ], [ -77.393425968295276, 58.097340236446115 ], [ -77.39749485026536, 58.103310696591663 ], [ -77.395412603805028, 58.107534185560105 ], [ -77.401117747483241, 58.115391420558375 ], [ -77.399720696818662, 58.118586743443011 ], [ -77.404452777958468, 58.120528299448345 ], [ -77.409450370863269, 58.128810978111645 ], [ -77.429233632296885, 58.1322293702503 ], [ -77.441114064929224, 58.140948037466352 ], [ -77.45054056663092, 58.13908945934584 ], [ -77.462360223998203, 58.144055967450512 ], [ -77.470592780640189, 58.14327797995567 ], [ -77.491802459516904, 58.148896052556282 ], [ -77.509720579872408, 58.158923140072034 ], [ -77.527388868662186, 58.1606717970487 ], [ -77.528726719360961, 58.162367964392885 ], [ -77.522577999351697, 58.163254619643297 ], [ -77.56117282997738, 58.210177291593382 ], [ -77.594975734194549, 58.222066219700928 ], [ -77.593057036817456, 58.224393092948027 ], [ -77.578869110330217, 58.221919795602901 ], [ -77.572533202472741, 58.224281793838969 ], [ -77.587314988091904, 58.225978961116937 ], [ -77.589083410564967, 58.230119561734497 ], [ -77.604505727555193, 58.23028284792462 ], [ -77.61256074468028, 58.235008621903049 ], [ -77.619287260360011, 58.233032257320943 ], [ -77.643050161064991, 58.23664145761083 ], [ -77.617817130773858, 58.238007424306652 ], [ -77.630237756727624, 58.244367334582449 ], [ -77.637582624139853, 58.253423912420736 ], [ -77.651746270149459, 58.257117525095865 ], [ -77.650225433966597, 58.263950232321029 ], [ -77.66377011145299, 58.268615368882429 ], [ -77.671804963031207, 58.267198852738176 ], [ -77.682502973064018, 58.273175091979617 ], [ -77.721027038465948, 58.274618860191566 ], [ -77.737954642584654, 58.281229031439629 ], [ -77.748398509740483, 58.280869993461764 ], [ -77.757837816718521, 58.286170754051639 ], [ -77.769284301139038, 58.286732999658874 ], [ -77.777868061376253, 58.296586551553041 ], [ -77.803585009707987, 58.301034965450761 ], [ -77.810106436766731, 58.306790682428101 ], [ -77.831122708671359, 58.30884096923365 ], [ -77.841881897732037, 58.312593277073574 ], [ -77.842075203857263, 58.315680107719984 ], [ -77.846437155303519, 58.31434501226159 ], [ -77.854718464952981, 58.316260613555606 ], [ -77.85585140239138, 58.319145774117594 ], [ -77.867630731642919, 58.319096697329755 ], [ -77.880065530885219, 58.323705791605725 ], [ -77.885334977151345, 58.322011014977519 ], [ -77.906042529157205, 58.329063396899521 ], [ -77.9103485801038, 58.332788441834609 ], [ -77.909906865749221, 58.338287472979161 ], [ -77.963939730562288, 58.340010039331332 ], [ -77.967067387893863, 58.344143311013738 ], [ -77.988906799944104, 58.347644305565261 ], [ -77.9907126084738, 58.35181452905131 ], [ -77.999995990625607, 58.352833038551822 ], [ -78.035096558144886, 58.367093748904274 ], [ -78.090614838175398, 58.367456195721182 ], [ -78.10609970616801, 58.375676721197422 ], [ -78.143403032842357, 58.379284440634351 ], [ -78.142746159080318, 58.383393879405418 ], [ -78.15209727341589, 58.385260546048563 ], [ -78.165296983824916, 58.393203309484406 ], [ -78.181107360137403, 58.394396914995923 ], [ -78.185700381939071, 58.39936752689843 ], [ -78.203842077761891, 58.401536609534958 ], [ -78.209416068159896, 58.411225913635135 ], [ -78.213036157179587, 58.411395687190087 ], [ -78.209929657505313, 58.412590596693981 ], [ -78.220314220655965, 58.43919840666652 ], [ -78.245669073044539, 58.447809929253339 ], [ -78.242896737317778, 58.44973119127058 ], [ -78.246091966108295, 58.451202505480538 ], [ -78.243423778441283, 58.451734024109228 ], [ -78.254652788288766, 58.457117791747066 ], [ -78.226200683461059, 58.454343716994195 ], [ -78.240316480960573, 58.49417933751208 ], [ -78.25406448191832, 58.497674410891932 ], [ -78.264925260629568, 58.49583868934284 ], [ -78.26120058972046, 58.50023538275299 ], [ -78.284231686208486, 58.501616196014965 ], [ -78.277060241779694, 58.505144246644541 ], [ -78.365714746346512, 58.531650070203028 ], [ -78.383826417779559, 58.533562786836811 ], [ -78.397163854891787, 58.539650409464663 ], [ -78.426287001964567, 58.541202695533038 ], [ -78.426876717205388, 58.546927682146674 ], [ -78.440597171327909, 58.54865057351477 ], [ -78.447211039825831, 58.557569756194482 ], [ -78.460336963108858, 58.563380159357713 ], [ -78.460179914797777, 58.568348269220685 ], [ -78.480021271157128, 58.574161079863799 ], [ -78.482941451553685, 58.590211715757029 ], [ -78.478441355318481, 58.594241718516606 ], [ -78.477578436468079, 58.604298330092497 ], [ -78.487905273632066, 58.617826033083894 ], [ -78.507989334404357, 58.623994426506819 ], [ -78.50644697773545, 58.629858135288316 ], [ -78.522471089799254, 58.63713688997872 ], [ -78.552773913492913, 58.643745928690684 ], [ -78.558639671119749, 58.641657332799355 ], [ -78.583193502931508, 58.643554841760206 ], [ -78.586719742448437, 58.648885355452109 ], [ -78.593337114195037, 58.650300046646109 ], [ -78.593975147389017, 58.653110057500456 ], [ -78.588338836149575, 58.653492646549971 ], [ -78.591664808338678, 58.668582937038259 ], [ -78.597769286623461, 58.676468077962753 ], [ -78.554694215495729, 58.692526798198912 ], [ -78.55324876193545, 58.697799090853437 ], [ -78.560106340856805, 58.698306112348632 ], [ -78.557112044744727, 58.700635885296386 ], [ -78.560254287682042, 58.703219843980648 ], [ -78.555500747995083, 58.704498671545785 ], [ -78.552570961950806, 58.699968028697953 ], [ -78.543299731204613, 58.730001096032666 ], [ -78.546601101375174, 58.73347324484255 ], [ -78.541583240307745, 58.735527685647476 ], [ -78.539245759511132, 58.743022897879712 ], [ -78.541381494691919, 58.747023735159701 ], [ -78.538028039603702, 58.750249341343199 ], [ -78.559663760305526, 58.75613637108264 ], [ -78.563691147738155, 58.760663791520045 ], [ -78.57944458064577, 58.766383363902065 ], [ -78.586221758236221, 58.774386998150788 ], [ -78.586295183560566, 58.778691589569725 ], [ -78.596078587944604, 58.783912758346361 ], [ -78.60236152088595, 58.792139515083001 ], [ -78.597776351221626, 58.798275856273087 ], [ -78.608413339348786, 58.794606669140492 ], [ -78.614974270220912, 58.796114062528275 ], [ -78.615659512635631, 58.80039230719607 ], [ -78.629361469857031, 58.80630457314642 ], [ -78.624336988836077, 58.810250642994241 ], [ -78.631189504536493, 58.81260907435081 ], [ -78.627382740458259, 58.815472956928232 ], [ -78.611854991226252, 58.81108430860845 ], [ -78.597749609566634, 58.814219169006606 ], [ -78.585712734536031, 58.811583951977092 ], [ -78.583025979251786, 58.814975729692087 ], [ -78.586079995781091, 58.817165835661335 ], [ -78.582223919886346, 58.820137737499245 ], [ -78.584441114504614, 58.824947237837158 ], [ -78.580781318968477, 58.824698284081983 ], [ -78.578110166230417, 58.820083867238601 ], [ -78.575108984036135, 58.823608582849211 ], [ -78.579052234883093, 58.823974263866262 ], [ -78.579834006834091, 58.827998406185024 ], [ -78.572002648783709, 58.827441065469174 ], [ -78.560270666754121, 58.840219874311586 ], [ -78.563157984499682, 58.842029485334542 ], [ -78.556889083727143, 58.843580034713817 ], [ -78.557043534315724, 58.851530713388691 ], [ -78.561691973197469, 58.854054249762385 ], [ -78.560070586833291, 58.857251268382278 ], [ -78.565832173697956, 58.866366453401973 ], [ -78.564578174242982, 58.870560344785822 ], [ -78.571654548616394, 58.877499307278079 ], [ -78.570523909146473, 58.892498492538067 ], [ -78.580382676458015, 58.898504720820611 ], [ -78.580608276201886, 58.903277366902309 ], [ -78.584192830931045, 58.905277137104555 ], [ -78.579718112970184, 58.906528729392939 ], [ -78.580135559887168, 58.91472836467846 ], [ -78.57621795243827, 58.919669426575588 ], [ -78.542612242069879, 58.937645433329521 ], [ -78.542167632370678, 58.94195042387323 ], [ -78.554409743950245, 58.949193932929127 ], [ -78.52612766302228, 58.95203368466882 ], [ -78.354848938502428, 59.034613221185253 ], [ -78.351243520184681, 59.033974184815946 ], [ -78.311899410212519, 59.053333274395115 ], [ -78.298764531000472, 59.055606063874045 ], [ -78.303771432682325, 59.05661098434144 ], [ -78.297294951477639, 59.057856949383641 ], [ -78.296067854164775, 59.063556467381815 ], [ -78.246818246036426, 59.116308477668049 ], [ -78.251296128779344, 59.117557303142185 ], [ -78.250729848573116, 59.114357065802025 ], [ -78.25371220750246, 59.117999078068493 ], [ -78.252121234848545, 59.120024611404453 ], [ -78.257261617936209, 59.120891075022996 ], [ -78.250260767458258, 59.121251615160325 ], [ -78.249482628783014, 59.125108656561245 ], [ -78.244459790468852, 59.126111891128055 ], [ -78.240489894158017, 59.121782606802121 ], [ -78.195802608467346, 59.158424732374087 ], [ -78.191682651967866, 59.16397735496458 ], [ -78.196058272591301, 59.166622746322851 ], [ -78.184496341329577, 59.16961847879373 ], [ -78.195695369034723, 59.17158801276679 ], [ -78.189559283852986, 59.17606566446932 ], [ -78.191693111136175, 59.17920458548295 ], [ -78.18246023279913, 59.179983636810498 ], [ -78.179056160620547, 59.177869443002798 ], [ -78.182112841420476, 59.17589804642855 ], [ -78.17822130866459, 59.174844782657857 ], [ -78.165354821054379, 59.185952517286168 ], [ -78.17074675823477, 59.186092132795586 ], [ -78.168885765334323, 59.192421365719518 ], [ -78.190108873685432, 59.194146348396792 ], [ -78.165714986778312, 59.194425868576936 ], [ -78.158528936922337, 59.191783504035079 ], [ -78.151890545759755, 59.195117223056741 ], [ -78.146267302220807, 59.204367569126532 ], [ -78.142859514747997, 59.218255507294387 ], [ -78.085078076266939, 59.221367214070263 ], [ -78.079347293976156, 59.226151317599111 ], [ -78.056210738728993, 59.229786001618827 ], [ -77.996875160139069, 59.25939536539893 ], [ -78.00556405058289, 59.258896088082693 ], [ -78.003293970103968, 59.262509970207077 ], [ -77.989116788593122, 59.262178293416042 ], [ -77.988737345824376, 59.266089005296436 ], [ -77.995367294958839, 59.268450515584725 ], [ -77.987963147910818, 59.267288102752111 ], [ -77.987235124592715, 59.270678332734605 ], [ -77.991170568106085, 59.272538177645608 ], [ -77.98657144389945, 59.272340979915278 ], [ -77.985452815671536, 59.275176148262688 ], [ -77.989204065939205, 59.276117479839172 ], [ -77.985577034276872, 59.275868435538989 ], [ -77.984492651070198, 59.278781723423883 ], [ -77.950256929080183, 59.403487044511522 ], [ -77.95267218597813, 59.410260379782294 ], [ -77.945835899344971, 59.412538683246723 ], [ -77.938231507470093, 59.433596963332867 ], [ -77.940696619118015, 59.436851865281319 ], [ -77.915756844403745, 59.481017432852049 ], [ -77.909255609665379, 59.485959694010866 ], [ -77.905175955801539, 59.500985801679931 ], [ -77.901750071353362, 59.501819028499732 ], [ -77.90873035377858, 59.506956099700034 ], [ -77.894942799265124, 59.506909514465541 ], [ -77.882131221590626, 59.512126624814201 ], [ -77.883227522471515, 59.516264468360056 ], [ -77.869473008166736, 59.518817838480373 ], [ -77.864829231520616, 59.529153141328756 ], [ -77.869860359388127, 59.534437935885698 ], [ -77.846054344786225, 59.552319419783281 ], [ -77.852052571931438, 59.570877038052501 ], [ -77.835250200315073, 59.588575327567881 ], [ -77.83478106355571, 59.601215222755073 ], [ -77.842920148726193, 59.611793071330567 ], [ -77.866001339489657, 59.617739094625975 ], [ -77.879129306344552, 59.62449043336467 ], [ -77.878137458703392, 59.635770355276399 ], [ -77.866576768395717, 59.642133914082066 ], [ -77.861767432719859, 59.646629321919725 ], [ -77.863670860164007, 59.651217067353329 ], [ -77.855693653083904, 59.65549577861723 ], [ -77.864185644923012, 59.679018643492682 ], [ -77.859904086388866, 59.692962861740128 ], [ -77.849798539154023, 59.70566266359814 ], [ -77.853614697501968, 59.718913431849508 ], [ -77.847557109613675, 59.726276366232256 ], [ -77.806776029095587, 59.745798731999137 ], [ -77.752960116737881, 59.762857063698519 ], [ -77.54508987553146, 59.75638169159383 ], [ -77.509676477661174, 59.775406454654501 ], [ -77.494493008556404, 59.776462559874545 ], [ -77.468528807284542, 59.794629352293214 ], [ -77.476338460664991, 59.799104989334985 ], [ -77.473551740821236, 59.870219340486102 ], [ -77.471391978333259, 59.870024878304307 ], [ -77.467306382052271, 59.91807697304003 ], [ -77.623734294045491, 60.053699492986347 ], [ -77.648701407138773, 60.063724611450937 ], [ -77.67009853035583, 60.063309436333284 ], [ -77.673976017278548, 60.065697532018376 ], [ -77.640345666832758, 60.07247174167847 ], [ -77.643442105940707, 60.07572647190527 ], [ -77.629316313807692, 60.076305376819754 ], [ -77.628639658459718, 60.082477614745066 ], [ -77.616260526066142, 60.093923184584391 ], [ -77.607550318774841, 60.097392221459131 ], [ -77.613505823806449, 60.102785943104053 ], [ -77.615224139443399, 60.114201791738402 ], [ -77.625475599824611, 60.115975379750594 ], [ -77.612915962164848, 60.115196472659001 ], [ -77.569351584494839, 60.18845113479901 ], [ -77.57152084473546, 60.197446251792492 ], [ -77.579999537441282, 60.199722991836417 ], [ -77.607697711367223, 60.227054080972025 ], [ -77.613504967301722, 60.229030018737809 ], [ -77.610506969754354, 60.229969817826216 ], [ -77.613134085074634, 60.232497390578963 ], [ -77.616634394404485, 60.23149822393578 ], [ -77.615302744584156, 60.234414668622776 ], [ -77.635367796525273, 60.253332561569792 ], [ -77.632813956937909, 60.256775471155919 ], [ -77.633882321620277, 60.267696279151487 ], [ -77.61611136909606, 60.271581984390487 ], [ -77.607026178662451, 60.290964113301968 ], [ -77.619032430224692, 60.301380851958719 ], [ -77.632886236391258, 60.307526431102858 ], [ -77.635594991896525, 60.313525217044607 ], [ -77.64641358322919, 60.316272858479756 ], [ -77.644745320142093, 60.323692839382346 ], [ -77.654697452993418, 60.3315495796382 ], [ -77.666639954380685, 60.331020977653964 ], [ -77.6665106844587, 60.334440538540917 ], [ -77.68580499835727, 60.346857716728714 ], [ -77.706669803024823, 60.351452074247874 ], [ -77.725096523870207, 60.365868058596782 ], [ -77.753945891479944, 60.374176312517619 ], [ -77.743334288053092, 60.374151280172221 ], [ -77.757732643656183, 60.385598415939604 ], [ -77.775750252926954, 60.3860162294812 ], [ -77.771670918030182, 60.399626273210394 ], [ -77.773417709387672, 60.405290651593241 ], [ -77.762259989390728, 60.407599432578778 ], [ -77.763512511848432, 60.415988700691678 ], [ -77.75308039601839, 60.421963514416575 ], [ -77.760746492592887, 60.427789446978878 ], [ -77.76306155657808, 60.433539979441782 ], [ -77.739918335714336, 60.444569411447326 ], [ -77.738173361213157, 60.452597606743545 ], [ -77.749890450652273, 60.460543701666474 ], [ -77.763799375236786, 60.464650827767215 ], [ -77.765192521882383, 60.468318357750569 ], [ -77.762026537643081, 60.472346243766701 ], [ -77.766089812012623, 60.472793572217974 ], [ -77.875087089039951, 60.558099570769862 ], [ -77.89544879603659, 60.569078040131643 ], [ -77.905118103115242, 60.569714612348172 ], [ -77.907295204689134, 60.591131572842777 ], [ -77.910876693417109, 60.594580103275142 ], [ -77.907953833820471, 60.599492144133933 ], [ -77.912072273715438, 60.602939523678586 ], [ -77.892389620817042, 60.607300996743732 ], [ -77.84595296519224, 60.642189663929848 ], [ -77.843001740120755, 60.647881601756417 ], [ -77.844579526127589, 60.660024876641401 ], [ -78.075993681368061, 60.791497423017574 ], [ -78.136319636192169, 60.796949502605571 ], [ -78.180526800891244, 60.791948673338162 ], [ -78.18952896296436, 60.784276038050614 ], [ -78.220549531862744, 60.778385782166204 ], [ -78.226442169374309, 60.782971082808125 ], [ -78.225269843130874, 60.786810022501029 ], [ -78.227779639820611, 60.788585045637866 ], [ -78.223955004842253, 60.807806319564563 ], [ -78.225783345998764, 60.810476179278311 ], [ -78.221282455390536, 60.816113983929789 ], [ -78.211437961402865, 60.819781845955923 ], [ -78.216634256855215, 60.823138199391693 ], [ -78.205152565067777, 60.827637552268847 ], [ -78.207439364228264, 60.833728078261672 ], [ -78.188602893210742, 60.844695671836334 ], [ -78.189216597701034, 60.847421451615801 ], [ -78.200377651985576, 60.851784909234098 ], [ -78.193027734440903, 60.859087947053688 ], [ -78.146568608405659, 60.876031004666281 ], [ -78.141716656391168, 60.880145196497054 ], [ -78.142357878964248, 60.892527520264345 ], [ -78.138316444099246, 60.896976626114089 ], [ -78.116903711416484, 60.902865227819795 ], [ -78.115518663867292, 60.907449348673389 ], [ -78.117982067804633, 60.908753285637111 ], [ -78.114265026877831, 60.911473721566409 ], [ -78.113843798716189, 60.918009256195823 ], [ -78.104269434000187, 60.919423148114539 ], [ -78.097989641160041, 60.929726315945565 ], [ -78.082869790269541, 60.930703120643152 ], [ -78.07217460159471, 60.93806120233635 ], [ -78.058181384021083, 60.937337344109423 ], [ -78.031393197882224, 60.950006206355482 ], [ -78.02833966659361, 60.955199226215591 ], [ -78.03462009791383, 60.958556337654557 ], [ -78.025345703871409, 60.972840546834007 ], [ -77.993167924818664, 60.982614705305664 ], [ -77.989922948812804, 60.988033781992449 ], [ -77.992228871524176, 60.990286203988241 ], [ -77.973583832452462, 60.998641029472168 ], [ -77.966858061736104, 61.008508044101497 ], [ -77.94491685257816, 61.011892109321209 ], [ -77.94533851100006, 61.015142808138457 ], [ -77.915331562255048, 61.034619541466782 ], [ -77.913577365775993, 61.041259293630731 ], [ -77.893091774761757, 61.040176499733562 ], [ -77.891888731143766, 61.043288381787718 ], [ -77.885605461596768, 61.042066470832467 ], [ -77.874805727679373, 61.045814234114708 ], [ -77.86757687516976, 61.054925487756712 ], [ -77.84298751682698, 61.053451930115408 ], [ -77.83144768266888, 61.057758962652365 ], [ -77.832013958456301, 61.061229199331791 ], [ -77.826657635105647, 61.067676800139417 ], [ -77.827462895954, 61.073309405866723 ], [ -77.832307189035021, 61.076034742138539 ], [ -77.832748673557873, 61.083035859060971 ], [ -77.818153540458752, 61.104727695914704 ], [ -77.819994185391337, 61.111755870933088 ], [ -77.826411884436766, 61.112036607706791 ], [ -77.827847325562644, 61.117899976511495 ], [ -77.825496323295141, 61.124038539420752 ], [ -77.82763449867025, 61.128421613310309 ], [ -77.820161414630022, 61.133391777193495 ], [ -77.822107727013503, 61.134199653646611 ], [ -77.819330407566852, 61.137368842276032 ], [ -77.82594143560101, 61.142837990777181 ], [ -77.825343830621989, 61.146373522770745 ], [ -77.805087580487395, 61.15267225943365 ], [ -77.80593036348202, 61.158230843939471 ], [ -77.79071999074803, 61.166838430823219 ], [ -77.788478623634219, 61.175948753884036 ], [ -77.793232155521608, 61.24063628256777 ], [ -77.756005168024132, 61.248303266140077 ], [ -77.755839320754944, 61.252025978657237 ], [ -77.743580689851967, 61.258972289405691 ], [ -77.748482552260228, 61.266135852097754 ], [ -77.755667856071497, 61.267083951197662 ], [ -77.773167914818004, 61.279195824789753 ], [ -77.774039706612896, 61.282218927386204 ], [ -77.762388166426931, 61.290694521004703 ], [ -77.761499612032907, 61.303191714127095 ], [ -77.776392221967356, 61.307327937518636 ], [ -77.77207973569493, 61.309079770047603 ], [ -77.77266610653156, 61.311608612485472 ], [ -77.783595424968439, 61.31766130535965 ], [ -77.775340162337514, 61.323527942018792 ], [ -77.778112259926004, 61.326143191451969 ], [ -77.774858176158673, 61.328254020418036 ], [ -77.778809686021091, 61.330750318680472 ], [ -77.773500523548535, 61.33469458442098 ], [ -77.78898107920773, 61.376696043383035 ], [ -77.783148625590613, 61.381304847587586 ], [ -77.79074535037995, 61.385391846744447 ], [ -77.786867159987622, 61.385948357181043 ], [ -77.785247854749116, 61.394614430329391 ], [ -77.79406787393502, 61.401530440163761 ], [ -77.798171151887132, 61.418146682650374 ], [ -77.808950578979278, 61.421166988185313 ], [ -77.805200491038832, 61.425533236103128 ], [ -77.815461992596539, 61.429891262936451 ], [ -77.816515048111583, 61.43381403694368 ], [ -77.813799196241021, 61.435398855013645 ], [ -77.81965994307518, 61.442508988434277 ], [ -77.815651947332938, 61.444979801098192 ], [ -77.817216017628866, 61.449235843443333 ], [ -77.812150296077306, 61.451731927658869 ], [ -77.815717251788953, 61.457841664698719 ], [ -77.806525388408772, 61.466401440179517 ], [ -77.887464889325855, 61.623736216884922 ], [ -77.891607166959872, 61.627180493161518 ], [ -77.892455926517101, 61.630514029408651 ], [ -77.887774312021094, 61.634791365378376 ], [ -77.892632913990667, 61.639844202235771 ], [ -77.929745656142018, 61.643317202450724 ], [ -77.930888167808249, 61.651121617009672 ], [ -77.941861014137515, 61.656345233201613 ], [ -77.941409044618396, 61.663065883351138 ], [ -77.965019947551355, 61.664377991971165 ], [ -77.964046930648848, 61.670799555451886 ], [ -77.980645085233647, 61.674519174106003 ], [ -77.977873772070339, 61.677664205384602 ], [ -77.991752508506934, 61.682049902899692 ], [ -77.993040293270496, 61.690109167244955 ], [ -78.010722916168163, 61.701054977893776 ], [ -78.010348480814429, 61.705637423972178 ], [ -78.017602207043851, 61.707218171994697 ], [ -78.012710227583767, 61.711525725989894 ], [ -78.027466297631449, 61.723497740594865 ], [ -78.025011895008234, 61.729415076364802 ], [ -78.029313261125665, 61.736309543719891 ], [ -78.029485629231075, 61.761168738349234 ], [ -78.037264703980412, 61.769497382195652 ], [ -78.037504501559383, 61.782612739717983 ], [ -78.053266090031329, 61.791698095608446 ], [ -78.05425070716116, 61.797303604532516 ], [ -78.051051478281082, 61.802032531981581 ], [ -78.058719126455102, 61.809804876598044 ], [ -78.061154536860485, 61.818195433150208 ], [ -78.058206449149097, 61.827639189593789 ], [ -78.07861282716955, 61.846110009114241 ], [ -78.100706775053467, 61.858028369473978 ], [ -78.100220073152371, 61.863224901483854 ], [ -78.1040991846764, 61.867339500424194 ], [ -78.096793876938122, 61.873643872059503 ], [ -78.107560555294157, 61.88745195498251 ], [ -78.099921204536201, 61.892365313254068 ], [ -78.096591511314969, 61.912508269119499 ], [ -78.105960954060407, 61.914565765952887 ], [ -78.108964164321648, 61.919290775543672 ], [ -78.091596542848876, 61.928118440148253 ], [ -78.105679214304601, 61.938624228511955 ], [ -78.121982879910036, 61.94395191102614 ], [ -78.113833126445243, 61.951012220672098 ], [ -78.112995569519171, 61.956450355477983 ], [ -78.126516111906497, 61.961732925528871 ], [ -78.125326977578936, 61.970315221874031 ], [ -78.134544557875998, 61.971122115366029 ], [ -78.135185325913568, 61.976932142951654 ], [ -78.154916940651205, 61.988791188773902 ], [ -78.154709653358651, 61.99420657560006 ], [ -78.162884791138282, 61.997596150821224 ], [ -78.159349080521238, 62.005377949500136 ], [ -78.164300809023217, 62.011093290875877 ], [ -78.150631768575138, 62.019902920815369 ], [ -78.14877300432525, 62.037096882840174 ], [ -78.153734510666311, 62.044487344651266 ], [ -78.153428950369943, 62.054401066128776 ], [ -78.160438905751789, 62.061374934222947 ], [ -78.157965749774888, 62.067127683403541 ], [ -78.164259073299391, 62.083736760233592 ], [ -78.159409116749316, 62.09173691199684 ], [ -78.164428279648462, 62.107211786348692 ], [ -78.161897186814585, 62.114126225145128 ], [ -78.180706366967925, 62.129907266047589 ], [ -78.18007520839177, 62.136962261209746 ], [ -78.185739934856414, 62.145212143684979 ], [ -78.182119091179601, 62.155766009429179 ], [ -78.174717906776749, 62.161019918628718 ], [ -78.176494870552858, 62.167430317544856 ], [ -78.17262737915317, 62.172491130207789 ], [ -78.174547525127039, 62.178797478291486 ], [ -78.181927274513043, 62.184963755772749 ], [ -78.17690602028236, 62.191519646479861 ], [ -78.179301629717528, 62.197767477009805 ], [ -78.171704380339179, 62.198355005754678 ], [ -78.164229717979509, 62.205546703855909 ], [ -78.164396734756835, 62.219326842283238 ], [ -78.181956426020406, 62.229547269431812 ], [ -78.190673954101257, 62.241356134730907 ], [ -78.197514523698118, 62.242489776515839 ], [ -78.193994275401053, 62.245411704567061 ], [ -78.201883630045458, 62.254794228497175 ], [ -78.195875764080242, 62.260411969978399 ], [ -78.187633777717153, 62.260690997196093 ], [ -78.177019945090095, 62.266544829517649 ], [ -78.178439926250505, 62.270712118738167 ], [ -78.17070901149593, 62.272829898388288 ], [ -78.169065475256019, 62.277436402921609 ], [ -78.175152690119816, 62.279828903452348 ], [ -78.176372220210979, 62.285496179190446 ], [ -78.165603555011259, 62.292105956916942 ], [ -78.162567084308222, 62.300048616950605 ], [ -78.153483583713168, 62.302991353237758 ], [ -78.153152647327502, 62.311802858520423 ], [ -78.145592828247416, 62.316524731828622 ], [ -78.148519145009402, 62.319910152231998 ], [ -78.119698509615617, 62.326638136006871 ], [ -78.117487477850517, 62.337109004661698 ], [ -78.100509759905563, 62.345715556471987 ], [ -78.089795098009489, 62.358744180550239 ], [ -78.090265262892032, 62.362885787332132 ], [ -78.067937718151768, 62.368742773712867 ], [ -78.05934357197971, 62.364744502079581 ], [ -78.040470801762353, 62.364304637979913 ], [ -78.039026671892501, 62.365803035850931 ], [ -78.044046397243235, 62.367606270979635 ], [ -78.029940728236468, 62.364937745068616 ], [ -78.024490709189308, 62.366387782434302 ], [ -78.027483656507329, 62.368525220538551 ], [ -78.007931498319451, 62.370413824477133 ], [ -78.005455614237647, 62.377938334531535 ], [ -77.980514389361275, 62.384605225756196 ], [ -77.941593173607544, 62.417439155691916 ], [ -77.92051521584915, 62.42788816768455 ], [ -77.859222494668273, 62.432495801919856 ], [ -77.833752511467168, 62.430131882348746 ], [ -77.832476017942724, 62.434911331235966 ], [ -77.818089827634324, 62.444348261885231 ], [ -77.792573976359975, 62.449937186735788 ], [ -77.794001943189741, 62.45370866145926 ], [ -77.773902688752017, 62.463575032495179 ], [ -77.721780736320085, 62.468827974593616 ], [ -77.704435207829448, 62.482410824686688 ], [ -77.693072681203603, 62.486575046276457 ], [ -77.691181317614991, 62.4963477902633 ], [ -77.694757717474673, 62.497740218177121 ], [ -77.677704496978706, 62.511041380094284 ], [ -77.668665559190302, 62.514687261659731 ], [ -77.658895768172158, 62.510848478748017 ], [ -77.638124461437485, 62.515884134491309 ], [ -77.629309225171326, 62.522074404076008 ], [ -77.619325000200789, 62.520827471738158 ], [ -77.605567446936419, 62.526380855249805 ], [ -77.56881714811071, 62.532859356176104 ], [ -77.557364631837174, 62.541330725167732 ], [ -77.539048725650105, 62.547684636909501 ], [ -77.539606612990781, 62.550573064728553 ], [ -77.535159665323221, 62.55332251507361 ], [ -77.519562830051441, 62.554854000765566 ], [ -77.520643585686429, 62.558797494435041 ], [ -77.517160151088589, 62.561573185624653 ], [ -77.519752510261227, 62.568909262073483 ], [ -77.515763571810709, 62.574184860234425 ], [ -77.510016849936676, 62.575800201064347 ], [ -77.510603847251105, 62.582044001023419 ], [ -77.497401977308655, 62.578830072302118 ] ] ] } },
{ "type": "Feature", "properties": { "riding_code": 827, "riding_name": "Lac-Saint-Jean" }, "geometry": { "type": "Polygon", "coordinates": [ [ [ -70.870932728425146, 52.272238972631001 ], [ -70.862856581529741, 52.273388893797787 ], [ -70.854586629747502, 52.267213158964871 ], [ -70.84885499294289, 52.267888261125208 ], [ -70.84986750926943, 52.270589770847273 ], [ -70.844817431099827, 52.268534646059145 ], [ -70.848242511015286, 52.265560857890598 ], [ -70.863187801163903, 52.264364836256476 ], [ -70.870739600436494, 52.260142866374174 ], [ -70.871349852134742, 52.256722417456217 ], [ -70.878132964274272, 52.256082690569315 ], [ -70.883318732352421, 52.245087671776723 ], [ -70.892408447225662, 52.245947918611805 ], [ -70.89285671572425, 52.240303611513525 ], [ -70.910792784018469, 52.221942155708973 ], [ -70.920274776018459, 52.217694277595442 ], [ -70.927069485725013, 52.208998487914059 ], [ -70.932205464620338, 52.209642661633758 ], [ -70.937850391074804, 52.205698339910029 ], [ -70.938129439042967, 52.201364750786801 ], [ -70.952765708766762, 52.185227521526279 ], [ -70.963972728801437, 52.180172801438978 ], [ -70.965472186185792, 52.176448853829754 ], [ -70.987016228700924, 52.17211914576135 ], [ -71.003750015084847, 52.16114241151044 ], [ -71.013467212706772, 52.160732136806175 ], [ -71.012832973283466, 52.157616273486326 ], [ -71.01960557337685, 52.153839152761755 ], [ -71.026435967162115, 52.156788065444296 ], [ -71.025296630206526, 52.152671580473275 ], [ -71.034804499735159, 52.14203645126328 ], [ -71.028302214611728, 52.139982191374642 ], [ -71.031800482478872, 52.135980196020085 ], [ -71.041721799391226, 52.133727278057897 ], [ -71.043391514310301, 52.138090234725453 ], [ -71.040548432694621, 52.140670152032136 ], [ -71.045326721586534, 52.144559795126753 ], [ -71.049474411824747, 52.141565252127798 ], [ -71.062058422461121, 52.141027801155836 ], [ -71.068186645559635, 52.136114043482479 ], [ -71.066965894168789, 52.131757222424525 ], [ -71.070656883880346, 52.127392580255602 ], [ -71.067713498709111, 52.124807981332687 ], [ -71.078769637514242, 52.122057575915328 ], [ -71.077768824965062, 52.118398240533047 ], [ -71.095228297514083, 52.116614026881336 ], [ -71.092636611608953, 52.11103055536816 ], [ -71.094531187172649, 52.097145911421634 ], [ -71.111254826896683, 52.071172895734264 ], [ -71.110477317127419, 52.061563304346947 ], [ -71.118221856028597, 52.054864599366063 ], [ -71.121447294017102, 52.044142493624122 ], [ -71.125136506419935, 52.042028956793452 ], [ -71.128666887268494, 52.025947787496207 ], [ -71.143971290906862, 52.003137235072927 ], [ -71.158673543675661, 51.989724005558976 ], [ -71.160398714148087, 51.984137079680309 ], [ -71.170620101289529, 51.982669206236544 ], [ -71.180533581358432, 51.966443810975875 ], [ -71.180345188939384, 51.960587170374019 ], [ -71.195873058979515, 51.943329381973975 ], [ -71.201396788375447, 51.929834997676956 ], [ -71.224476141557233, 51.90674867139645 ], [ -71.23376354698577, 51.882779685762173 ], [ -71.240002282070236, 51.877889362334578 ], [ -71.23875875239429, 51.867421345362544 ], [ -71.243760318108372, 51.856864227918372 ], [ -71.257317068433792, 51.842862987071797 ], [ -71.267071327674046, 51.839139342224883 ], [ -71.273066368191976, 51.830364093820364 ], [ -71.291115397119853, 51.820280133871414 ], [ -71.30697969712196, 51.794618479070301 ], [ -71.308540021240489, 51.782890582071659 ], [ -71.305792135276903, 51.771332852789897 ], [ -71.293117055848072, 51.766924750836338 ], [ -71.302651375250775, 51.754277757034821 ], [ -71.301287984575509, 51.747193452389006 ], [ -71.312091548458397, 51.737314236855006 ], [ -71.307805928724974, 51.723815742736569 ], [ -71.315520567068404, 51.720009511014979 ], [ -71.312583462358617, 51.714655529040854 ], [ -71.320939000832396, 51.70952251419682 ], [ -71.321277329285167, 51.702958404855607 ], [ -71.331078337714771, 51.697476884136663 ], [ -71.338740807244463, 51.685869406928028 ], [ -71.350057488116505, 51.680567547687374 ], [ -71.35181180334196, 51.672623075922395 ], [ -71.371114122417168, 51.662564311890215 ], [ -71.379608138023983, 51.647309024551049 ], [ -71.39104138360689, 51.638025459431432 ], [ -71.405735153875028, 51.635858084497073 ], [ -71.410003080489233, 51.625944042862727 ], [ -71.425350691884304, 51.620221058432918 ], [ -71.421836958635581, 51.613052364570947 ], [ -71.432143216789228, 51.611058123154699 ], [ -71.429387850822749, 51.607122009935573 ], [ -71.419414807437576, 51.606778333041447 ], [ -71.430440655929473, 51.581983148997978 ], [ -71.424088599771153, 51.573303809867255 ], [ -71.42865960749522, 51.567667074508741 ], [ -71.428193929179074, 51.560715113152376 ], [ -71.431601253646619, 51.558080848640998 ], [ -71.429475968580121, 51.552458272818463 ], [ -71.434854287536382, 51.543059415134522 ], [ -71.434527175754639, 51.535028356653029 ], [ -71.423903686959804, 51.530160103843151 ], [ -71.429420216650797, 51.526899720048377 ], [ -71.42701337690977, 51.517564006683187 ], [ -71.42293600138369, 51.513965409322445 ], [ -71.432492964397127, 51.504895253949037 ], [ -71.447881995264382, 51.497137945478322 ], [ -71.451277661302413, 51.489987201639515 ], [ -71.453401959720694, 51.481755728852292 ], [ -71.444480785843666, 51.469120932064783 ], [ -71.450557036593949, 51.457053829410114 ], [ -71.445275508547468, 51.436706564742323 ], [ -71.453561209316703, 51.43035184987162 ], [ -71.453271955574081, 51.417928068244798 ], [ -71.458544812938911, 51.40992790317194 ], [ -71.46510090336416, 51.407883307879437 ], [ -71.46665907922447, 51.395842317813482 ], [ -71.470585712537414, 51.390012441685464 ], [ -71.467937345125065, 51.380803841565395 ], [ -71.460230159615236, 51.371278928780747 ], [ -71.457388771405959, 51.360329782759365 ], [ -71.460464312906467, 51.35768922434405 ], [ -71.455356446170384, 51.34621938906708 ], [ -71.457750206048303, 51.335272030411822 ], [ -71.443702476809975, 51.297926728636234 ], [ -71.463332647129306, 51.258809108247569 ], [ -71.486050412044591, 51.25235672060937 ], [ -71.50767369067843, 51.232128642628489 ], [ -71.497799676179838, 51.222333910071988 ], [ -71.493688994972331, 51.207312641186242 ], [ -71.485882783579399, 51.194267888666317 ], [ -71.464241949349329, 51.188159868671555 ], [ -71.465299181288714, 51.184356849450907 ], [ -71.449965643350623, 51.17629424956511 ], [ -71.445296095152656, 51.17731064705022 ], [ -71.442136590318839, 51.171060762731848 ], [ -71.433918994179876, 51.166603258816153 ], [ -71.438375822448492, 51.156500101093343 ], [ -71.426283920614679, 51.1484316682592 ], [ -71.425784316769452, 51.129018405747573 ], [ -71.415686266263933, 51.116075230368885 ], [ -71.405611558625779, 51.111664957694714 ], [ -71.405917458373494, 51.10698110701955 ], [ -71.400134580669544, 51.099412493963086 ], [ -71.387058228646268, 51.096103218538275 ], [ -71.379268119965403, 51.090523836566476 ], [ -71.370206788154519, 51.070701900709892 ], [ -71.357093540962282, 51.068755371476961 ], [ -71.35224530853263, 51.056466621806372 ], [ -71.339328520208397, 51.039262647319035 ], [ -71.33001080856377, 51.021578436865546 ], [ -71.338054207549149, 50.98934838501836 ], [ -71.337828311380136, 50.97910137792018 ], [ -71.345267956755634, 50.959407937734227 ], [ -71.34594472873566, 50.932988491004153 ], [ -71.319248309592822, 50.920450412667144 ], [ -71.319450346043851, 50.902731666953954 ], [ -71.304099705995398, 50.891881772928791 ], [ -71.307739720638963, 50.87987562587513 ], [ -71.292435818641422, 50.866652377803305 ], [ -71.292086703909575, 50.845434643469495 ], [ -71.283870236010173, 50.836285655257697 ], [ -71.288102490045503, 50.824102018377751 ], [ -71.285413733538306, 50.81568477724673 ], [ -71.29115816925146, 50.800125035040907 ], [ -71.290103046062697, 50.788679256173069 ], [ -71.308824051619638, 50.766267542851899 ], [ -71.305322868030558, 50.71581508011198 ], [ -71.302053435449892, 50.712623857568296 ], [ -71.281108926843345, 50.71756421964723 ], [ -71.272757884920196, 50.702331328001677 ], [ -71.27581534592035, 50.692063865536213 ], [ -71.285858250138787, 50.677463621915678 ], [ -71.280678409511026, 50.661648267571479 ], [ -71.282501949665814, 50.637311395600435 ], [ -71.273782550983242, 50.620984800420828 ], [ -71.257079053528699, 50.61359238117894 ], [ -71.253197008012947, 50.604789347456631 ], [ -71.243571837086222, 50.596665725131764 ], [ -71.257229324585836, 50.583053075900445 ], [ -71.282981818082845, 50.568170471315582 ], [ -71.288412593067818, 50.561632474101607 ], [ -71.287777195122558, 50.557901018361719 ], [ -71.278909760935136, 50.55269263794726 ], [ -71.282006249448116, 50.535188258750431 ], [ -71.277414228515298, 50.499591894709248 ], [ -71.286175727844139, 50.494069986831995 ], [ -71.3138669283708, 50.486285462383258 ], [ -71.328218600101238, 50.474146800450882 ], [ -71.327939629872816, 50.463813702542936 ], [ -71.345298018667364, 50.452350015044082 ], [ -71.341762873070024, 50.441450529709144 ], [ -71.344498606122187, 50.425178014588504 ], [ -71.355054521603051, 50.421707447845087 ], [ -71.360806688044079, 50.414515023680231 ], [ -71.340425576196921, 50.382005533875798 ], [ -71.339931272625662, 50.36696334333935 ], [ -71.347781121798391, 50.343584757261496 ], [ -71.344153988617322, 50.321799897216806 ], [ -71.280700138804249, 50.282165206793181 ], [ -71.270946634059683, 50.266788606613794 ], [ -71.255242534811927, 50.226121358753375 ], [ -71.25194369664672, 50.207645195706561 ], [ -71.261997028826059, 50.159702797962908 ], [ -71.263370787843115, 50.138389642218861 ], [ -71.25524103902606, 50.128342492503151 ], [ -71.206409537828392, 50.091253487680966 ], [ -71.199003493830276, 50.07800331780102 ], [ -71.195856317607465, 50.062812381435783 ], [ -71.192212595520118, 50.007076034325408 ], [ -71.218246877065212, 49.989478403223409 ], [ -71.238747650189055, 49.965951642490907 ], [ -71.250144830931006, 49.941851642150986 ], [ -71.249699902317985, 49.910276257011979 ], [ -71.258104669805235, 49.899081546524904 ], [ -71.264273484611621, 49.895833781408861 ], [ -71.266545338210364, 49.889901572586155 ], [ -71.246534070375802, 49.878979042894386 ], [ -71.243046326252838, 49.885859219181725 ], [ -71.239380166495764, 49.885609391894228 ], [ -71.236210581358662, 49.880732921396927 ], [ -71.227819676714063, 49.877914242329027 ], [ -71.219594629512216, 49.863089588986817 ], [ -71.209491768955758, 49.864145261672782 ], [ -71.20603857951383, 49.849630799045364 ], [ -71.184819038200388, 49.839205790884179 ], [ -71.162959557811035, 49.834375698849001 ], [ -71.159205132837613, 49.826588849374247 ], [ -71.164861542554547, 49.81221730220922 ], [ -71.179017492290455, 49.796169563819255 ], [ -71.179999115480143, 49.785368537031317 ], [ -71.185195483784952, 49.779012293984486 ], [ -71.182876171391143, 49.769044729942436 ], [ -71.185500966602561, 49.755051662982375 ], [ -71.189780622763053, 49.750602382737959 ], [ -71.189011554277059, 49.745087908310232 ], [ -71.19282905732021, 49.742226477222324 ], [ -71.19794300208163, 49.724007841140526 ], [ -71.192832030864139, 49.7045802286355 ], [ -71.193718197742001, 49.685900392396128 ], [ -71.199033496090706, 49.673444401678374 ], [ -71.197181294190571, 49.666709336431119 ], [ -71.199608606392871, 49.662754439702901 ], [ -71.189503021115911, 49.64334843042564 ], [ -71.19161906703944, 49.6356193839624 ], [ -71.184991870411238, 49.628859038592161 ], [ -71.188864081432072, 49.624638186986743 ], [ -71.193170345638535, 49.588033534558846 ], [ -71.199875766068217, 49.583243983192716 ], [ -71.211550310348002, 49.538567331570412 ], [ -71.200804961214729, 49.519823864381642 ], [ -71.185779391533998, 49.511916719023553 ], [ -71.16912744456026, 49.490242815911074 ], [ -71.174500794999418, 49.474988678004976 ], [ -71.180580602753324, 49.470016436367388 ], [ -71.20643624434588, 49.416099825405169 ], [ -71.203693865301688, 49.401780638931257 ], [ -71.206796344909236, 49.381176820842732 ], [ -71.226113184116912, 49.35741855139419 ], [ -71.240471649873385, 49.32475825773799 ], [ -71.25187212170917, 49.3111346467497 ], [ -71.25001487021278, 49.301169113504479 ], [ -71.258178360022598, 49.281551729453618 ], [ -71.253879215164801, 49.261851566842488 ], [ -71.255338711371238, 49.242053382235206 ], [ -71.252484590504153, 49.217281337499429 ], [ -71.257529800792668, 49.172838366164591 ], [ -71.264522457926162, 49.152332857179026 ], [ -71.265415579803332, 49.120627430986183 ], [ -71.290399145801118, 49.074732126978084 ], [ -71.307645179591304, 49.063771609109452 ], [ -71.317942137576097, 49.05220226204618 ], [ -71.324718488901439, 49.037577390797864 ], [ -71.332626819547372, 49.031774575904059 ], [ -71.336983513293092, 49.014395643212595 ], [ -71.334810520638825, 49.005584884717905 ], [ -71.336576543448672, 48.990125740687901 ], [ -71.341312098039168, 48.983080387295345 ], [ -71.367084169132539, 48.965416130597028 ], [ -71.374602702077723, 48.940827804788547 ], [ -71.39254804386178, 48.931769996326928 ], [ -71.439809437244861, 48.894054709503379 ], [ -71.448064866152478, 48.890668441262562 ], [ -71.456636865830887, 48.859769191114921 ], [ -71.464511957476518, 48.846932335604833 ], [ -71.411172920422189, 48.839748401933136 ], [ -71.392573832993364, 48.828129552575952 ], [ -71.382931545989067, 48.815826732709837 ], [ -71.364597751008503, 48.800827098168554 ], [ -71.320929180398224, 48.771446183716776 ], [ -71.372798249232659, 48.780628390266791 ], [ -71.447042259317783, 48.597358182770016 ], [ -71.483450065054598, 48.515368651153651 ], [ -71.46517804455857, 48.50647993117839 ], [ -71.48686227247309, 48.452367558513103 ], [ -71.377191220381221, 48.431395708293472 ], [ -71.3827698499056, 48.419531931822 ], [ -71.475548709860277, 48.435175277163459 ], [ -71.488458738899979, 48.399518884189511 ], [ -71.518147259030073, 48.403902519689211 ], [ -71.524222347665727, 48.389958245660154 ], [ -71.550622547683673, 48.393901626725992 ], [ -71.563458891947008, 48.363860426992893 ], [ -71.539671209008247, 48.349671879880063 ], [ -71.543125149803117, 48.34056262593834 ], [ -71.571084747954913, 48.34589250116035 ], [ -71.636219589516614, 48.182435276214989 ], [ -71.574795134268399, 48.135008729062392 ], [ -71.56707087694835, 48.123441297735177 ], [ -71.54441674844611, 48.114526251787325 ], [ -71.520942324570086, 48.084614416997518 ], [ -71.513141743579197, 48.081558561316356 ], [ -71.509495447815638, 48.072624197636372 ], [ -71.491364439983016, 48.061897339855776 ], [ -71.465950638971876, 48.040244904800659 ], [ -71.460203990554419, 48.031155851449093 ], [ -71.446047377247609, 48.022531607628714 ], [ -71.433188124720886, 48.00246855630396 ], [ -71.421346684339525, 47.995737885198004 ], [ -71.411628938866585, 47.99599292004082 ], [ -71.409158470325281, 47.976721179114506 ], [ -71.375896926281371, 47.974327770535872 ], [ -71.372715178382421, 47.968476777636333 ], [ -71.37621929926253, 47.969432045083693 ], [ -71.382328184094703, 47.961951014179036 ], [ -71.374002096287441, 47.95991469246227 ], [ -71.374198615428597, 47.956950628401685 ], [ -71.380006017483936, 47.950043345020525 ], [ -72.073467187697801, 47.949993710179434 ], [ -72.123633401822289, 47.998571678040321 ], [ -72.087582154225814, 47.998620836238324 ], [ -72.073672648473917, 48.004310611317173 ], [ -72.067962552859825, 47.998732613593603 ], [ -72.058248397038213, 48.006406766881859 ], [ -72.050543960788104, 48.003933973210849 ], [ -72.046487974391766, 48.016689551471856 ], [ -72.050024829248486, 48.0236309273809 ], [ -72.047238384371568, 48.031890674383774 ], [ -72.037020690289225, 48.029740335130782 ], [ -72.031192412906421, 48.023155274907793 ], [ -72.023428616204839, 48.02776645507565 ], [ -72.023128074196151, 48.031434678709367 ], [ -72.01485396721931, 48.031571503045832 ], [ -72.006991170305653, 48.041314355896859 ], [ -71.999764600392822, 48.044320899819731 ], [ -71.994374994847618, 48.042065501337333 ], [ -71.983315266124777, 48.05015168431796 ], [ -71.973878053193118, 48.052303113188636 ], [ -71.974021257872522, 48.060276846011817 ], [ -71.969030788076253, 48.063558028091435 ], [ -71.961928680517659, 48.085175243527978 ], [ -71.939928936164165, 48.092524650805146 ], [ -71.933277139508562, 48.09856907555303 ], [ -71.933742378940408, 48.10274695678892 ], [ -71.922024877202759, 48.106400311783588 ], [ -71.908854964537539, 48.120625370926717 ], [ -71.905978805232905, 48.130845678199684 ], [ -71.898720535774018, 48.133486044317365 ], [ -71.894736220660889, 48.142903424716202 ], [ -71.886478440463634, 48.146207704004603 ], [ -71.88179180489071, 48.164116591572885 ], [ -71.886786254250254, 48.176681691249009 ], [ -71.895716570011103, 48.181252221257026 ], [ -71.89568510663922, 48.184448181422404 ], [ -71.9168610674635, 48.184494403557316 ], [ -71.924980130318872, 48.191046862968761 ], [ -71.931777182328844, 48.201059671121271 ], [ -71.926011436231647, 48.209635602194275 ], [ -71.944421211064309, 48.22497075579053 ], [ -71.944190056846054, 48.232058873908599 ], [ -71.958703562155094, 48.250222150051847 ], [ -71.910262602095514, 48.241438338391589 ], [ -71.887496682052443, 48.297152431435613 ], [ -71.928190486956765, 48.303825820903292 ], [ -71.905028666560526, 48.351646358002689 ], [ -71.908280540789946, 48.352286017063271 ], [ -71.901897699403676, 48.366297558282099 ], [ -71.965058505928681, 48.379229727494057 ], [ -71.966532139966958, 48.384190611878076 ], [ -71.977077611084255, 48.389259333548281 ], [ -71.977184383249281, 48.395540041602189 ], [ -71.970797688828711, 48.397790993999017 ], [ -71.971351325718018, 48.403407191945035 ], [ -71.961157421663074, 48.413661406952336 ], [ -72.000000342593111, 48.497517740352237 ], [ -72.104357032654079, 48.744185813508452 ], [ -72.080710352522871, 48.755663595328329 ], [ -72.052906592904748, 48.761214913731294 ], [ -72.023852701549316, 48.753271519920894 ], [ -71.989562470534466, 48.736410501898582 ], [ -71.932958539823915, 48.726356747740596 ], [ -71.90784057504635, 48.728381164664988 ], [ -71.893366380435623, 48.734989960279229 ], [ -71.85896946980084, 48.742023587205786 ], [ -71.813229846728504, 48.769797204930462 ], [ -71.814173939078529, 48.774552222003102 ], [ -71.824656030177849, 48.780921780139238 ], [ -71.827765612549385, 48.787524038260734 ], [ -71.823530890875844, 48.808855436570376 ], [ -71.80912560034615, 48.818709911991888 ], [ -71.781689808556237, 48.825638090432086 ], [ -71.778832954081281, 48.832799507189343 ], [ -71.76828696242778, 48.834489578393935 ], [ -71.971672362285261, 48.870515600848741 ], [ -71.945340980008424, 48.882935831473318 ], [ -71.932424681726204, 48.89531734598075 ], [ -71.92453554904867, 48.896760942777995 ], [ -71.928323963373657, 48.911682175974242 ], [ -71.924984868633871, 48.913681661917479 ], [ -71.932260093713623, 48.917908046956953 ], [ -71.918896656043799, 48.934651030930802 ], [ -71.912660996811923, 48.935913375571111 ], [ -71.918014613762949, 48.937688741435558 ], [ -71.90164948455714, 48.938793678495585 ], [ -71.884681037744627, 48.944997892882611 ], [ -71.877372507856109, 48.956094000257458 ], [ -71.878225931628833, 48.966978501429011 ], [ -71.871296738253889, 48.96995085296718 ], [ -71.868930549467777, 48.977322623826609 ], [ -71.858413711884211, 48.978687743995735 ], [ -71.862591484800532, 48.9826343321891 ], [ -71.857636830186408, 48.986627458156441 ], [ -71.85927476987969, 48.989526014196215 ], [ -71.853786319133548, 48.994616894760838 ], [ -71.855174300284247, 48.996646375678225 ], [ -71.840807235530434, 49.001723698837239 ], [ -71.838946742673613, 49.007755170417376 ], [ -71.844556309118389, 49.016430865448264 ], [ -71.842908317236279, 49.02235076635953 ], [ -71.84773420033504, 49.022294065827552 ], [ -71.845077830267215, 49.026732302316603 ], [ -71.84271981143182, 49.024961150896829 ], [ -71.840500681724592, 49.027414882110115 ], [ -71.843627335292538, 49.039923866584495 ], [ -71.860281292366878, 49.047633997385688 ], [ -71.86935224189358, 49.058148523411127 ], [ -71.880254085978947, 49.06386281557235 ], [ -71.878756195023186, 49.069582561957318 ], [ -71.881498218843902, 49.070232774030003 ], [ -71.882336204008411, 49.078739892002012 ], [ -71.890269262729149, 49.080479492239498 ], [ -71.865546860452795, 49.107510929214328 ], [ -71.869829649386205, 49.117792765528009 ], [ -71.868435955921299, 49.12190158127423 ], [ -71.875774265081176, 49.130628399257738 ], [ -71.874987960619976, 49.135749482254269 ], [ -72.091738767760219, 49.135674337534937 ], [ -72.089621224462391, 49.145205967405808 ], [ -72.079757789763462, 49.154524173777851 ], [ -72.080144893714419, 49.159565085817256 ], [ -72.092036377560163, 49.173383135855524 ], [ -72.092307234641197, 49.177950391031914 ], [ -72.1034921707124, 49.186469661621409 ], [ -72.113177819345367, 49.208639985782284 ], [ -72.135236885390597, 49.228497715456264 ], [ -72.139003993837463, 49.237301239001859 ], [ -72.155775886009252, 49.252886966027411 ], [ -72.13001509522617, 49.327114149851084 ], [ -72.116521197163195, 49.347368600519367 ], [ -72.104738598771874, 49.356757005594055 ], [ -72.092965400169774, 49.378030302377738 ], [ -72.086127294951609, 49.373310951126996 ], [ -72.079849609297895, 49.374141551170581 ], [ -72.068794243097415, 49.392114225558274 ], [ -72.057147121565592, 49.394810174823967 ], [ -72.055148604441001, 49.38911351483268 ], [ -72.04881369897609, 49.385174859763623 ], [ -72.04886883415972, 49.37839057558601 ], [ -72.042627057031751, 49.377751113659343 ], [ -72.035899886761413, 49.380396230010497 ], [ -72.033284073662102, 49.39275893140978 ], [ -72.025261132955137, 49.399230209577134 ], [ -72.017171009280034, 49.38828396378544 ], [ -72.01504430604416, 49.37234165543493 ], [ -72.007176078128438, 49.369920102399639 ], [ -72.001037939450882, 49.376340583767373 ], [ -71.992554660403783, 49.377150338561513 ], [ -71.989454970145673, 49.375798449128631 ], [ -71.987530900006632, 49.367868339342095 ], [ -71.975952961849913, 49.367064534704575 ], [ -71.965741882049201, 49.381468696812085 ], [ -71.949654417896085, 49.381672299452333 ], [ -71.944311699895508, 49.385719107259014 ], [ -71.943539200983139, 49.405686748397763 ], [ -71.928207189372657, 49.435511620487055 ], [ -71.934174107159961, 49.457545789764943 ], [ -71.929417948300426, 49.473853599825723 ], [ -71.934262799420338, 49.484939672423408 ], [ -71.931019451141594, 49.492549599884811 ], [ -71.936167977308827, 49.499985962397844 ], [ -71.934470093542075, 49.509307764793732 ], [ -71.948818055418286, 49.512004746329353 ], [ -71.971870447338162, 49.545206833543034 ], [ -71.992833853299146, 49.55538151090483 ], [ -71.995914487434092, 49.56155520562551 ], [ -72.007681838552045, 49.567725424603601 ], [ -72.020284696396772, 49.581842919324956 ], [ -72.031397058865224, 49.587670771845843 ], [ -72.027644836521802, 49.593420706731699 ], [ -72.027895980820958, 49.60304324474037 ], [ -72.038204692039912, 49.631869826701646 ], [ -72.035344345646507, 49.640230410959553 ], [ -72.038153978366751, 49.644230324514304 ], [ -72.033820811063833, 49.652815265963596 ], [ -72.046649688917356, 49.66973152031585 ], [ -72.037447542867909, 49.68030756814494 ], [ -72.023590621846466, 49.677036182560691 ], [ -72.025343552850259, 49.686091790606497 ], [ -72.018427393402817, 49.695448013813362 ], [ -72.00160786831502, 49.694446477764899 ], [ -71.993638980848459, 49.712984354194148 ], [ -72.001945790763401, 49.719169217133505 ], [ -72.019536575748219, 49.741782583798937 ], [ -72.032281703448717, 49.74933766213347 ], [ -72.027428295756039, 49.755617473679244 ], [ -72.029236277491648, 49.762890818240216 ], [ -72.026646673659698, 49.767837218564786 ], [ -72.036589612791474, 49.773595561137526 ], [ -72.031429107928616, 49.784684334996463 ], [ -72.032061697011741, 49.808420832238362 ], [ -72.035085251216572, 49.814395686794128 ], [ -72.050589540090314, 49.81617176900712 ], [ -72.059983998724718, 49.822171045403437 ], [ -72.058738957896935, 49.827732866067819 ], [ -72.061952161644641, 49.834144866758344 ], [ -72.067030727872918, 49.840559798488933 ], [ -72.077676010709183, 49.845025095256496 ], [ -72.087652834531653, 49.862066825110304 ], [ -72.096645974255708, 49.888955608847311 ], [ -72.131133417194121, 49.949506620417267 ], [ -72.160309025380499, 50.041945662735088 ], [ -72.173482152229525, 50.055412596935689 ], [ -72.161633128285857, 50.060168810678029 ], [ -72.157924712802526, 50.065452945606538 ], [ -72.163924703894523, 50.081631092925697 ], [ -72.164845412398549, 50.101121039674041 ], [ -72.174089987271444, 50.101502880317454 ], [ -72.177252699437631, 50.105069466752035 ], [ -72.165820883892323, 50.112246285759248 ], [ -72.165836323000462, 50.115456715677212 ], [ -72.175363213545424, 50.120311697437977 ], [ -72.165947617684537, 50.126992461017764 ], [ -72.159907813502301, 50.150492352817174 ], [ -72.170111315592166, 50.156539897935289 ], [ -72.167629653574252, 50.164444796799806 ], [ -72.170775255700732, 50.172328191037593 ], [ -72.16771143378655, 50.178148412031931 ], [ -72.174134553866566, 50.184408380492677 ], [ -72.164436116573626, 50.188450414665283 ], [ -72.161898977452452, 50.19575323840467 ], [ -72.172541865503774, 50.192790564357828 ], [ -72.178165126283602, 50.198363542107884 ], [ -72.172848104449841, 50.202003307668285 ], [ -72.170952389563908, 50.208933861972355 ], [ -72.152839550774644, 50.21259673206329 ], [ -72.15564186835644, 50.215154183984836 ], [ -72.169765017814612, 50.212210755466032 ], [ -72.172510434410583, 50.215389758796327 ], [ -72.17058351459228, 50.218733547980882 ], [ -72.157146418454957, 50.217213607434772 ], [ -72.161155687891721, 50.226187220528523 ], [ -72.148281702066882, 50.232174143982782 ], [ -72.159927171175426, 50.235957171450671 ], [ -72.152697099268039, 50.238946177111274 ], [ -72.157936983427376, 50.246873258871489 ], [ -72.147901274908108, 50.254066730202574 ], [ -72.159831990983719, 50.256848108083766 ], [ -72.163236277409524, 50.260617007451437 ], [ -72.161829776358275, 50.270794545535914 ], [ -72.153157711684017, 50.273656227629999 ], [ -72.160403313334683, 50.282437712768683 ], [ -72.158021513309592, 50.28894590126523 ], [ -72.159564922720861, 50.29986121553555 ], [ -72.150522228543139, 50.305921161226436 ], [ -72.162043334431317, 50.305471736890723 ], [ -72.156768213359442, 50.310053565895771 ], [ -72.164034372237168, 50.316613210726686 ], [ -72.156362424644868, 50.32100364380215 ], [ -72.164092578303752, 50.327240224561358 ], [ -72.15617896579424, 50.330654425883871 ], [ -72.160946918114121, 50.334291758632304 ], [ -72.162079310456434, 50.341545768076607 ], [ -72.169837151403982, 50.341936083523535 ], [ -72.172943616425741, 50.34448858840625 ], [ -72.171343387547338, 50.349021635972726 ], [ -72.181967104750044, 50.352489274848139 ], [ -72.183549486429911, 50.382212568916081 ], [ -72.162452567031949, 50.416084594884843 ], [ -72.164985710360625, 50.419598990390078 ], [ -72.161616379916808, 50.430997180595881 ], [ -72.16451211717613, 50.434433326274252 ], [ -72.159349319523358, 50.443794542809663 ], [ -72.156605496338258, 50.469223994546432 ], [ -72.160993881474866, 50.478037202625572 ], [ -72.153266985785947, 50.483056596580674 ], [ -72.162164653401774, 50.502756938137452 ], [ -72.159085213955407, 50.508062505734131 ], [ -72.163580750295992, 50.517619419800759 ], [ -72.162281472686857, 50.525590024934914 ], [ -72.166239425305008, 50.530598349109056 ], [ -72.161714746035599, 50.537394783941515 ], [ -72.176338312395515, 50.552567782673322 ], [ -72.175271172271991, 50.557486234799029 ], [ -72.182360990445929, 50.565206143999269 ], [ -72.183217732036155, 50.580688798549339 ], [ -72.188470328834654, 50.584162860948211 ], [ -72.190911630028211, 50.593287748926848 ], [ -72.187994914111641, 50.608666956794536 ], [ -72.192479946062605, 50.614797914179583 ], [ -72.186475157874725, 50.62557658925909 ], [ -72.188698753358722, 50.634533859668146 ], [ -72.179840933142955, 50.670873862565607 ], [ -72.183418184439617, 50.675914774002102 ], [ -72.182401976547027, 50.680733296101224 ], [ -72.17676947365446, 50.685454966147589 ], [ -72.171375443518016, 50.699753092142679 ], [ -72.165119198568078, 50.706749345045083 ], [ -72.166804703663274, 50.710602354791313 ], [ -72.162653523114841, 50.720770793361638 ], [ -72.164938135167063, 50.726993801971965 ], [ -72.156914560402413, 50.729339687858676 ], [ -72.154589614567598, 50.737640154049757 ], [ -72.150941998336066, 50.739736682508884 ], [ -72.15402326152801, 50.751500921873038 ], [ -72.148939797308756, 50.77475203707872 ], [ -72.155989249621115, 50.796386215600037 ], [ -72.151867823206388, 50.80100635378281 ], [ -72.15885453374689, 50.809879298670729 ], [ -72.154030586029933, 50.814979411952187 ], [ -72.155819081203788, 50.826262815361595 ], [ -72.150335457931774, 50.829316969241574 ], [ -72.145765548909367, 50.839336683792347 ], [ -72.122802523372911, 50.846533947176887 ], [ -72.107184761016597, 50.85599834709101 ], [ -72.103926457631914, 50.866703651926798 ], [ -72.10636102635732, 50.871092736674406 ], [ -72.101758081474983, 50.87699518118324 ], [ -72.104276553629845, 50.882379853685947 ], [ -72.101412461477778, 50.886787618504819 ], [ -72.107056785715457, 50.901670253284415 ], [ -72.104325183682221, 50.90916626524146 ], [ -72.107143407919963, 50.919793734480002 ], [ -72.104042596147906, 50.938160170838557 ], [ -72.10764800091097, 50.954767359882624 ], [ -72.095355666197875, 50.975259429347481 ], [ -72.101754683902456, 50.981681939168958 ], [ -72.096165829049369, 50.987456915832652 ], [ -72.09011769333668, 51.005054832138249 ], [ -72.092824405367352, 51.011693752277544 ], [ -72.088967710840507, 51.026350540533784 ], [ -72.074609448039425, 51.033441729521556 ], [ -72.07522042298649, 51.044410757662149 ], [ -72.072259144028138, 51.048495496636043 ], [ -72.056253923557634, 51.047840545988407 ], [ -72.051858064185609, 51.051067508798774 ], [ -72.053577689444595, 51.061398491165008 ], [ -72.049978803609051, 51.065645141727444 ], [ -72.054142167080983, 51.07004924460994 ], [ -72.049604361708816, 51.075354382940418 ], [ -72.047827553002193, 51.10559824984999 ], [ -72.051790246296264, 51.108514746451867 ], [ -72.04791476635306, 51.113098305086119 ], [ -72.052242356689618, 51.115828989669872 ], [ -72.050293563624109, 51.141681064509754 ], [ -72.041217653365948, 51.145578910524179 ], [ -72.033447725228967, 51.139095680289515 ], [ -72.021378088217105, 51.136942595745403 ], [ -72.02007723846927, 51.140359599675811 ], [ -72.025622436397072, 51.144543712176251 ], [ -72.022400267448603, 51.150525963290825 ], [ -72.024927707290473, 51.155955454883483 ], [ -72.022303550440412, 51.1584777549172 ], [ -72.024530377950796, 51.165943055347377 ], [ -72.021861320106808, 51.170460502599269 ], [ -72.029432798316122, 51.175859972425016 ], [ -72.020674526774144, 51.178672812860057 ], [ -72.004174649996372, 51.173984842176694 ], [ -71.999551180520797, 51.175560690317127 ], [ -72.003218215775874, 51.182327907272636 ], [ -71.998620974191425, 51.191816749678956 ], [ -72.009007840065024, 51.193390125353062 ], [ -72.013943448610107, 51.197935342229577 ], [ -72.00915951257214, 51.201517071087785 ], [ -72.013670062835203, 51.205809381903791 ], [ -72.005069897265514, 51.205644412139094 ], [ -72.00702464099146, 51.210705802570509 ], [ -72.0041433264646, 51.217103858281625 ], [ -72.013192487102586, 51.220440724878777 ], [ -72.002691829555133, 51.223505131618161 ], [ -71.998545919115003, 51.218740355369853 ], [ -71.993202912266952, 51.218539566494194 ], [ -71.990964668605827, 51.212808897621564 ], [ -71.976618064752046, 51.212412087848087 ], [ -71.985024862517719, 51.221744372244636 ], [ -71.98513963825053, 51.225622062184229 ], [ -71.991703592205056, 51.229028498327828 ], [ -71.989565339508843, 51.231991022217699 ], [ -71.980531906420069, 51.233251321169831 ], [ -71.978405027381797, 51.236887095727006 ], [ -71.980985888184989, 51.243673046022209 ], [ -71.95751382857307, 51.243941514152269 ], [ -71.955750030329995, 51.247382838783871 ], [ -71.958219364901083, 51.251142667165446 ], [ -71.950692266581456, 51.257918808641683 ], [ -71.941313708393523, 51.257473927359875 ], [ -71.939060213697431, 51.269824331635135 ], [ -71.923436572590134, 51.278782212871477 ], [ -71.894413023588683, 51.275595535127465 ], [ -71.885040538907148, 51.271006142652723 ], [ -71.878854100045316, 51.275771347344467 ], [ -71.867734588966258, 51.277808844111206 ], [ -71.874374647118131, 51.286555575842762 ], [ -71.870987854507391, 51.295264581154768 ], [ -71.882910398742084, 51.301612194570076 ], [ -71.86424527597471, 51.325113901278421 ], [ -71.877736188412811, 51.335110669240287 ], [ -71.863953280087458, 51.347256220886045 ], [ -71.846338186463072, 51.350871350107489 ], [ -71.841858891867417, 51.355276966071827 ], [ -71.835213260269299, 51.3540195243583 ], [ -71.833952296567674, 51.366890096763868 ], [ -71.830277112919504, 51.371353737842327 ], [ -71.817116372655292, 51.372393226410821 ], [ -71.814809240149728, 51.358740659893499 ], [ -71.807997645854712, 51.358787450194562 ], [ -71.804370600650984, 51.352346924283573 ], [ -71.791987879140606, 51.354117563471007 ], [ -71.790055685114993, 51.360809392690797 ], [ -71.773629814617394, 51.366992342650441 ], [ -71.770112727218617, 51.365767544259562 ], [ -71.761263397592259, 51.357973604697584 ], [ -71.768910696395849, 51.33885203451819 ], [ -71.757041766638366, 51.338168931034588 ], [ -71.751691448215738, 51.347970894046732 ], [ -71.742003939282071, 51.351350949677403 ], [ -71.738161476214216, 51.358149103130806 ], [ -71.724416033417256, 51.358827779892977 ], [ -71.719583612717514, 51.37133290140234 ], [ -71.711305737868756, 51.37578538740614 ], [ -71.705132140542005, 51.39070718008491 ], [ -71.698269644296715, 51.398021087923205 ], [ -71.689001882725208, 51.398992999711638 ], [ -71.685645149045811, 51.404408578297883 ], [ -71.690141480073194, 51.407319917864335 ], [ -71.685891379529579, 51.414723208663261 ], [ -71.69288122863027, 51.415831077232774 ], [ -71.698504640703788, 51.421814896626358 ], [ -71.712650630929474, 51.428237270500588 ], [ -71.706270045011905, 51.439909141943232 ], [ -71.686780721698256, 51.444236072781102 ], [ -71.67156677394334, 51.462517862198787 ], [ -71.668453677762301, 51.461913286236729 ], [ -71.658614990119972, 51.476287041810778 ], [ -71.645075263692362, 51.476431928245724 ], [ -71.640268780631601, 51.488132885675881 ], [ -71.62652205397994, 51.50524878050183 ], [ -71.581855857340884, 51.504086764314444 ], [ -71.581513571940121, 51.509406473505301 ], [ -71.574787150123655, 51.515786745784268 ], [ -71.57162114807511, 51.531188035761936 ], [ -71.573364797419856, 51.536974769577739 ], [ -71.57718892308236, 51.538560200216303 ], [ -71.572562761752536, 51.542371657224294 ], [ -71.58722214034232, 51.541574024261415 ], [ -71.583352561347112, 51.54606766027343 ], [ -71.588858757705168, 51.549292079399343 ], [ -71.589058901264536, 51.55270106169214 ], [ -71.583117307238936, 51.559896366922111 ], [ -71.582460929976065, 51.564017353021782 ], [ -71.586567227210836, 51.567527984589155 ], [ -71.576672278770232, 51.586445112310606 ], [ -71.582030646837524, 51.589428988543496 ], [ -71.595213902391677, 51.588443201459036 ], [ -71.598150226163867, 51.592229240365725 ], [ -71.59592731072776, 51.607322508822079 ], [ -71.596898190941843, 51.613082042789671 ], [ -71.601712454743591, 51.616045300722377 ], [ -71.591481993016316, 51.631958406227973 ], [ -71.593072416006564, 51.645098504297657 ], [ -71.599675284880433, 51.651844208850726 ], [ -71.597414780914704, 51.661083936845579 ], [ -71.610370126174359, 51.662603644738248 ], [ -71.607498642769798, 51.672129232117754 ], [ -71.597019347681609, 51.680828483904406 ], [ -71.602783829108077, 51.685268937888303 ], [ -71.601280179202476, 51.69212839913677 ], [ -71.610667569074167, 51.692931156291088 ], [ -71.602212140653037, 51.710068392799656 ], [ -71.59231004690065, 51.716847605028988 ], [ -71.57731900808696, 51.741211242103191 ], [ -71.577268631065678, 51.747619714965467 ], [ -71.581750605081893, 51.750623946509137 ], [ -71.58383094364892, 51.75886328965241 ], [ -71.57457537115036, 51.777344710028046 ], [ -71.564157813968961, 51.778706105869006 ], [ -71.565978717084946, 51.783026396058133 ], [ -71.553071762097673, 51.788403433527193 ], [ -71.558221299227256, 51.791892579595839 ], [ -71.570884999848232, 51.791419032474344 ], [ -71.574969258836589, 51.795002155109337 ], [ -71.575826208967683, 51.805627418701057 ], [ -71.57200794309432, 51.81324971791841 ], [ -71.557565455547831, 51.816178310343091 ], [ -71.550068677186474, 51.822078624463963 ], [ -71.54142541720293, 51.82398095684394 ], [ -71.5326418847105, 51.835019971081181 ], [ -71.501842932200034, 51.82757949247943 ], [ -71.485376366592007, 51.839264080399964 ], [ -71.468048298709334, 51.832622757637836 ], [ -71.434417104443227, 51.842876823154157 ], [ -71.418737381432436, 51.844206086744578 ], [ -71.405564856314371, 51.840209445643261 ], [ -71.379203109829575, 51.847404621875988 ], [ -71.365205980296906, 51.872685937384048 ], [ -71.362928184333157, 51.885803341482976 ], [ -71.352411583702221, 51.902051395546934 ], [ -71.352190949500766, 51.908092337911356 ], [ -71.346914683211594, 51.913408241107874 ], [ -71.338305560714971, 51.913698587993601 ], [ -71.326954292766786, 51.919293335604287 ], [ -71.319184148675362, 51.930026562755373 ], [ -71.310276771098188, 51.947608168400926 ], [ -71.312599825910112, 51.964478205682965 ], [ -71.30858730047909, 51.969599206278218 ], [ -71.293490728672097, 51.975902391837472 ], [ -71.288884424310226, 51.983926448626065 ], [ -71.27061163943182, 51.995032594565181 ], [ -71.261480636757469, 52.009685750435807 ], [ -71.250327250903965, 52.017890262678527 ], [ -71.224003798987155, 52.021658293455502 ], [ -71.208630560866695, 52.039337832243909 ], [ -71.240117048040517, 52.035082115111962 ], [ -71.2545272024051, 52.038186032284933 ], [ -71.266561470834731, 52.03670086371713 ], [ -71.268303737312692, 52.040406161525596 ], [ -71.263830147498624, 52.042873672287392 ], [ -71.258632607774516, 52.054840360424649 ], [ -71.243318942149742, 52.061874370564006 ], [ -71.237766335371973, 52.0738603974185 ], [ -71.223008487939495, 52.078535679040343 ], [ -71.199865196925558, 52.093157158586507 ], [ -71.197098096960744, 52.103607206787423 ], [ -71.188602724480688, 52.116282432961881 ], [ -71.174816190548469, 52.115578564823302 ], [ -71.16447814575092, 52.120025519829802 ], [ -71.146580828607838, 52.143987937869611 ], [ -71.161925299378311, 52.147819852953852 ], [ -71.149034347728701, 52.152557968316053 ], [ -71.141003486284745, 52.161260028395567 ], [ -71.141433340289751, 52.166350379504664 ], [ -71.123993153800853, 52.168992625237991 ], [ -71.105266303252805, 52.182891276845346 ], [ -71.093309593012165, 52.180664211715673 ], [ -71.096087100904867, 52.191034177937077 ], [ -71.077288797191997, 52.211467098820499 ], [ -71.0351898793282, 52.210413244885565 ], [ -71.016721897107601, 52.219954274607034 ], [ -71.003060388643092, 52.217490108498154 ], [ -70.999707391816472, 52.220539382134561 ], [ -70.989702260053406, 52.219658879060411 ], [ -70.967141317807688, 52.234659829334994 ], [ -70.959541870704868, 52.232996083642213 ], [ -70.955751877101775, 52.23775984902084 ], [ -70.925629929653496, 52.242128861284208 ], [ -70.883590955933983, 52.278382835664516 ], [ -70.870932728425146, 52.272238972631001 ] ] ] } },
{ "type": "Feature", "properties": { "riding_code": 321, "riding_name": "Viau" }, "geometry": { "type": "Polygon", "coordinates": [ [ [ -73.626888125803703, 45.585520936689058 ], [ -73.586289909078403, 45.566149137200924 ], [ -73.603545978214683, 45.54634811967918 ], [ -73.645379491115875, 45.564733768763304 ], [ -73.626888125803703, 45.585520936689058 ] ] ] } },
{ "type": "Feature", "properties": { "riding_code": 611, "riding_name": "Masson" }, "geometry": { "type": "Polygon", "coordinates": [ [ [ -73.580556735089658, 45.820392518189045 ], [ -73.550071988564213, 45.816956481117543 ], [ -73.551752534511678, 45.79341742078747 ], [ -73.524940868641053, 45.792402358020688 ], [ -73.528003405969258, 45.753358371970606 ], [ -73.518015515299922, 45.747710398494704 ], [ -73.518692852325756, 45.744879003269524 ], [ -73.500338042820573, 45.73534231540836 ], [ -73.497190749328766, 45.722107266088955 ], [ -73.488348100801531, 45.717165423800985 ], [ -73.487186844847542, 45.712528432253805 ], [ -73.497603711082306, 45.704868487823077 ], [ -73.523096413508, 45.697885173049713 ], [ -73.555182478559928, 45.700598805629738 ], [ -73.578892962892155, 45.694966748927015 ], [ -73.576579830848431, 45.715102014355963 ], [ -73.668525158557514, 45.726414206900373 ], [ -73.699298748982613, 45.747039735723732 ], [ -73.690360980092009, 45.764968815718269 ], [ -73.701049527531552, 45.768633117653359 ], [ -73.687975352338611, 45.794164186083776 ], [ -73.669095992887137, 45.786716400957502 ], [ -73.653998521419936, 45.796052778470354 ], [ -73.653919614031196, 45.803251540644162 ], [ -73.644290221335822, 45.813567108276452 ], [ -73.619491296715069, 45.796391574475166 ], [ -73.594444652541128, 45.813305160399672 ], [ -73.591140743574215, 45.812223955679841 ], [ -73.590862499040156, 45.817138393155822 ], [ -73.580357719744114, 45.81605094358828 ], [ -73.580556735089658, 45.820392518189045 ] ] ] } },
{ "type": "Feature", "properties": { "riding_code": 769, "riding_name": "Chauveau" }, "geometry": { "type": "Polygon", "coordinates": [ [ [ -71.890544293705076, 47.77018122560672 ], [ -71.459681422907209, 47.345811108986759 ], [ -71.435174465191125, 47.327707511220375 ], [ -71.371584638960357, 47.264932983725906 ], [ -71.281527976912471, 47.185142845374422 ], [ -71.252010702984805, 47.154182460447856 ], [ -71.268451773997683, 47.146624254576679 ], [ -71.259906312569143, 47.137597890202244 ], [ -71.26370319757828, 47.133918962114635 ], [ -71.240577859778938, 47.13369431408691 ], [ -71.243649275776363, 47.12328413282431 ], [ -71.237733865884849, 47.122503750598611 ], [ -71.231735499171805, 47.116622910147314 ], [ -71.218013335453477, 47.123213792861151 ], [ -71.219264287920524, 47.126915145818991 ], [ -71.178381943011701, 47.101487321869477 ], [ -71.186818349372885, 47.097444319364925 ], [ -71.172716213094006, 47.087761032085446 ], [ -71.192789305039526, 47.087315011185012 ], [ -71.183691729190954, 47.072961704197894 ], [ -71.216257430623429, 47.057167374822555 ], [ -71.207756834603217, 47.048449104799538 ], [ -71.270721268101397, 47.018461907202195 ], [ -71.222928471942097, 46.969448217027008 ], [ -71.285141430427188, 46.940277146219252 ], [ -71.263209913171266, 46.91784555255186 ], [ -71.307044905594068, 46.901727448293428 ], [ -71.304639029930826, 46.899487285552745 ], [ -71.316015474383633, 46.894848724278575 ], [ -71.311095646873852, 46.887230948600418 ], [ -71.312962315427299, 46.88635753730798 ], [ -71.297092970676076, 46.869800057756855 ], [ -71.312011263050678, 46.86971400418139 ], [ -71.347344293979475, 46.852822043931504 ], [ -71.341888311442546, 46.836116503390969 ], [ -71.350026556434713, 46.831889192855648 ], [ -71.400607468233318, 46.867999755048771 ], [ -71.412743641508271, 46.862925488532916 ], [ -71.465219776204194, 46.879957450230584 ], [ -71.460162600967109, 46.883318682741901 ], [ -71.473042138001375, 46.892151912405744 ], [ -71.438447596709722, 46.914707796194378 ], [ -71.433411421364042, 46.911049190650125 ], [ -71.405610987730938, 46.923225997230531 ], [ -71.448041095118384, 46.96752780224417 ], [ -71.420616930046691, 46.98070208159865 ], [ -71.631220534012215, 47.192808320459278 ], [ -71.670302746352121, 47.216009165478688 ], [ -71.824157522053952, 47.324536937836044 ], [ -71.827088809347629, 47.323579901121526 ], [ -71.827626090017134, 47.329090188219773 ], [ -71.842466602981816, 47.330937562897404 ], [ -71.86159034516696, 47.338133155903627 ], [ -71.866502428292861, 47.335468624153769 ], [ -71.919408331299863, 47.354372680761053 ], [ -71.957818537370486, 47.375421056617512 ], [ -71.960419750170345, 47.382236073390082 ], [ -71.967964650396013, 47.386921671187785 ], [ -71.991475725209611, 47.389905551745279 ], [ -72.000728354937237, 47.394405820436042 ], [ -72.015812944391371, 47.408444136228063 ], [ -72.034218030051903, 47.40090423728671 ], [ -72.043140041097203, 47.404956905370454 ], [ -72.047245847784609, 47.403137080233506 ], [ -72.056837656696487, 47.40929224880211 ], [ -72.078394631766429, 47.409466593722271 ], [ -72.082432631010661, 47.401641754307484 ], [ -72.092760406765692, 47.394285095257061 ], [ -72.099566553008387, 47.393745669387073 ], [ -72.100659756676322, 47.384019713164292 ], [ -72.112609246870889, 47.37825263236207 ], [ -72.127043143230452, 47.379216558779483 ], [ -72.130082389724862, 47.373793229909033 ], [ -72.134980309573805, 47.374313142474627 ], [ -72.138659642285702, 47.367014813181449 ], [ -72.145844213795712, 47.372569110971448 ], [ -72.147811147027298, 47.380787665899142 ], [ -72.159476705075917, 47.383383926671883 ], [ -72.161476287649549, 47.386866621175336 ], [ -72.160186664658752, 47.39190596194188 ], [ -72.145679222434183, 47.399608534541706 ], [ -72.141590997128787, 47.408905006978515 ], [ -72.142594941765893, 47.414953315581847 ], [ -72.147168081951349, 47.419080000095917 ], [ -72.158658706866035, 47.421095726067364 ], [ -72.173865479554308, 47.439090040833754 ], [ -72.168599578832129, 47.450345699199502 ], [ -72.172574083554295, 47.457166633794159 ], [ -72.171294064160506, 47.461845809855355 ], [ -72.160967464957125, 47.463788569423052 ], [ -72.162595647231427, 47.468493748959979 ], [ -72.171695198404194, 47.476594287768648 ], [ -72.182830407765721, 47.476776500277694 ], [ -72.201054043334892, 47.485392696527924 ], [ -72.198995025544917, 47.491995082006049 ], [ -72.19428041384073, 47.494877038855648 ], [ -72.195802977273743, 47.500736031196162 ], [ -72.205534669719995, 47.500889635332186 ], [ -72.214409046206612, 47.514988015093145 ], [ -72.22679135896594, 47.523956229534818 ], [ -72.230007397994612, 47.530789137166536 ], [ -72.2394136480752, 47.535907677591091 ], [ -71.890544293705076, 47.77018122560672 ] ] ] } },
{ "type": "Feature", "properties": { "riding_code": 151, "riding_name": "Nicolet-Bécancour" }, "geometry": { "type": "Polygon", "coordinates": [ [ [ -72.11093965824135, 46.571064256556284 ], [ -72.05431988501833, 46.570508858050253 ], [ -72.032060101524323, 46.553290224818404 ], [ -72.011810247747079, 46.543665250387193 ], [ -71.881161673049832, 46.450756135957775 ], [ -71.974078666878327, 46.386359837388298 ], [ -71.865785244758854, 46.307088050848655 ], [ -71.880812967856826, 46.303193947723273 ], [ -71.885251845173244, 46.296791004922468 ], [ -71.916819100558939, 46.287167124965748 ], [ -71.920833693674865, 46.283254606835648 ], [ -71.919056447324493, 46.280188410537718 ], [ -71.92268329819268, 46.273610090729726 ], [ -71.929305464497503, 46.271371300109344 ], [ -71.934757945126577, 46.262634854827539 ], [ -71.941615296185105, 46.258636923629695 ], [ -71.955642282154813, 46.256898982780278 ], [ -71.961445292008676, 46.260313833275092 ], [ -71.969260653722372, 46.257353099134264 ], [ -71.971979968786869, 46.250856135575376 ], [ -71.985957154382788, 46.247013473787554 ], [ -71.985543129915342, 46.217366868664861 ], [ -71.965246470327358, 46.225569196561175 ], [ -71.964672913366371, 46.211013307398453 ], [ -71.957855063838224, 46.213965018032361 ], [ -71.957490439563941, 46.199354112693108 ], [ -71.951274517365817, 46.201794479267264 ], [ -71.950737640937788, 46.17260264085585 ], [ -71.964744580375893, 46.167271454809452 ], [ -71.965128231448929, 46.152639979153911 ], [ -71.971745534534222, 46.150175792199477 ], [ -71.971478214684538, 46.135310225225233 ], [ -71.977758979510185, 46.13281113652863 ], [ -71.977752206772863, 46.11803127707708 ], [ -71.984561474481822, 46.113481336399879 ], [ -72.052388513994785, 46.099682036872217 ], [ -72.054153169036269, 46.129898515686882 ], [ -72.129190967179881, 46.114711764287208 ], [ -72.12946637485031, 46.129251256379455 ], [ -72.149408332450449, 46.125217352605354 ], [ -72.149417266273517, 46.110621594633137 ], [ -72.172524028043696, 46.105873542354765 ], [ -72.172620316207102, 46.098272457254538 ], [ -72.178421759546893, 46.097096979402018 ], [ -72.178307765243076, 46.100793559591231 ], [ -72.192022767184241, 46.091506356782666 ], [ -72.191774424944228, 46.102349422650164 ], [ -72.214126426161599, 46.097727209224253 ], [ -72.215765619473416, 46.081359702164029 ], [ -72.225155107486941, 46.0873190718941 ], [ -72.258304131968217, 46.063176212837632 ], [ -72.290363168183063, 46.046240926694317 ], [ -72.30723813105331, 46.031162905412835 ], [ -72.354449820910375, 46.058711125407825 ], [ -72.397142570186361, 46.023108463009713 ], [ -72.410678424603802, 46.031910424618943 ], [ -72.409706533995248, 46.038495057232609 ], [ -72.4207897116639, 46.046513030811354 ], [ -72.431121499960184, 46.042197836868979 ], [ -72.440296423057362, 46.047293396015334 ], [ -72.457751363533731, 46.03865608509448 ], [ -72.475261546624509, 46.040218811584602 ], [ -72.480465882645916, 46.03685900759239 ], [ -72.498201545292531, 46.054391241436839 ], [ -72.491147647375982, 46.077816729351461 ], [ -72.507379715360258, 46.084115364929922 ], [ -72.507720815767627, 46.095513512038565 ], [ -72.51743805700761, 46.097608184460348 ], [ -72.565023341696318, 46.061543211222755 ], [ -72.533446604837025, 46.038366708817847 ], [ -72.544254409602303, 46.031067526683941 ], [ -72.540883607685913, 46.028490382496038 ], [ -72.552035196323899, 46.021306727829433 ], [ -72.566232834310881, 46.031670793158035 ], [ -72.588341235449448, 46.016691378294816 ], [ -72.593645853578494, 46.020778739859288 ], [ -72.600463657569932, 46.016056384671941 ], [ -72.618218466049896, 46.029047707009184 ], [ -72.655244266553041, 46.00672078196159 ], [ -72.733441887527505, 46.032878290485002 ], [ -72.768203415679451, 46.009484552704691 ], [ -72.80609903485238, 46.015964289574491 ], [ -72.828321566670112, 46.032001492135237 ], [ -72.829890937328727, 46.021116809208443 ], [ -72.860556591432243, 46.042754893514797 ], [ -72.868020200407614, 46.033384345768553 ], [ -72.874512402528822, 46.037987769287916 ], [ -72.88016598743107, 46.034170588445569 ], [ -72.941182044490105, 46.076694973712357 ], [ -72.942180060243828, 46.089399198897283 ], [ -72.944809543928031, 46.07924434008882 ], [ -72.992587705168802, 46.11190211269124 ], [ -72.97674797642776, 46.110013539761482 ], [ -72.965302760808896, 46.11420772727719 ], [ -72.936934621707735, 46.150597563303172 ], [ -72.901575956400038, 46.17370523806273 ], [ -72.83580316713892, 46.197681164741141 ], [ -72.759682381377786, 46.219037491200119 ], [ -72.687877891096377, 46.254372639372711 ], [ -72.578421045788531, 46.295066352513309 ], [ -72.555585981507207, 46.310736186977728 ], [ -72.528702528463754, 46.337009031278946 ], [ -72.495613608423966, 46.354590803394856 ], [ -72.475497796329293, 46.371929288757777 ], [ -72.457080803775952, 46.382618254807653 ], [ -72.424730186570244, 46.390952602490238 ], [ -72.378722490444801, 46.410147397837989 ], [ -72.332948299447409, 46.421395950440207 ], [ -72.292107420480818, 46.426402604216491 ], [ -72.263941113234068, 46.435430492078005 ], [ -72.244475343784202, 46.452118529774502 ], [ -72.225381653372864, 46.505423566247309 ], [ -72.204798100756747, 46.527509445988194 ], [ -72.176052554723967, 46.547255882184288 ], [ -72.134158740936869, 46.565510448103389 ], [ -72.11093965824135, 46.571064256556284 ] ] ] } },
{ "type": "Feature", "properties": { "riding_code": 279, "riding_name": "Notre-Dame-de-Grâce" }, "geometry": { "type": "Polygon", "coordinates": [ [ [ -73.645922207217595, 45.473276423469919 ], [ -73.612377639153678, 45.482606942732943 ], [ -73.61434022304887, 45.480671110633153 ], [ -73.605404741316818, 45.476572508037073 ], [ -73.598473373403991, 45.47410312441297 ], [ -73.595162828661216, 45.476427262547297 ], [ -73.596542729619131, 45.473243077753231 ], [ -73.621070421104278, 45.462271344855424 ], [ -73.635230751665858, 45.450751082413369 ], [ -73.631965766543047, 45.449507565835106 ], [ -73.644812374884339, 45.447596472289497 ], [ -73.668167453683466, 45.456549926349012 ], [ -73.659556346751799, 45.454576689722465 ], [ -73.65799136696441, 45.455940969871612 ], [ -73.661324029508165, 45.457221913985073 ], [ -73.658272596821718, 45.461454393766047 ], [ -73.645922207217595, 45.473276423469919 ] ] ] } },
{ "type": "Feature", "properties": { "riding_code": 749, "riding_name": "Vanier-Les Rivières" }, "geometry": { "type": "Polygon", "coordinates": [ [ [ -71.312011263050678, 46.86971400418139 ], [ -71.297092970676076, 46.869800057756855 ], [ -71.254433261140264, 46.826659374149841 ], [ -71.239387818806918, 46.819871385345337 ], [ -71.241489817130017, 46.815614313369984 ], [ -71.249106748465437, 46.81444577762128 ], [ -71.258018263984937, 46.808278802210509 ], [ -71.269331831332934, 46.807775481263327 ], [ -71.257929247222563, 46.798848319700767 ], [ -71.313577525878472, 46.789261917181662 ], [ -71.316615798488982, 46.79450993527081 ], [ -71.323566222395243, 46.78998959110217 ], [ -71.338099462560805, 46.798197440453805 ], [ -71.335603255249524, 46.799621544855214 ], [ -71.345019802985433, 46.807751533029787 ], [ -71.338662628538415, 46.81276739770999 ], [ -71.318917005223213, 46.818759704795703 ], [ -71.320459297367947, 46.823020926377893 ], [ -71.332414877918495, 46.827436567889535 ], [ -71.32985135251181, 46.82742624666399 ], [ -71.3316451920209, 46.831712211821504 ], [ -71.344168976252362, 46.83103156955093 ], [ -71.340830225883906, 46.834381195730458 ], [ -71.341517999585008, 46.841280385256155 ], [ -71.346896000757653, 46.846239868354502 ], [ -71.347344293979475, 46.852822043931504 ], [ -71.312011263050678, 46.86971400418139 ] ] ] } },
{ "type": "Feature", "properties": { "riding_code": 701, "riding_name": "Champlain" }, "geometry": { "type": "Polygon", "coordinates": [ [ [ -72.436997647112989, 47.058231064623577 ], [ -72.167510308414535, 46.87458046605358 ], [ -72.228416588395334, 46.835199216713583 ], [ -72.233271276381117, 46.838507447353877 ], [ -72.248318841352685, 46.828178841925308 ], [ -72.272385909387225, 46.845061486294483 ], [ -72.293308685815447, 46.836435383403249 ], [ -72.298516393313875, 46.828501891372291 ], [ -72.306503275365287, 46.833888506730098 ], [ -72.334157359073799, 46.814487705652667 ], [ -72.34511365283889, 46.822366129854892 ], [ -72.393559901677335, 46.792105501627049 ], [ -72.083728629460637, 46.570206498563273 ], [ -72.109742985349087, 46.57117685685207 ], [ -72.130901746340797, 46.566625989054963 ], [ -72.173497833328724, 46.548593723683311 ], [ -72.198903622501717, 46.53192840291748 ], [ -72.222074540196999, 46.510818801377312 ], [ -72.244475343784202, 46.452118529774502 ], [ -72.263941113234068, 46.435430492078005 ], [ -72.292107420480818, 46.426402604216491 ], [ -72.332948299447409, 46.421395950440207 ], [ -72.379607399819633, 46.409840216563907 ], [ -72.415662475597941, 46.394147195267976 ], [ -72.459565102194361, 46.381483085683932 ], [ -72.494585836865198, 46.355291115528701 ], [ -72.531893985681364, 46.361261691185923 ], [ -72.53773157024969, 46.36799648575861 ], [ -72.558320276356866, 46.366838199976179 ], [ -72.604460016303307, 46.375259838152168 ], [ -72.624817257730641, 46.397172570050998 ], [ -72.645488299508216, 46.393316915842078 ], [ -72.660183308665637, 46.403421340515791 ], [ -72.679100981049189, 46.410845098239513 ], [ -72.588754092044084, 46.474482671648325 ], [ -72.618762144851203, 46.495859530925301 ], [ -72.604484910319584, 46.505682550021561 ], [ -72.594293431533217, 46.505794522774245 ], [ -72.536023016722766, 46.547152665703095 ], [ -72.614067040503627, 46.602043501569852 ], [ -72.583126313225279, 46.623994683779443 ], [ -72.655563005298603, 46.670633324014602 ], [ -72.64293225040808, 46.679230269999309 ], [ -72.682450702059555, 46.7065445689828 ], [ -72.671565696457066, 46.713885051203306 ], [ -72.673566866433774, 46.721969722178095 ], [ -72.664301964140051, 46.715688129391552 ], [ -72.631589269078717, 46.737859205325044 ], [ -72.640487495968685, 46.743997730261746 ], [ -72.588109150876861, 46.782677441241844 ], [ -72.715329202145625, 46.866969656911877 ], [ -72.612651573158658, 46.94048201180636 ], [ -72.565113128982858, 46.908341324242571 ], [ -72.543615919624372, 46.922467710578815 ], [ -72.545620803864082, 46.923781501626245 ], [ -72.515607770152386, 46.944972849455944 ], [ -72.560137156548848, 46.970886930281196 ], [ -72.436997647112989, 47.058231064623577 ] ] ] } },
{ "type": "Feature", "properties": { "riding_code": 631, "riding_name": "Rousseau" }, "geometry": { "type": "Polygon", "coordinates": [ [ [ -73.568347839535932, 46.030578552818689 ], [ -73.548913034868406, 46.043083625896379 ], [ -73.534340628250305, 46.032948620866236 ], [ -73.530411268714204, 46.035671987194554 ], [ -73.517141038311607, 46.026203105310373 ], [ -73.521618947534122, 46.023115408189263 ], [ -73.508018151410482, 46.013434185219559 ], [ -73.525400116130712, 46.001904801256558 ], [ -73.510386612242087, 45.992366787198712 ], [ -73.540331556539286, 45.972414695658095 ], [ -73.518611191972894, 45.962951856906102 ], [ -73.516386638699643, 45.964584271903163 ], [ -73.495518704017343, 45.957443260481732 ], [ -73.480074801571632, 45.956633743915035 ], [ -73.470713165714187, 45.959837976407691 ], [ -73.459287765377098, 45.951253121773405 ], [ -73.45639712701437, 45.946265186247075 ], [ -73.463734630831112, 45.905078005454804 ], [ -73.480929030595561, 45.897079607066345 ], [ -73.480594225480957, 45.892902699065999 ], [ -73.484961705953069, 45.891260684660736 ], [ -73.490307942677561, 45.89434326490489 ], [ -73.487168698145283, 45.9000344573981 ], [ -73.493480550865371, 45.902482786392092 ], [ -73.532788918659506, 45.877177693497302 ], [ -73.524433790323798, 45.871152835898322 ], [ -73.528092143791, 45.869571338769596 ], [ -73.532076580199615, 45.872563025625844 ], [ -73.533728285658199, 45.871430010574912 ], [ -73.528530786925856, 45.868798036284794 ], [ -73.531216855752874, 45.86715146589426 ], [ -73.536627094185519, 45.870906694636666 ], [ -73.535715230990292, 45.867318781421858 ], [ -73.539942524341569, 45.866174588181728 ], [ -73.53353325399911, 45.861760503099276 ], [ -73.537446999722704, 45.860897299317486 ], [ -73.538607076254223, 45.841820248699953 ], [ -73.546028985155104, 45.843084326252637 ], [ -73.557432915325478, 45.836138313021699 ], [ -73.558208955750089, 45.824608231651176 ], [ -73.578531788056992, 45.827489134801979 ], [ -73.580357719744114, 45.81605094358828 ], [ -73.590862499040156, 45.817138393155822 ], [ -73.591140743574215, 45.812223955679841 ], [ -73.594444652541128, 45.813305160399672 ], [ -73.619491296715069, 45.796391574475166 ], [ -73.644290221335822, 45.813567108276452 ], [ -73.653919614031196, 45.803251540644162 ], [ -73.653998521419936, 45.796052778470354 ], [ -73.669095992887137, 45.786716400957502 ], [ -73.70051339559194, 45.796940720689172 ], [ -73.696864837779572, 45.804393607547681 ], [ -73.740605276167443, 45.805618519258061 ], [ -73.755378209604487, 45.813429567235566 ], [ -73.76987062618619, 45.816825514316768 ], [ -73.770828886336815, 45.810276952525591 ], [ -73.77671231936985, 45.810516064013306 ], [ -73.797746320614522, 45.827163828810612 ], [ -73.807785967102717, 45.821462704503233 ], [ -73.900937241179392, 45.884590758793983 ], [ -73.882653052260792, 45.888318444233882 ], [ -73.950371863853434, 45.933506935039873 ], [ -73.934561756244022, 45.944819287542003 ], [ -73.953294124743991, 45.953976793852412 ], [ -73.947903172034529, 45.957598718459074 ], [ -73.975008600509298, 45.976855450735158 ], [ -73.920905388629137, 46.019221980365799 ], [ -73.897836443478283, 46.010605512827397 ], [ -73.87276596988508, 46.028840692328657 ], [ -73.85796874618265, 46.021024318824374 ], [ -73.853770416850466, 46.021646406814114 ], [ -73.788474905356324, 45.976855104459084 ], [ -73.708090163489501, 46.031401605913473 ], [ -73.704635486643923, 46.028681458457363 ], [ -73.699103980449792, 46.031079083012976 ], [ -73.697080959658607, 46.035504162761221 ], [ -73.689297184673094, 46.031589536979169 ], [ -73.687190499690232, 46.034282417375692 ], [ -73.682088794361434, 46.032659270356973 ], [ -73.677596806174179, 46.027116143237222 ], [ -73.676350774185607, 46.016277479606273 ], [ -73.670206086630586, 46.013022572063932 ], [ -73.664689184845258, 46.014376456315908 ], [ -73.658050660701221, 46.009732692182169 ], [ -73.622317150274782, 46.03454311902027 ], [ -73.6345945067701, 46.043313272350062 ], [ -73.610291002768733, 46.059344340676247 ], [ -73.568347839535932, 46.030578552818689 ] ] ] } },
{ "type": "Feature", "properties": { "riding_code": 671, "riding_name": "Rouyn-Noranda–Témiscamingue" }, "geometry": { "type": "Polygon", "coordinates": [ [ [ -78.864711026284468, 48.574920152770524 ], [ -78.864859997289855, 48.561511510115352 ], [ -78.78783917298351, 48.561087857259999 ], [ -78.787871411245902, 48.553965046986605 ], [ -78.710321246137028, 48.554268690207756 ], [ -78.710376118432379, 48.570162301361691 ], [ -78.688454891000745, 48.571137331079427 ], [ -78.679287609303756, 48.574930288098784 ], [ -78.647139904231707, 48.57496224235998 ], [ -78.646816135612212, 48.430530007666896 ], [ -78.540580160553048, 48.430406024968292 ], [ -78.540953820435689, 48.286863525168599 ], [ -78.64961263382267, 48.287084954833368 ], [ -78.649520206139059, 48.22955802365626 ], [ -78.635923913668449, 48.231244387750621 ], [ -78.635602583406751, 48.214878086232439 ], [ -78.649567225299137, 48.21282684653994 ], [ -78.652810667322413, 47.996069425386516 ], [ -78.694003055923574, 47.996184966302948 ], [ -78.687415634291796, 47.963406664777089 ], [ -78.690420438615945, 47.953606423128669 ], [ -78.668490663681794, 47.924270949455014 ], [ -78.657752110603198, 47.921385512803376 ], [ -78.675160312385017, 47.910439864112483 ], [ -78.697688720808287, 47.903583972422709 ], [ -78.703933317844047, 47.880165849000292 ], [ -78.653037457231022, 47.88017416996037 ], [ -78.654694141716888, 47.702374713832803 ], [ -77.421979210434614, 47.702623226596103 ], [ -77.42455820153765, 47.697741489059574 ], [ -77.423422768816479, 47.696268849862832 ], [ -77.420484700656601, 47.696515306945244 ], [ -77.417061740078353, 47.694396375297977 ], [ -77.423385013734318, 47.695258497769984 ], [ -77.427601511054021, 47.69851913715511 ], [ -77.429684091577343, 47.693790529607433 ], [ -77.424355038841085, 47.687899909422541 ], [ -77.426739373022656, 47.683141917982468 ], [ -77.424655584629079, 47.681957248151811 ], [ -77.441093797021779, 47.671480532381047 ], [ -77.445483728639402, 47.675199489543857 ], [ -77.449922933100126, 47.666589726260241 ], [ -77.46355376846833, 47.656564199935957 ], [ -77.461789846988509, 47.654257003261591 ], [ -77.464683523934951, 47.649618442165838 ], [ -77.469756098832974, 47.649357462765998 ], [ -77.465844934689898, 47.641133464495809 ], [ -77.467199190872421, 47.633992043769005 ], [ -77.459441138240635, 47.63306331953526 ], [ -77.459281932463227, 47.636889514411273 ], [ -77.457625989655881, 47.633652749461135 ], [ -77.442760067493083, 47.63866009648364 ], [ -77.45128108704813, 47.632404758843947 ], [ -77.460261106141729, 47.632530490385221 ], [ -77.455063379821311, 47.629589640628929 ], [ -77.463600454234694, 47.626081207183645 ], [ -77.456991111156341, 47.622608828821747 ], [ -77.466951062803645, 47.623980729069444 ], [ -77.466062458666229, 47.607384134485429 ], [ -77.452574845813189, 47.598260440512185 ], [ -77.448589355428112, 47.591903194528747 ], [ -77.433774797029955, 47.589158109007343 ], [ -77.433901648400095, 47.591636184320329 ], [ -77.43159299058027, 47.586705808434381 ], [ -77.42409905543235, 47.584573940854341 ], [ -77.428752188813434, 47.582913491190169 ], [ -77.427986101798624, 47.579789475245214 ], [ -77.438659095528479, 47.589290428324972 ], [ -77.450581544011257, 47.590416340875692 ], [ -77.454375346934825, 47.597211226937773 ], [ -77.464887961338036, 47.596593037402123 ], [ -77.46316756442701, 47.600160202660021 ], [ -77.468269627683526, 47.602917386352765 ], [ -77.464509943220349, 47.60373387434764 ], [ -77.470040596828881, 47.606779314312895 ], [ -77.468492911948033, 47.603264356246662 ], [ -77.474461636653714, 47.602935367259029 ], [ -77.480450816347172, 47.594854593019789 ], [ -77.476748493942395, 47.596717240246342 ], [ -77.47184157479407, 47.594851763967441 ], [ -77.471880519902712, 47.5903735156068 ], [ -77.468661383167159, 47.591877986315673 ], [ -77.46723784257469, 47.59025365101882 ], [ -77.470146891443505, 47.587522110968322 ], [ -77.475221534824783, 47.591953454038951 ], [ -77.483448209732941, 47.58976594766515 ], [ -77.484183687793404, 47.58466264312041 ], [ -77.492071439040259, 47.578653911693607 ], [ -77.488533274475401, 47.574411508291611 ], [ -77.488950418374301, 47.56552290641654 ], [ -77.50083010509357, 47.569431901893147 ], [ -77.500952358521246, 47.566023354125917 ], [ -77.494852034340965, 47.561977380313905 ], [ -77.502201159069756, 47.562640506158935 ], [ -77.500048599526949, 47.560396291102677 ], [ -77.504018966678274, 47.551254312170926 ], [ -77.496208330485999, 47.560541202966981 ], [ -77.493533215762795, 47.558574655105069 ], [ -77.49280054381363, 47.540683308299741 ], [ -77.475520563236188, 47.541144819617919 ], [ -77.469898952328776, 47.547473927854874 ], [ -77.467871935601082, 47.542190869340743 ], [ -77.46463353674487, 47.544094968454154 ], [ -77.459821735772977, 47.538109129022644 ], [ -77.44061069679708, 47.541486536731931 ], [ -77.443009023232435, 47.538372474385952 ], [ -77.440024427152153, 47.537664084189394 ], [ -77.448147587059665, 47.535838466898269 ], [ -77.450763586228859, 47.53228478337374 ], [ -77.44976361189174, 47.535280297544503 ], [ -77.453577874725326, 47.535255871748269 ], [ -77.457052226965331, 47.529032143955398 ], [ -77.46420222364145, 47.530018348291335 ], [ -77.462395134523305, 47.534639744734932 ], [ -77.466960578573918, 47.533425544372513 ], [ -77.472119750910622, 47.5239720063555 ], [ -77.470056923951617, 47.522155268494274 ], [ -77.458433021804495, 47.527765995695908 ], [ -77.455067706066274, 47.526450132805195 ], [ -77.456386790583565, 47.520749035000136 ], [ -77.450789718385678, 47.519045852455996 ], [ -77.443972837488872, 47.51122045592362 ], [ -77.450672641020731, 47.512344512853723 ], [ -77.452784179953213, 47.507151169547797 ], [ -77.445163320713917, 47.503592730463069 ], [ -77.44755031156059, 47.502278913352406 ], [ -77.437555795757746, 47.502454804546126 ], [ -77.439323413764967, 47.495403900457319 ], [ -77.431123463463308, 47.49076116663732 ], [ -77.426123614313212, 47.493584793946475 ], [ -77.427606319962607, 47.489672053728164 ], [ -77.432201473749984, 47.489813281199524 ], [ -77.436812830312633, 47.485207641615617 ], [ -77.438153080465185, 47.488799755977404 ], [ -77.444371885446955, 47.48863480784722 ], [ -77.452623436167642, 47.502488109535179 ], [ -77.459323808400768, 47.506404737793858 ], [ -77.466088608108933, 47.503518319173779 ], [ -77.463353247540041, 47.507053476789032 ], [ -77.470260943439214, 47.509537233124234 ], [ -77.480581518227226, 47.506134719613378 ], [ -77.476430140815282, 47.510866949164168 ], [ -77.493025076068477, 47.51684280356276 ], [ -77.502663626487561, 47.507868628628444 ], [ -77.49894180537477, 47.509923196710851 ], [ -77.500879751153832, 47.504098550539581 ], [ -77.498021458491237, 47.497134672226011 ], [ -77.486667887382367, 47.499177649934978 ], [ -77.483979737902516, 47.493658749573093 ], [ -77.481874774019303, 47.493400461562061 ], [ -77.483095607634468, 47.496049687422307 ], [ -77.471353407805296, 47.494554984013973 ], [ -77.472290897937967, 47.490107945010287 ], [ -77.466816970961972, 47.489799105374686 ], [ -77.468555023194483, 47.487035615580275 ], [ -77.473975230187293, 47.485023922396735 ], [ -77.47834893138041, 47.490956043146021 ], [ -77.49355048906564, 47.496010401385192 ], [ -77.497677740786372, 47.489463019544999 ], [ -77.504627809973954, 47.491218484187023 ], [ -77.506861674132722, 47.486079121510883 ], [ -77.506511824125297, 47.492169130027115 ], [ -77.50877516107451, 47.49047344777415 ], [ -77.509841340319952, 47.490466329657984 ], [ -77.505083639769623, 47.496332641986598 ], [ -77.515055458606426, 47.493031552910196 ], [ -77.510444168748904, 47.498346933221697 ], [ -77.514135774941167, 47.500064746271164 ], [ -77.518704660657292, 47.494842420320452 ], [ -77.51746132857707, 47.49204965677562 ], [ -77.522545589555676, 47.490952420146435 ], [ -77.522624860550508, 47.487058934030799 ], [ -77.525326937002475, 47.48877850347445 ], [ -77.526220023335384, 47.484705043368855 ], [ -77.52567279617486, 47.482489374584873 ], [ -77.517536819405152, 47.484991636460748 ], [ -77.520954181170879, 47.479646363125923 ], [ -77.516344128972406, 47.475802415638086 ], [ -77.51805658121225, 47.473156997564359 ], [ -77.516442954129772, 47.474737678646584 ], [ -77.509960599886767, 47.469551606288867 ], [ -77.520222248379909, 47.471529934442749 ], [ -77.524112428001814, 47.465322045157258 ], [ -77.523335147783968, 47.469261886329164 ], [ -77.526000757397043, 47.468053625471939 ], [ -77.522653832222503, 47.473592536656398 ], [ -77.534028826585455, 47.470259788501124 ], [ -77.533877628082195, 47.476691085202603 ], [ -77.538626298170172, 47.471717342936302 ], [ -77.544859280599724, 47.471474759992759 ], [ -77.553560427481813, 47.476844964818618 ], [ -77.553180184962983, 47.480388361425568 ], [ -77.555730391003465, 47.475253508436609 ], [ -77.562531707273095, 47.474700815265841 ], [ -77.567253044161191, 47.468814613824229 ], [ -77.562624056557723, 47.464213618189191 ], [ -77.565422908778643, 47.456856018383185 ], [ -77.55835716949845, 47.457878802544677 ], [ -77.559391461509094, 47.453333629488974 ], [ -77.564978624242315, 47.450952933852349 ], [ -77.565598393211943, 47.456599912015264 ], [ -77.567928173594694, 47.450050773132936 ], [ -77.565894666399728, 47.450277036425057 ], [ -77.565204105886565, 47.449925935574214 ], [ -77.564909208646242, 47.449555940352681 ], [ -77.564991011009795, 47.449288854012998 ], [ -77.579108020177685, 47.442403682186466 ], [ -77.57820665234847, 47.440700636846657 ], [ -77.580378084810505, 47.438031869966771 ], [ -77.582479294032922, 47.438361656149752 ], [ -77.579207259041723, 47.442442265947484 ], [ -77.586287362288772, 47.445666208557505 ], [ -77.609321353013968, 47.437157625209792 ], [ -77.60779329618785, 47.42879619186953 ], [ -77.616944305863697, 47.416079957627908 ], [ -77.614825714928344, 47.412976548631875 ], [ -77.604839290286336, 47.41392787333352 ], [ -77.607041034899964, 47.412125211793963 ], [ -77.601590711732456, 47.408647986506942 ], [ -77.604321099245951, 47.408002694637446 ], [ -77.599096963831116, 47.405333783737476 ], [ -77.602948143381596, 47.402968250272295 ], [ -77.610168777714819, 47.412104431676042 ], [ -77.615936526351376, 47.404617401251883 ], [ -77.621270716985606, 47.405298305861031 ], [ -77.618756209495899, 47.409971038722524 ], [ -77.625702087478714, 47.410552941608657 ], [ -77.625967898516564, 47.414550810718772 ], [ -77.631547493052679, 47.415350396439173 ], [ -77.629261545285303, 47.418308038338381 ], [ -77.633534565741286, 47.415640634682291 ], [ -77.635379182881181, 47.41822928633124 ], [ -77.636315671184391, 47.414431310800673 ], [ -77.640282019818073, 47.411947955970199 ], [ -77.636803631941461, 47.416940313907553 ], [ -77.640371348103074, 47.416011590176581 ], [ -77.651006696748681, 47.424844139173402 ], [ -77.656873781743371, 47.42594833088576 ], [ -77.662478947347793, 47.433979974292406 ], [ -77.666209170869152, 47.433157949794136 ], [ -77.661440277457899, 47.430270103230406 ], [ -77.668931659166674, 47.429736029933444 ], [ -77.679074281294646, 47.423395959482043 ], [ -77.694655922784506, 47.428560215924321 ], [ -77.707528717953181, 47.419083671463 ], [ -77.730228027654633, 47.415246516710319 ], [ -77.734064590976743, 47.417037817980464 ], [ -77.718418913995322, 47.424952806429779 ], [ -77.727455493592686, 47.428009097005329 ], [ -77.746252281540464, 47.427583756646193 ], [ -77.754132798279329, 47.421870297024874 ], [ -77.75517856222622, 47.424783525700619 ], [ -77.762455715171598, 47.424691763637043 ], [ -77.771350173297776, 47.418545590361028 ], [ -77.766324950027141, 47.417379726913758 ], [ -77.765570962961306, 47.413840302248822 ], [ -77.757641847827557, 47.416609807000313 ], [ -77.756811725812966, 47.416223086060732 ], [ -77.75506867480776, 47.416876588086481 ], [ -77.753552286301925, 47.416536854846996 ], [ -77.771937576953306, 47.406935920600738 ], [ -77.77223174444147, 47.402555710547347 ], [ -77.766849210165205, 47.40156849696168 ], [ -77.763737020963859, 47.396056714236821 ], [ -77.773257701031682, 47.390582056359953 ], [ -77.772057715747508, 47.396651610685566 ], [ -77.777399915185484, 47.393254304075555 ], [ -77.787806504843104, 47.39328036769087 ], [ -77.792729884840909, 47.383606136389361 ], [ -77.787317549651348, 47.373667093496309 ], [ -77.78976435021815, 47.371952261525429 ], [ -77.793858934422715, 47.375116028204296 ], [ -77.793306850480093, 47.383286429300568 ], [ -77.796630887756123, 47.381636979090736 ], [ -77.798300458624979, 47.385148720270323 ], [ -77.803837950956193, 47.381474811241581 ], [ -77.795105582252774, 47.363234306957395 ], [ -77.815304033298702, 47.357371932859124 ], [ -77.825288919714836, 47.343084410771354 ], [ -77.823061725002759, 47.338254736392052 ], [ -77.818420299966746, 47.338711637684341 ], [ -77.819350676076382, 47.33381637829909 ], [ -77.822183081849317, 47.337275311727161 ], [ -77.822661844374053, 47.334337774444066 ], [ -77.829489007181834, 47.337980838079901 ], [ -77.83303512609227, 47.335545771843364 ], [ -77.835160631814645, 47.337823583509646 ], [ -77.843286782042085, 47.336372504938481 ], [ -77.839495033438197, 47.336472988761322 ], [ -77.843959672761201, 47.334028732102986 ], [ -77.843064866244362, 47.331087331249194 ], [ -77.837799597568619, 47.332881718048604 ], [ -77.827483596571554, 47.327889274552994 ], [ -77.822658198515242, 47.330855391108422 ], [ -77.818190145238361, 47.325619794372898 ], [ -77.825523653824206, 47.327599704594533 ], [ -77.831539783386233, 47.325744110047168 ], [ -77.827168754190467, 47.323569071835081 ], [ -77.834012299170524, 47.324044543379607 ], [ -77.835081461220653, 47.319916940220708 ], [ -77.828969354942174, 47.319690215992978 ], [ -77.826213341161008, 47.318524328752488 ], [ -77.838452181686918, 47.316670971479581 ], [ -77.842171081119673, 47.303341285557593 ], [ -77.84437606269816, 47.303233384104473 ], [ -77.844253568578893, 47.308344314028552 ], [ -77.840111768074351, 47.319477482944002 ], [ -77.852058776071502, 47.31912798023891 ], [ -77.843898377765299, 47.324497972329262 ], [ -77.856789144808744, 47.32874024206258 ], [ -77.860788919807391, 47.325079379516716 ], [ -77.856254605568253, 47.307138591858177 ], [ -77.860345957601524, 47.31020102742626 ], [ -77.858305691687065, 47.314848907325256 ], [ -77.860986704210106, 47.317900719200196 ], [ -77.872775354609828, 47.308557733587335 ], [ -77.87182682259521, 47.313128768523434 ], [ -77.879948507033248, 47.311141915476625 ], [ -77.88183884692053, 47.305156674744026 ], [ -77.887202397284838, 47.305361638833759 ], [ -77.890431292304271, 47.29776305624754 ], [ -77.90176917718064, 47.294210894426229 ], [ -77.903518424999305, 47.288977042107845 ], [ -77.90838848731353, 47.292164258707906 ], [ -77.914778275957445, 47.286243061008044 ], [ -77.926008329418096, 47.284540723727254 ], [ -77.923938681840127, 47.277466688463299 ], [ -77.931464349494789, 47.270116114549808 ], [ -77.929116166890196, 47.263658476740538 ], [ -77.925668487979792, 47.267655179614053 ], [ -77.924270564422628, 47.263610036293194 ], [ -77.914981604346579, 47.258435313684963 ], [ -77.91834409736326, 47.257385152825698 ], [ -77.915066661988476, 47.255046454637352 ], [ -77.918473862110233, 47.253331855478443 ], [ -77.903934864109928, 47.247331509561121 ], [ -77.901181778672608, 47.243272404129982 ], [ -77.878846685197075, 47.245278405153705 ], [ -77.865807972829501, 47.242759365388068 ], [ -77.858365954867267, 47.236285562982701 ], [ -77.85733260754705, 47.212601523867221 ], [ -77.854519984066286, 47.211457839718051 ], [ -77.857246848974995, 47.207513611517783 ], [ -77.851563682529857, 47.199451479674153 ], [ -77.85230955593974, 47.183722770919715 ], [ -77.849393215719374, 47.178334641564661 ], [ -77.855091570527506, 47.172193174873946 ], [ -77.853999463613533, 47.167384377459982 ], [ -77.856279505898939, 47.167551717944164 ], [ -77.848474392615145, 47.156624539496448 ], [ -77.851520238974771, 47.152612870874158 ], [ -77.847127946659086, 47.149752906691894 ], [ -77.853870440912587, 47.146342835291044 ], [ -77.849386592537542, 47.145271682975164 ], [ -77.852777467161118, 47.143388611075288 ], [ -77.851066159092454, 47.141879678145095 ], [ -77.845264664070299, 47.141650853568812 ], [ -77.845418894319863, 47.130196898851608 ], [ -77.842631006879557, 47.127414636442793 ], [ -77.845514715669282, 47.123034185986747 ], [ -77.841558357763361, 47.11980029849169 ], [ -77.846508779072281, 47.115602077487921 ], [ -77.842700373575752, 47.110421679346089 ], [ -77.847324536662214, 47.105114287689418 ], [ -77.842911079208534, 47.103413618778063 ], [ -77.836144020345913, 47.108917464110554 ], [ -77.834588445561423, 47.106328183657126 ], [ -77.828116855483003, 47.108725675737766 ], [ -77.826172766892498, 47.108170621200067 ], [ -77.832415258974493, 47.105791398475816 ], [ -77.832942966898599, 47.09238509989995 ], [ -77.836474441883865, 47.088981678476088 ], [ -77.831125435571735, 47.086061143080137 ], [ -77.828119087657839, 47.079405342516445 ], [ -77.827949899677733, 47.060158299128815 ], [ -77.838051044291248, 47.05289620972647 ], [ -77.833101440026581, 47.045542621244536 ], [ -77.845049562751583, 47.039680114718053 ], [ -77.846441368526527, 47.021625661816955 ], [ -77.850460433302402, 47.017455099729091 ], [ -77.847010235837274, 47.005330206885233 ], [ -77.843518496439884, 47.014547877251012 ], [ -77.840625060819619, 47.013855009619284 ], [ -77.835141541285054, 47.019474525042099 ], [ -77.834067266133715, 47.013073117934589 ], [ -77.828350659076833, 47.014828590004392 ], [ -77.844768982651487, 46.995020510147796 ], [ -77.842095124664837, 46.96965288172327 ], [ -77.836094281204211, 46.966100583843712 ], [ -77.843305058890436, 46.957292953008675 ], [ -77.842703668601132, 46.940771496451248 ], [ -77.836307445761278, 46.934099392700524 ], [ -77.833835633240952, 46.925923189340025 ], [ -77.835256699693716, 46.917012996943861 ], [ -77.841814463405271, 46.908929144445736 ], [ -77.845844919885792, 46.887967841667539 ], [ -77.843781426100279, 46.887053783100654 ], [ -77.848488045664595, 46.882336995676283 ], [ -77.846081601698558, 46.88150188063571 ], [ -77.847236752959475, 46.872609997612365 ], [ -77.844972126382359, 46.872460648309804 ], [ -77.84373728870375, 46.871697491463429 ], [ -77.849460347654954, 46.872209769791922 ], [ -77.850798592828895, 46.891547181459323 ], [ -77.843711139950145, 46.905892112759574 ], [ -77.84539816426205, 46.928642615414937 ], [ -77.850820927027158, 46.939407779089926 ], [ -77.856078183911578, 46.941183744218868 ], [ -77.860436525544969, 46.918018976269117 ], [ -77.88021075483968, 46.900356247556708 ], [ -77.887686481034606, 46.887970043909611 ], [ -77.884336938723195, 46.8831399400487 ], [ -77.879132865798098, 46.882664966167894 ], [ -77.884002082969815, 46.879318902876996 ], [ -77.880909190140386, 46.878486495775476 ], [ -77.883808147332061, 46.87590362314311 ], [ -77.880290823030222, 46.872768477908878 ], [ -77.881893049550925, 46.863546073302921 ], [ -77.885777715062403, 46.857074899085262 ], [ -77.892201239086191, 46.857962043564314 ], [ -77.894865991087144, 46.855241249870744 ], [ -77.889771772853109, 46.848164128823996 ], [ -77.894990290420651, 46.849469809708204 ], [ -77.892317586478654, 46.843949438484984 ], [ -77.884527779708677, 46.837180645904077 ], [ -77.888676306092947, 46.836797900956441 ], [ -77.875278717925781, 46.830503402353393 ], [ -77.878559616157474, 46.830408183026194 ], [ -77.876212026849231, 46.82854775407786 ], [ -77.878113632118499, 46.827780679492129 ], [ -77.89087249793441, 46.833060124600756 ], [ -77.889168906034499, 46.828638843163887 ], [ -77.893526801482963, 46.831597910523755 ], [ -77.895174336420695, 46.829753206102914 ], [ -77.883185167987122, 46.821760082940422 ], [ -77.876038115513609, 46.824642220716861 ], [ -77.863275549435343, 46.819659861463933 ], [ -77.857929164239309, 46.824196493297691 ], [ -77.856878800581839, 46.819358603396395 ], [ -77.854963692874492, 46.818181412046073 ], [ -77.856110350318403, 46.821981969428492 ], [ -77.849213633999, 46.820810779772046 ], [ -77.84835409598962, 46.815741953606 ], [ -77.849823518150345, 46.816498224090601 ], [ -77.852262646717321, 46.814906703049154 ], [ -77.852496905701855, 46.813741247502179 ], [ -77.848230282466389, 46.812159293183868 ], [ -77.845907432206417, 46.819223801199193 ], [ -77.827380980390274, 46.817626687389804 ], [ -77.82629364960421, 46.823437965472181 ], [ -77.84113848168974, 46.831724381542244 ], [ -77.820541773776412, 46.821180268812661 ], [ -77.82352285781846, 46.817028546316052 ], [ -77.819270379048604, 46.810649511478282 ], [ -77.821084327319781, 46.806805539541358 ], [ -77.827081000548972, 46.80504764387198 ], [ -77.830792016759332, 46.809635856046654 ], [ -77.836776469215835, 46.808059255508766 ], [ -77.831867227572175, 46.80738108247791 ], [ -77.829609059594389, 46.802554496857162 ], [ -77.837409387083312, 46.791832094298712 ], [ -77.831749429964518, 46.777394099440258 ], [ -77.838328999483537, 46.773559320289742 ], [ -77.825015072916116, 46.76376351802881 ], [ -77.827008089752994, 46.759101344915855 ], [ -77.828683305056387, 46.764628753881354 ], [ -77.832230035719817, 46.762625085197911 ], [ -77.829031453415183, 46.760045050830158 ], [ -77.833480336064454, 46.757038098306808 ], [ -77.829612138009253, 46.754821642106421 ], [ -77.832414374127055, 46.753042392907346 ], [ -77.824891902665541, 46.738608011827651 ], [ -77.829135450762593, 46.73306449030126 ], [ -77.82466024549133, 46.723364741303612 ], [ -77.828802126958436, 46.720957496836697 ], [ -77.819804928934076, 46.71570840307286 ], [ -77.822494488749257, 46.714597230678699 ], [ -77.817481891169933, 46.709964787930133 ], [ -77.819165144767638, 46.705884317038169 ], [ -77.823455756327988, 46.705990830070334 ], [ -77.823255168213265, 46.699401935360285 ], [ -77.830228869219596, 46.69526807802761 ], [ -77.837485230943358, 46.695527752520192 ], [ -77.835879853934841, 46.688784339941428 ], [ -77.831586325096623, 46.686769420392444 ], [ -77.833700735867396, 46.679222277156988 ], [ -77.852555612681769, 46.668743083066687 ], [ -77.850179915159401, 46.663898648643091 ], [ -77.861794703074068, 46.656477643663059 ], [ -77.856326875081493, 46.642661467541714 ], [ -77.852354016468496, 46.642524539387637 ], [ -77.843395375507953, 46.631884924571104 ], [ -77.83706503515009, 46.63010423701278 ], [ -77.833277615850989, 46.623324851578595 ], [ -77.823101236326437, 46.621714585753367 ], [ -77.803969536533415, 46.611170073208633 ], [ -77.794168342068758, 46.610842586637979 ], [ -77.787871611400803, 46.60595610939167 ], [ -77.781345497969426, 46.589859509787736 ], [ -77.776821158327365, 46.589063103923444 ], [ -77.774007510138702, 46.58455638296428 ], [ -77.776390139429523, 46.579958418939448 ], [ -77.772490983679702, 46.582980401003056 ], [ -77.775970055842933, 46.577373492437246 ], [ -77.776344601330166, 46.579744095325985 ], [ -77.78843354377598, 46.571139703641556 ], [ -77.778978176536555, 46.55783552478335 ], [ -77.7812471337772, 46.552304263422968 ], [ -77.778707987143576, 46.546892526436423 ], [ -77.773328164072751, 46.543813125852786 ], [ -77.768906462593222, 46.5451262771956 ], [ -77.767614035959753, 46.536306906883517 ], [ -77.771283601810751, 46.532017532634178 ], [ -77.78406864026411, 46.527596930309279 ], [ -77.783685011165204, 46.524006057268515 ], [ -77.772283162828586, 46.516391805143243 ], [ -77.758412175771596, 46.51309940234264 ], [ -77.755971101735383, 46.505012664577315 ], [ -77.762660754700207, 46.502926851622057 ], [ -77.757924618148351, 46.500544027097703 ], [ -77.760084636020466, 46.498928041604103 ], [ -77.756573121979116, 46.491748330603414 ], [ -77.761601441953289, 46.488259113103204 ], [ -77.761861680313331, 46.478039604827956 ], [ -77.765188730444734, 46.475193199550219 ], [ -77.762180223329764, 46.475294523466978 ], [ -77.768403607664993, 46.46691951781964 ], [ -77.765633334740173, 46.46507819182866 ], [ -77.769314056232147, 46.461429545814816 ], [ -77.76647282123993, 46.458824464566341 ], [ -77.771316013724345, 46.460439021335908 ], [ -77.776030477583888, 46.453046416857994 ], [ -77.766374228151179, 46.445626175479831 ], [ -77.766070759513397, 46.450441715016375 ], [ -77.763388622101246, 46.450357779321173 ], [ -77.766142135901745, 46.446094596610408 ], [ -77.759111225509542, 46.438365544957612 ], [ -77.762737097517061, 46.43775052893394 ], [ -77.765427522231136, 46.430652643671593 ], [ -77.761337195628784, 46.42853324975809 ], [ -77.762291350268612, 46.432643949697493 ], [ -77.755041366141313, 46.422587385335916 ], [ -77.756762403007883, 46.421291533797579 ], [ -77.742322183856189, 46.412034509075767 ], [ -77.74010549069942, 46.403281188597639 ], [ -77.741393152467168, 46.404493047832347 ], [ -77.741667591148001, 46.400992187855394 ], [ -77.74611535905315, 46.400736922915137 ], [ -77.748710703679137, 46.39909056991528 ], [ -77.749624011111109, 46.397904987238682 ], [ -77.746322396745256, 46.400459770440868 ], [ -77.745702875236432, 46.39773609958997 ], [ -77.744183086027093, 46.399053293843764 ], [ -77.741439184498191, 46.398259535414752 ], [ -77.748184683512662, 46.396549865137679 ], [ -77.750688651538908, 46.397234244905682 ], [ -77.752281613107158, 46.395694364111478 ], [ -77.748950016522087, 46.395438135524991 ], [ -77.766163363856677, 46.389613487870214 ], [ -77.774792062945536, 46.372387265330282 ], [ -77.806746408194812, 46.357038748500422 ], [ -77.818901788411239, 46.338248294595516 ], [ -77.825966575872641, 46.332928539094468 ], [ -77.825083894796492, 46.323015248995787 ], [ -77.838786405728356, 46.314468385249583 ], [ -77.840772828783187, 46.29925071390268 ], [ -77.846281401333002, 46.295097748029306 ], [ -77.841577427495011, 46.291866798327483 ], [ -77.841469895149231, 46.287497576372616 ], [ -77.853207512722719, 46.27747652239718 ], [ -77.850596578074132, 46.271266971562035 ], [ -77.85451351422175, 46.265725231400118 ], [ -77.846664160933955, 46.249703640685283 ], [ -77.848233603061061, 46.239209778050451 ], [ -77.84983989665848, 46.236218975056183 ], [ -77.849979162154142, 46.238660729395903 ], [ -77.85349019680028, 46.238257735352391 ], [ -77.854499374339156, 46.232280434674024 ], [ -77.851184393815274, 46.224900143741635 ], [ -77.849044782892889, 46.225856165203723 ], [ -77.847485021970826, 46.214904767447479 ], [ -77.841600626982483, 46.206371562099413 ], [ -77.864795574052025, 46.211677248078701 ], [ -77.880323523884726, 46.218871725021103 ], [ -77.936991489864297, 46.227566382184051 ], [ -77.991215098911383, 46.247983142920937 ], [ -78.022271966834737, 46.247372175001466 ], [ -78.028494892474768, 46.245011119647131 ], [ -78.032245889426804, 46.237816710444321 ], [ -78.048163766844226, 46.238289049278109 ], [ -78.116922530565859, 46.263400787333474 ], [ -78.130758085405262, 46.273567807290661 ], [ -78.146983660224578, 46.276901438595893 ], [ -78.174431561662345, 46.276929502914598 ], [ -78.213925867166353, 46.269956940280473 ], [ -78.252641411284415, 46.276123701180715 ], [ -78.308615297407997, 46.25317866328465 ], [ -78.336755223979196, 46.260484290950558 ], [ -78.37872859807122, 46.288151268626557 ], [ -78.394840327383577, 46.292540183258609 ], [ -78.421619822570321, 46.295345915870449 ], [ -78.501967802093603, 46.294819086660489 ], [ -78.600152200841464, 46.318984553258964 ], [ -78.634792161855074, 46.321206729660751 ], [ -78.688849577025607, 46.318151351431545 ], [ -78.711267023665584, 46.324984801233697 ], [ -78.729128584726041, 46.342957139350297 ], [ -78.722266850506429, 46.369290398298972 ], [ -78.729294769218313, 46.384818136283087 ], [ -78.757184386419738, 46.394707010583183 ], [ -78.795102178602292, 46.420040442423605 ], [ -78.854659927620759, 46.441179598889633 ], [ -78.88963395832576, 46.460124434353872 ], [ -78.917746892403741, 46.481763646923923 ], [ -78.940331272470175, 46.508597392481526 ], [ -78.96141517094857, 46.52159749888164 ], [ -78.969887592330338, 46.532930889645847 ], [ -78.987860276750226, 46.547014321082479 ], [ -78.99755473740727, 46.5712922112969 ], [ -78.99427684511403, 46.593431348045343 ], [ -79.0082215201015, 46.605237365499249 ], [ -79.015610426762137, 46.631460193270591 ], [ -79.027888230779709, 46.639821557991333 ], [ -79.040221355278092, 46.64373837309487 ], [ -79.05786000190389, 46.657738608126714 ], [ -79.074498631741122, 46.664794248732882 ], [ -79.074304100878436, 46.675599860990083 ], [ -79.093776535626574, 46.688349987455808 ], [ -79.100582259615152, 46.71146115284315 ], [ -79.118916001765214, 46.731655728684046 ], [ -79.122582784573552, 46.746822456559137 ], [ -79.138416904587231, 46.771739441694578 ], [ -79.141722809613228, 46.783711805345675 ], [ -79.166863396005795, 46.82104566066954 ], [ -79.177253705218575, 46.829323720157099 ], [ -79.193338991970364, 46.828490621994625 ], [ -79.213508244673591, 46.832768729560989 ], [ -79.228620502807843, 46.846741698672069 ], [ -79.23112033084999, 46.856408812917444 ], [ -79.241510122403511, 46.86102041987759 ], [ -79.247093462234318, 46.872826633935404 ], [ -79.262787693867125, 46.887771898300237 ], [ -79.27962112518469, 46.897272353951514 ], [ -79.29298175544784, 46.914189845963179 ], [ -79.310537716395984, 46.928384564775527 ], [ -79.337345256555793, 46.970662872100625 ], [ -79.336622962365979, 46.981885301989571 ], [ -79.347513086076745, 47.008941273870086 ], [ -79.392851614264856, 47.041164162536653 ], [ -79.427299191291425, 47.07419239546757 ], [ -79.446494104772228, 47.109053801350292 ], [ -79.439188063005304, 47.159026323637882 ], [ -79.42821492311586, 47.193026339053759 ], [ -79.439298836375315, 47.214970529024711 ], [ -79.429214605647999, 47.238720449662047 ], [ -79.434242550544099, 47.258887445071807 ], [ -79.439604059437642, 47.267832133911448 ], [ -79.449521250786773, 47.274499000699471 ], [ -79.452493695586625, 47.282527086949287 ], [ -79.463938699852164, 47.286721693074085 ], [ -79.4843840781799, 47.305027907387654 ], [ -79.476800318240549, 47.318139472525992 ], [ -79.500884648257639, 47.322722984330746 ], [ -79.512774188205313, 47.344640560743457 ], [ -79.551137676083897, 47.372336066931311 ], [ -79.57030546278672, 47.402058856096744 ], [ -79.579334120566998, 47.432643306373606 ], [ -79.574139711661033, 47.459172196294972 ], [ -79.553944139467276, 47.495562345360632 ], [ -79.555888602968864, 47.515979045356566 ], [ -79.545582341485598, 47.524284297515585 ], [ -79.51927510456504, 47.531867000177925 ], [ -79.511580175157178, 47.540755766199673 ], [ -79.512858146702001, 47.546811283172651 ], [ -79.517497300025525, 47.55053357340568 ], [ -79.51749685819631, 48.430522052837404 ], [ -79.082353754166405, 48.429993930546289 ], [ -79.082406554071653, 48.561040074430544 ], [ -79.02707068994988, 48.561101201253486 ], [ -79.027180048055655, 48.57493888981454 ], [ -78.864711026284468, 48.574920152770524 ] ] ] } },
{ "type": "Feature", "properties": { "riding_code": 127, "riding_name": "Orford" }, "geometry": { "type": "Polygon", "coordinates": [ [ [ -72.141565526189325, 45.411479990647976 ], [ -72.145559709991474, 45.382208772028683 ], [ -72.12585438288437, 45.381127280518321 ], [ -72.125556239111489, 45.386558124554121 ], [ -72.105299816191305, 45.384777545360826 ], [ -72.108747811781384, 45.301467724416298 ], [ -72.042551191783076, 45.299889014102313 ], [ -72.037476242816894, 45.308501640092345 ], [ -71.948728554120009, 45.307774184361811 ], [ -71.949741972094913, 45.333695903460452 ], [ -71.941592130800558, 45.334105297285781 ], [ -71.940808425707473, 45.34346441519962 ], [ -71.929547621091444, 45.360460492433006 ], [ -71.904802162698417, 45.362539785915281 ], [ -71.904754446831774, 45.360395451167904 ], [ -71.876177410739601, 45.3594962694876 ], [ -71.875713740502675, 45.350719231230713 ], [ -71.862858002055916, 45.350460362164831 ], [ -71.869935562841633, 45.346281154700627 ], [ -71.867666415803882, 45.343360831073731 ], [ -71.87200731192884, 45.335306793814112 ], [ -71.88353237455371, 45.332193549543199 ], [ -71.884620141668492, 45.324941495944721 ], [ -71.892355415191687, 45.321848721080542 ], [ -71.900112663821716, 45.312807926218504 ], [ -71.898788132116948, 45.310302444879099 ], [ -71.903700443256596, 45.310801689897808 ], [ -71.91363929593669, 45.302875297864652 ], [ -71.920235230746798, 45.305512970809339 ], [ -71.917104830432976, 45.160102858808237 ], [ -72.098310498299256, 45.160909480575377 ], [ -72.09592685700143, 45.033425440815464 ], [ -72.077684882355115, 45.032610402939483 ], [ -72.077467677626629, 45.022730518270166 ], [ -72.074797618526745, 45.02201928561319 ], [ -72.040675135221093, 45.022537506434638 ], [ -72.040587862709842, 45.006464845383825 ], [ -72.311947247996784, 45.003786083669809 ], [ -72.486381972035673, 45.008704023506191 ], [ -72.479832844717365, 45.157541169969122 ], [ -72.403397771055239, 45.155720688846067 ], [ -72.400154226341471, 45.308073139024415 ], [ -72.462165230809745, 45.307444639883485 ], [ -72.465920940389552, 45.346897387850682 ], [ -72.462379596959778, 45.375102252189045 ], [ -72.335975870744647, 45.377074899581253 ], [ -72.24751270951748, 45.374574985283893 ], [ -72.239573644195971, 45.41485736294095 ], [ -72.237538221734425, 45.449788739089101 ], [ -72.178902437739822, 45.445416126847434 ], [ -72.182304710671886, 45.430516247955048 ], [ -72.147682073305546, 45.428339936808037 ], [ -72.141565526189325, 45.411479990647976 ] ] ] } },
{ "type": "Feature", "properties": { "riding_code": 597, "riding_name": "Saint-Jérôme" }, "geometry": { "type": "Polygon", "coordinates": [ [ [ -74.023456020209878, 45.841776943662985 ], [ -73.947657654203155, 45.789491664225125 ], [ -73.972629462794941, 45.768167381838943 ], [ -73.967740336058952, 45.764919858129147 ], [ -73.975834415292624, 45.764339718340906 ], [ -73.968117617910295, 45.758710491794993 ], [ -73.979382833728593, 45.750400159761107 ], [ -73.976274715798255, 45.748082587545397 ], [ -73.981056900999079, 45.74443930832112 ], [ -73.997888553560159, 45.755242411168126 ], [ -74.002354878393845, 45.748548000802515 ], [ -74.018823932164892, 45.755828557313137 ], [ -74.018908026459954, 45.804059003794421 ], [ -74.023403376229737, 45.799798693747029 ], [ -74.026832734419813, 45.808776842332804 ], [ -74.035887586223595, 45.807444836410497 ], [ -74.049528523201914, 45.816414468945965 ], [ -74.026457262060106, 45.820712001889241 ], [ -74.024420273394242, 45.81845672262002 ], [ -74.022122497926375, 45.824374418623314 ], [ -74.031525461312427, 45.82482854932497 ], [ -74.033842070279377, 45.828535004571705 ], [ -74.029725343487655, 45.829234730738762 ], [ -74.029115479178444, 45.833322873599563 ], [ -74.038403906036677, 45.83746935417382 ], [ -74.023456020209878, 45.841776943662985 ] ] ] } },
{ "type": "Feature", "properties": { "riding_code": 161, "riding_name": "Iberville" }, "geometry": { "type": "Polygon", "coordinates": [ [ [ -73.16810441944213, 45.490492190137786 ], [ -73.116942988039256, 45.454792123750153 ], [ -73.11249412428964, 45.45548561521688 ], [ -73.119428049341337, 45.460644120454027 ], [ -73.09988270387251, 45.465771785434271 ], [ -73.093834635584358, 45.476807825730461 ], [ -73.078771914000569, 45.465494114452618 ], [ -73.072755989133654, 45.476042512550357 ], [ -73.040267633959104, 45.477514785883741 ], [ -73.034355715405653, 45.491675122941182 ], [ -73.007854303537158, 45.474297508763961 ], [ -73.003470901182766, 45.47936860014353 ], [ -72.958088899882981, 45.475012775343686 ], [ -72.963183876339926, 45.469210423378087 ], [ -72.962192431518517, 45.460093612564407 ], [ -72.965640107812675, 45.457377217229499 ], [ -72.925722097564105, 45.452459385320253 ], [ -72.92170833948785, 45.466384288186738 ], [ -72.905584977359325, 45.464048754417597 ], [ -72.903173039450181, 45.472099348500478 ], [ -72.896611482135171, 45.479101606528076 ], [ -72.87946429893789, 45.469105181266741 ], [ -72.871017873771208, 45.47525845297622 ], [ -72.859614824595127, 45.477258899777127 ], [ -72.817110918298994, 45.472635567075052 ], [ -72.823764942473233, 45.431218399284667 ], [ -72.883016772671041, 45.265548871216524 ], [ -72.912824924601253, 45.28673531153585 ], [ -72.912797800069853, 45.290281232918261 ], [ -72.906430765937372, 45.287787501192774 ], [ -72.921103914874649, 45.298456824733243 ], [ -72.924418240540646, 45.300806587135035 ], [ -72.928142198311804, 45.298663633972353 ], [ -72.989916683674821, 45.341837730264039 ], [ -72.989284574503557, 45.334546594541806 ], [ -72.994410992976313, 45.337952704876415 ], [ -73.00965110135985, 45.337525344786179 ], [ -73.010340017448755, 45.330161437225335 ], [ -73.048859902246889, 45.325316056146349 ], [ -73.047818794173793, 45.311301257595908 ], [ -73.013980912077713, 45.289046958529092 ], [ -73.015650280694516, 45.272016475889821 ], [ -73.04618848566254, 45.293372946801746 ], [ -73.04557674733374, 45.281311538513286 ], [ -73.049911530487677, 45.277662184725955 ], [ -73.050510188169952, 45.268122406467228 ], [ -73.058195645913486, 45.273335245169157 ], [ -73.058931147941934, 45.265096587464477 ], [ -73.063533661028615, 45.267830381840156 ], [ -73.068105838381229, 45.229606846872322 ], [ -73.073986772233283, 45.228843324374161 ], [ -73.058270735073137, 45.214588693630439 ], [ -73.090912209211623, 45.196279869235831 ], [ -73.085863601622663, 45.191661595998539 ], [ -73.085883907347537, 45.140101358033121 ], [ -73.101242591987599, 45.140069860900731 ], [ -73.0971576968915, 45.101575234038016 ], [ -73.106973072887072, 45.104510459780123 ], [ -73.107570434266364, 45.097149264693456 ], [ -73.115827636600628, 45.097119813188513 ], [ -73.115209915882602, 45.081848244525425 ], [ -73.104477585167814, 45.082082288972416 ], [ -73.111860899723709, 45.072998417364502 ], [ -73.139880252371043, 45.014405846537329 ], [ -73.343167139264139, 45.010711468862134 ], [ -73.342469209082722, 45.027189514713406 ], [ -73.329000213692098, 45.053155882481462 ], [ -73.331402579637569, 45.062577537678493 ], [ -73.322829749919322, 45.070913331274419 ], [ -73.320760317131572, 45.081362257753227 ], [ -73.290834834418987, 45.103999067494954 ], [ -73.278698158894741, 45.106948846129725 ], [ -73.275180942460011, 45.113787851081767 ], [ -73.259200359032747, 45.123114737473408 ], [ -73.254054702812297, 45.130397166991202 ], [ -73.257428942567586, 45.173049326824142 ], [ -73.25315110271319, 45.213725173639027 ], [ -73.246200706037058, 45.232573693562628 ], [ -73.244637168918686, 45.27798676225175 ], [ -73.247948701739119, 45.292648552362031 ], [ -73.246760465222451, 45.307734200750097 ], [ -73.258381064908903, 45.323422250765887 ], [ -73.262499615170668, 45.340787913104613 ], [ -73.247398515880434, 45.370529380122186 ], [ -73.25098600806011, 45.382574160026763 ], [ -73.220057188521594, 45.361999821699797 ], [ -73.221490415307258, 45.373644175939042 ], [ -73.217259017537216, 45.376526671272323 ], [ -73.210198924499124, 45.371378531434566 ], [ -73.199296420643876, 45.379696918713208 ], [ -73.197085789017848, 45.402873256043925 ], [ -73.19272721847301, 45.404122527654017 ], [ -73.196629449472184, 45.411581828691851 ], [ -73.211305858570853, 45.421263833530979 ], [ -73.203361123407547, 45.422175700510131 ], [ -73.201336496056484, 45.434382485174424 ], [ -73.206448224640283, 45.443382133470266 ], [ -73.202431298633286, 45.443479316601838 ], [ -73.199448844853791, 45.448240781973972 ], [ -73.202984105464722, 45.453191368215478 ], [ -73.198881284414696, 45.457725303667083 ], [ -73.19729369535564, 45.467352520473156 ], [ -73.1858631639587, 45.475776955492975 ], [ -73.176207299909592, 45.471897181893091 ], [ -73.170501292778766, 45.474557116594681 ], [ -73.168612253502772, 45.480436654452689 ], [ -73.171457461412871, 45.486086947238768 ], [ -73.16810441944213, 45.490492190137786 ] ] ] } },
{ "type": "Feature", "properties": { "riding_code": 607, "riding_name": "Blainville" }, "geometry": { "type": "Polygon", "coordinates": [ [ [ -73.850393111001566, 45.724716806896886 ], [ -73.783452177598022, 45.680274393349379 ], [ -73.778627908104994, 45.68152492750793 ], [ -73.777596289917923, 45.685572676962195 ], [ -73.772341259639077, 45.681818537941552 ], [ -73.767067662131396, 45.685805242534109 ], [ -73.75916184921202, 45.680142363687025 ], [ -73.757078315703225, 45.681588106489443 ], [ -73.74539746526149, 45.668696360050873 ], [ -73.768051302011116, 45.648801828591068 ], [ -73.793917746571424, 45.664779264278224 ], [ -73.80222688701285, 45.658566204794731 ], [ -73.790819870911776, 45.651035213776836 ], [ -73.807408688983259, 45.649893095372022 ], [ -73.813054531644866, 45.642924429642349 ], [ -73.839871158734141, 45.660904138654402 ], [ -73.842319275093899, 45.659035496080485 ], [ -73.833972255591107, 45.653325167887111 ], [ -73.845339785196941, 45.647298810734867 ], [ -73.870091199968243, 45.663287406948371 ], [ -73.88071611782388, 45.655226986684973 ], [ -73.925832386397516, 45.685410128468753 ], [ -73.913346608114878, 45.694873106572174 ], [ -73.916083354077657, 45.696637018439645 ], [ -73.911392983880319, 45.700325327931303 ], [ -73.900934213464367, 45.704966688060836 ], [ -73.892829137141263, 45.715081137591881 ], [ -73.883015633912478, 45.714859874900469 ], [ -73.868993073758119, 45.721191480852625 ], [ -73.850393111001566, 45.724716806896886 ] ] ] } },
{ "type": "Feature", "properties": { "riding_code": 187, "riding_name": "Vaudreuil" }, "geometry": { "type": "Polygon", "coordinates": [ [ [ -73.921884856650166, 45.398273403467272 ], [ -73.899626354138576, 45.4087926002477 ], [ -73.886215635128366, 45.409894719194462 ], [ -73.856208076500366, 45.401264522078286 ], [ -73.822179339540085, 45.385403032277026 ], [ -73.843232425610637, 45.360183790960107 ], [ -73.882992828992116, 45.33691293089521 ], [ -73.916744050860743, 45.332375698340449 ], [ -73.924249179869747, 45.339590118171081 ], [ -73.936886046995255, 45.343746205145621 ], [ -73.963166222623713, 45.342867508011821 ], [ -73.976778857080063, 45.333447619235287 ], [ -74.00068221266055, 45.334663918406406 ], [ -74.049433523311862, 45.353338138233127 ], [ -74.047459176923368, 45.352625396155887 ], [ -74.048162535400948, 45.361390671279302 ], [ -74.059010831213911, 45.391021861543038 ], [ -74.073337065510017, 45.411074099439382 ], [ -74.044301558933526, 45.424809205221734 ], [ -74.03975047854415, 45.446380978481798 ], [ -73.996605389336054, 45.457485231659057 ], [ -73.980727841186507, 45.415212510573483 ], [ -73.950265502280061, 45.401286255390062 ], [ -73.921884856650166, 45.398273403467272 ] ] ] } },
{ "type": "Feature", "properties": { "riding_code": 197, "riding_name": "Sanguinet" }, "geometry": { "type": "Polygon", "coordinates": [ [ [ -73.539335572497563, 45.428375671837067 ], [ -73.54003726305001, 45.401919506239039 ], [ -73.547906033094748, 45.387531297733503 ], [ -73.55375942797329, 45.386312968571104 ], [ -73.551400346848439, 45.378743102858763 ], [ -73.561662796553364, 45.378831158955002 ], [ -73.562489675757192, 45.373891198178043 ], [ -73.568420286379265, 45.373613804172443 ], [ -73.538584557210754, 45.363172316538432 ], [ -73.537338739558081, 45.359096827568536 ], [ -73.520546706769935, 45.349322055915586 ], [ -73.519715358772658, 45.353405371825083 ], [ -73.516158902751471, 45.337399921707565 ], [ -73.49151344284715, 45.348710053360044 ], [ -73.504076886015085, 45.341613206724809 ], [ -73.50281620438156, 45.338236897415037 ], [ -73.509859217293197, 45.334678879705642 ], [ -73.508299326702002, 45.331863957218872 ], [ -73.512274320187586, 45.328850323150405 ], [ -73.504342591291049, 45.320994270651404 ], [ -73.506323622755971, 45.319996563081993 ], [ -73.501350260129129, 45.317913033997833 ], [ -73.505405344468926, 45.315877863710746 ], [ -73.502922730963476, 45.314827079689124 ], [ -73.505253056936525, 45.310594762364794 ], [ -73.48647300789824, 45.317803977898514 ], [ -73.499956380233911, 45.311010577284733 ], [ -73.492839402262902, 45.305063144523004 ], [ -73.491613035031165, 45.297762355300272 ], [ -73.502718463848353, 45.284883131002225 ], [ -73.508725494659728, 45.283678545476633 ], [ -73.510288779984549, 45.280656963550889 ], [ -73.507077659917343, 45.279418696581061 ], [ -73.510423266555932, 45.277583598608793 ], [ -73.517405894342971, 45.280299804012628 ], [ -73.515298327916312, 45.286750944927753 ], [ -73.530419254691438, 45.292771508815655 ], [ -73.53661725987665, 45.292769107415246 ], [ -73.537063817973959, 45.290413909555824 ], [ -73.550037970239572, 45.293200378320527 ], [ -73.547592550436462, 45.289721676761822 ], [ -73.568901682401176, 45.295697530831745 ], [ -73.570951878358784, 45.28980541417355 ], [ -73.576119448205205, 45.29138319053358 ], [ -73.571773810734967, 45.288356269600385 ], [ -73.577679383448057, 45.286407231728809 ], [ -73.582672168066878, 45.275863356302835 ], [ -73.578775957143634, 45.269157660309702 ], [ -73.580232217590662, 45.26204270761405 ], [ -73.586326863189868, 45.255090396445169 ], [ -73.583237364705752, 45.253868325970679 ], [ -73.585021060594556, 45.250748783506182 ], [ -73.589724210185551, 45.252097722039203 ], [ -73.60310035750453, 45.231030625276347 ], [ -73.598208024486908, 45.229481744465744 ], [ -73.605275697557275, 45.218075274456957 ], [ -73.61398758143946, 45.220749033090613 ], [ -73.639240533704978, 45.18461697053722 ], [ -73.698256009906757, 45.229004582292809 ], [ -73.68089032433538, 45.244457209274522 ], [ -73.688312044598248, 45.246016711180161 ], [ -73.677491292254118, 45.268268699338641 ], [ -73.650843530721417, 45.301324820785126 ], [ -73.64562978931194, 45.297591207758572 ], [ -73.627911401587141, 45.324939644068451 ], [ -73.620080346872939, 45.329431121333279 ], [ -73.641108399656716, 45.334499566815147 ], [ -73.631174391482446, 45.34225393467694 ], [ -73.656814204516806, 45.348951941437711 ], [ -73.64167036576417, 45.35673725246572 ], [ -73.619666673522858, 45.375564835155906 ], [ -73.617420523481627, 45.378568302219477 ], [ -73.62205862544603, 45.377046998218518 ], [ -73.618734585712659, 45.381259623309468 ], [ -73.616808061874963, 45.37915863667255 ], [ -73.605953972283643, 45.388751508941851 ], [ -73.604077835977776, 45.393687375601935 ], [ -73.607333190358119, 45.394519475816026 ], [ -73.597411912580156, 45.415994032157499 ], [ -73.561697628011657, 45.41859487939562 ], [ -73.539335572497563, 45.428375671837067 ] ] ] } },
{ "type": "Feature", "properties": { "riding_code": 339, "riding_name": "LaFontaine" }, "geometry": { "type": "Polygon", "coordinates": [ [ [ -73.541429803010018, 45.649809200930356 ], [ -73.601485109770096, 45.613044587975573 ], [ -73.625014639506318, 45.63337204958593 ], [ -73.606650853733498, 45.646520390002223 ], [ -73.540418224314621, 45.677707943031095 ], [ -73.531011001391519, 45.685294774371435 ], [ -73.523096413508, 45.697885173049713 ], [ -73.508785706307336, 45.702333543815016 ], [ -73.519094322795226, 45.673456472081959 ], [ -73.518331136025068, 45.66040504388387 ], [ -73.541429803010018, 45.649809200930356 ] ] ] } },
{ "type": "Feature", "properties": { "riding_code": 601, "riding_name": "Les Plaines" }, "geometry": { "type": "Polygon", "coordinates": [ [ [ -73.797350686095399, 45.826901042249283 ], [ -73.77671231936985, 45.810516064013306 ], [ -73.770828886336815, 45.810276952525591 ], [ -73.76987062618619, 45.816825514316768 ], [ -73.755378209604487, 45.813429567235566 ], [ -73.740605276167443, 45.805618519258061 ], [ -73.696864837779572, 45.804393607547681 ], [ -73.70051339559194, 45.796940720689172 ], [ -73.687975352338611, 45.794164186083776 ], [ -73.701049527531552, 45.768633117653359 ], [ -73.690360980092009, 45.764968815718269 ], [ -73.699335469302042, 45.74696671365524 ], [ -73.714811038715155, 45.757273755735 ], [ -73.751138925536964, 45.750492116664923 ], [ -73.745792518555746, 45.732436870867261 ], [ -73.759069983727414, 45.728273120258827 ], [ -73.749737564619082, 45.69375176776289 ], [ -73.759206128812323, 45.688311566428276 ], [ -73.761003379032971, 45.681454210769175 ], [ -73.767067662131396, 45.685805242534109 ], [ -73.772341259639077, 45.681818537941552 ], [ -73.777596289917923, 45.685572676962195 ], [ -73.778627908104994, 45.68152492750793 ], [ -73.783452177598022, 45.680274393349379 ], [ -73.850393111001566, 45.724716806896886 ], [ -73.868993073758119, 45.721191480852625 ], [ -73.883015633912478, 45.714859874900469 ], [ -73.892829137141263, 45.715081137591881 ], [ -73.900934213464367, 45.704966688060836 ], [ -73.911392983880319, 45.700325327931303 ], [ -73.916083354077657, 45.696637018439645 ], [ -73.913346608114878, 45.694873106572174 ], [ -73.926011024517408, 45.685251616248834 ], [ -73.96826558337429, 45.713062866322545 ], [ -73.973064412990269, 45.727719540349973 ], [ -74.015304640145359, 45.75323553017742 ], [ -74.002047190907206, 45.748550637696646 ], [ -73.997888553560159, 45.755242411168126 ], [ -73.981056900999079, 45.74443930832112 ], [ -73.976274715798255, 45.748082587545397 ], [ -73.979382833728593, 45.750400159761107 ], [ -73.968117617910295, 45.758710491794993 ], [ -73.975834415292624, 45.764339718340906 ], [ -73.967740336058952, 45.764919858129147 ], [ -73.972629462794941, 45.768167381838943 ], [ -73.947657654203155, 45.789491664225125 ], [ -73.913574790472282, 45.766558987697707 ], [ -73.860180257996007, 45.802357247340638 ], [ -73.868965066455928, 45.808849336147489 ], [ -73.809492444572641, 45.820368960548322 ], [ -73.797350686095399, 45.826901042249283 ] ] ] } },
{ "type": "Feature", "properties": { "riding_code": 227, "riding_name": "Montarville" }, "geometry": { "type": "Polygon", "coordinates": [ [ [ -73.363479809259459, 45.592692839969416 ], [ -73.359755064797668, 45.586724434938162 ], [ -73.362131067267086, 45.573794085099486 ], [ -73.349824293387329, 45.563457280378358 ], [ -73.348339879530542, 45.571238911928312 ], [ -73.338634436178552, 45.563587014796305 ], [ -73.333217046883746, 45.56691995570543 ], [ -73.323683638479096, 45.55891535180379 ], [ -73.313986144019921, 45.556875979427105 ], [ -73.311950592307767, 45.567913574008941 ], [ -73.292624545776533, 45.553593584139357 ], [ -73.294820722628288, 45.540177743233357 ], [ -73.309950464989583, 45.522444358262092 ], [ -73.316370049382613, 45.515610036958996 ], [ -73.33211646706377, 45.50855489707164 ], [ -73.326445427917108, 45.5043366065632 ], [ -73.335327177340744, 45.479647846135023 ], [ -73.371968871373696, 45.507843258327426 ], [ -73.377148504746771, 45.497280881406056 ], [ -73.39416945342893, 45.509589952751135 ], [ -73.377011542861084, 45.527661629971888 ], [ -73.410666407739313, 45.552969652553962 ], [ -73.419614648203947, 45.545264866254364 ], [ -73.47257842866486, 45.586403871286279 ], [ -73.470878068784444, 45.588604412282592 ], [ -73.485665873707418, 45.585632657385688 ], [ -73.498840711267732, 45.588198603144882 ], [ -73.500643340171976, 45.605109277897249 ], [ -73.496651068319522, 45.616353045109378 ], [ -73.4840230255124, 45.631729691014783 ], [ -73.444975028512033, 45.656697942749368 ], [ -73.363479809259459, 45.592692839969416 ] ] ] } },
{ "type": "Feature", "properties": { "riding_code": 267, "riding_name": "Robert-Baldwin" }, "geometry": { "type": "Polygon", "coordinates": [ [ [ -73.821465731729035, 45.516017945087249 ], [ -73.810651924513792, 45.51773561094771 ], [ -73.794960236413317, 45.512373427894403 ], [ -73.763142491465203, 45.512174895936759 ], [ -73.751723278314472, 45.504321339091085 ], [ -73.760967026012395, 45.501545996356576 ], [ -73.771070025228155, 45.503350611082311 ], [ -73.773620917119629, 45.498201327567635 ], [ -73.768426749104322, 45.494448371092176 ], [ -73.81261264884543, 45.475219623952725 ], [ -73.815747209123131, 45.478342765114945 ], [ -73.846551860301474, 45.462570024010127 ], [ -73.862235602543478, 45.482128319479159 ], [ -73.840193056279986, 45.499772824197279 ], [ -73.819893399166617, 45.506762920585253 ], [ -73.82850086374404, 45.518505433347606 ], [ -73.821465731729035, 45.516017945087249 ] ] ] } },
{ "type": "Feature", "properties": { "riding_code": 777, "riding_name": "Beauce-Sud" }, "geometry": { "type": "Polygon", "coordinates": [ [ [ -70.557914175469676, 46.349967067181346 ], [ -70.511964109304827, 46.320506594794466 ], [ -70.540479729353137, 46.301193140639334 ], [ -70.505469940767853, 46.272620323859464 ], [ -70.512390016974607, 46.26985640668078 ], [ -70.513279383606033, 46.262755127829244 ], [ -70.517298915427006, 46.26361377349329 ], [ -70.510836550238395, 46.256890763489167 ], [ -70.514747429646746, 46.255550538409189 ], [ -70.491411655405145, 46.259544675874778 ], [ -70.467386148872066, 46.275258151434656 ], [ -70.440903851668324, 46.255981599078083 ], [ -70.449115932678666, 46.250618671020433 ], [ -70.420704708983948, 46.251259295469659 ], [ -70.372224630888653, 46.212365870847606 ], [ -70.347761109155996, 46.228576997752953 ], [ -70.339823579581605, 46.217894599299541 ], [ -70.286376948208314, 46.236624460146082 ], [ -70.266321361506627, 46.22261308485978 ], [ -70.268694471250654, 46.217972240368674 ], [ -70.273638877422627, 46.216833338036267 ], [ -70.271611082810011, 46.210138871960517 ], [ -70.292694414656168, 46.191472218937228 ], [ -70.290611143020655, 46.185138896216849 ], [ -70.285944462684043, 46.184638891426836 ], [ -70.279472249042868, 46.176083329104067 ], [ -70.266555576948917, 46.169333323870461 ], [ -70.248222230426748, 46.151805557565844 ], [ -70.240583346852659, 46.150972241102949 ], [ -70.236305556414962, 46.145055576139548 ], [ -70.254527787318509, 46.113722204932628 ], [ -70.253111087034057, 46.100138897743562 ], [ -70.272533307646668, 46.102083347099367 ], [ -70.285936126491663, 46.099825002914486 ], [ -70.284183314828908, 46.097888903577733 ], [ -70.28970557021087, 46.094575019112526 ], [ -70.292022214051997, 46.086791680002378 ], [ -70.30190831716925, 46.082361103120661 ], [ -70.299983352560574, 46.078413893113101 ], [ -70.305025009071727, 46.071802770807174 ], [ -70.302530552082274, 46.070358321167703 ], [ -70.310850018934019, 46.064613884035737 ], [ -70.300383332047616, 46.060586101497513 ], [ -70.284247194886788, 46.06271667821818 ], [ -70.278941652496144, 46.060838876845814 ], [ -70.278322200911305, 46.056286134061722 ], [ -70.281049977738689, 46.050647235608224 ], [ -70.297363908589915, 46.040711112668333 ], [ -70.301852787222941, 46.033338878951277 ], [ -70.298458349616723, 46.030877770131738 ], [ -70.301374990275647, 46.027619430274058 ], [ -70.317994465737186, 46.01907502498625 ], [ -70.306119462014451, 46.009766661822603 ], [ -70.302369432465525, 45.998680564421605 ], [ -70.291922245691936, 45.997361099958674 ], [ -70.288627812606933, 45.994008356308782 ], [ -70.283941647149049, 45.995488888355233 ], [ -70.294672222813858, 45.98616389309997 ], [ -70.306988874782974, 45.982691681102708 ], [ -70.307033340763127, 45.978347229388106 ], [ -70.311933326787454, 45.974516669825128 ], [ -70.3115694614809, 45.96635834222279 ], [ -70.315944429044563, 45.963647206519539 ], [ -70.289097218990008, 45.963194425799742 ], [ -70.275652800329183, 45.966913888044459 ], [ -70.272686101040634, 45.964372238386197 ], [ -70.27447497401478, 45.961383349448397 ], [ -70.265713857654205, 45.964205534143566 ], [ -70.258024969335779, 45.958977796742971 ], [ -70.26052779543221, 45.952288882310043 ], [ -70.252794453287137, 45.95539999595514 ], [ -70.242325014364596, 45.94663888094037 ], [ -70.244274981946049, 45.944677768671973 ], [ -70.239113886424377, 45.94357499470248 ], [ -70.239624999706123, 45.939638872839623 ], [ -70.263088873965245, 45.923986092669857 ], [ -70.262255581320588, 45.919938870890306 ], [ -70.257183351717572, 45.917638875269184 ], [ -70.259533325397626, 45.909763907732874 ], [ -70.253386083042002, 45.907369434677712 ], [ -70.253866675544998, 45.902480558673311 ], [ -70.265716668495401, 45.893749985973429 ], [ -70.258822243182081, 45.891169419712249 ], [ -70.261944409987308, 45.888119459447736 ], [ -70.307805553546046, 45.858847228321309 ], [ -70.341944446509117, 45.852344440492374 ], [ -70.359425027527735, 45.835450014981006 ], [ -70.370824977408859, 45.835197215652826 ], [ -70.369338887694596, 45.831169424883875 ], [ -70.372241695172391, 45.82800276700295 ], [ -70.388027759268127, 45.818802755704716 ], [ -70.387794463966159, 45.814352794203728 ], [ -70.396691677674042, 45.808097222125802 ], [ -70.396161127577955, 45.798658321068039 ], [ -70.416869462738021, 45.795536103977135 ], [ -70.41573888169701, 45.785347212379875 ], [ -70.410183350079734, 45.784236106309521 ], [ -70.405625026060932, 45.776513905194562 ], [ -70.407027766306982, 45.762527784465327 ], [ -70.388424992688925, 45.75020554816183 ], [ -70.394511143555363, 45.74358887286953 ], [ -70.393894454533736, 45.740088876426746 ], [ -70.383836136009748, 45.734552763659629 ], [ -70.390102768879885, 45.728494456592351 ], [ -70.396505553044179, 45.729080569547406 ], [ -70.400344428349413, 45.719716689757078 ], [ -70.429458352538418, 45.710247231042786 ], [ -70.425902758070592, 45.70714167239155 ], [ -70.446266673996973, 45.703649992154382 ], [ -70.465469424857673, 45.706530562090954 ], [ -70.479402788714722, 45.694877773461727 ], [ -70.510777747916563, 45.679155549655512 ], [ -70.52506943151991, 45.666838895683711 ], [ -70.533911084925748, 45.671005538572793 ], [ -70.542391703310926, 45.666458342918069 ], [ -70.557405584420565, 45.667061097128048 ], [ -70.563708315394962, 45.662741659877838 ], [ -70.564944454489549, 45.654805564941839 ], [ -70.583572221438146, 45.642397210823184 ], [ -70.590872209829683, 45.630458349509134 ], [ -70.598679923020541, 45.62823685122445 ], [ -70.743832273968138, 45.704246852393211 ], [ -70.744096368542117, 45.71043394522259 ], [ -70.751166272213268, 45.709117906591473 ], [ -70.783881454258605, 45.725766567066294 ], [ -70.724346544432549, 45.782120753708355 ], [ -70.895630273864526, 45.779988533113446 ], [ -70.898394117621734, 45.841710371310455 ], [ -70.914841841685231, 45.84156549554929 ], [ -70.915133823924506, 45.836021636816604 ], [ -70.936878813783522, 45.845951653302365 ], [ -70.947802711032509, 45.835421168854452 ], [ -70.979022476125621, 45.850722284642885 ], [ -70.990243658377508, 45.839916044215158 ], [ -71.029307983972203, 45.859315893627922 ], [ -71.018290022166937, 45.869809478388802 ], [ -71.09374595442786, 45.907009789577856 ], [ -71.070622248265551, 45.928272553360976 ], [ -71.106807543308534, 45.946099998680161 ], [ -71.046496332133259, 46.006349517539391 ], [ -71.007584106171066, 45.987986736156941 ], [ -70.990365627018619, 46.004851555262206 ], [ -71.002041890768226, 46.010576452985134 ], [ -70.987607858420887, 46.024733619798205 ], [ -71.02473803836142, 46.057731807269974 ], [ -71.011318004284519, 46.066357898314088 ], [ -71.029551799800089, 46.081686178826381 ], [ -71.042247875603152, 46.073530565964177 ], [ -71.100543911886191, 46.124687125534514 ], [ -71.087940560566537, 46.132414796322848 ], [ -71.105029851321433, 46.135143356650794 ], [ -71.07989692927795, 46.151327053608753 ], [ -71.088576444277408, 46.15924189867512 ], [ -71.07466763379675, 46.168168795778868 ], [ -71.0709084075595, 46.164758049952695 ], [ -71.066602339176256, 46.167688553431809 ], [ -71.062050958804051, 46.163484945190184 ], [ -71.066447014812184, 46.160509818889132 ], [ -71.062105652294107, 46.156447758405101 ], [ -71.048853893787921, 46.165418674485778 ], [ -71.036109212961094, 46.153328011213119 ], [ -71.027206116767388, 46.158935988058879 ], [ -71.015294224563547, 46.150110951304981 ], [ -71.001943563874804, 46.158987080822108 ], [ -70.993264392931707, 46.152469899093376 ], [ -71.006540805372609, 46.143591198511324 ], [ -70.984053574284076, 46.128221502514165 ], [ -70.955218557789451, 46.102566805387539 ], [ -70.940912222648905, 46.111544358198998 ], [ -70.909210165058283, 46.082998595493358 ], [ -70.893833163515538, 46.092904218558608 ], [ -70.860074483379748, 46.062715175578958 ], [ -70.846128699900689, 46.071846781820256 ], [ -70.859939676234831, 46.084661595070109 ], [ -70.832867206072422, 46.102324493107091 ], [ -70.845628192961016, 46.114494583131012 ], [ -70.831676026632238, 46.123539537504598 ], [ -70.823423903552239, 46.116114987755225 ], [ -70.793740218519289, 46.136036057024945 ], [ -70.775046401101108, 46.118704613131165 ], [ -70.749433262540265, 46.135846851068827 ], [ -70.75615858473887, 46.146273123386464 ], [ -70.754722758925851, 46.152796144651944 ], [ -70.740423669632122, 46.16267050951916 ], [ -70.739587256561009, 46.166578944660188 ], [ -70.748189011947389, 46.180580377994708 ], [ -70.703450599372815, 46.212346607170801 ], [ -70.714419108815775, 46.216889773722485 ], [ -70.700463408971927, 46.226555884880028 ], [ -70.706034036264171, 46.227217518164565 ], [ -70.715396854110736, 46.234419446901683 ], [ -70.657807122153727, 46.272730645226915 ], [ -70.665622893281991, 46.27868119796247 ], [ -70.557914175469676, 46.349967067181346 ] ] ] } },
{ "type": "Feature", "properties": { "riding_code": 813, "riding_name": "Duplessis" }, "geometry": { "type": "MultiPolygon", "coordinates": [ [ [ [ -67.407327727935893, 54.979299617055396 ], [ -67.411945781201098, 54.979388906670366 ], [ -67.389778816557921, 54.964555199669526 ], [ -67.396210000115147, 54.960941861278343 ], [ -67.369792132202818, 54.95005526381518 ], [ -67.367136536742905, 54.94255107472641 ], [ -67.349432040739956, 54.941496132684669 ], [ -67.352523847712192, 54.93774624517026 ], [ -67.348328680050372, 54.933495072489968 ], [ -67.35143081005468, 54.931387959191085 ], [ -67.33713101153127, 54.925606748265579 ], [ -67.340247021167897, 54.922499224250188 ], [ -67.331934879659329, 54.916416460454691 ], [ -67.329571214383009, 54.908551005596699 ], [ -67.332798272912584, 54.906160896576807 ], [ -67.309158042078892, 54.897742300276064 ], [ -67.308608648882824, 54.891992082668487 ], [ -67.302346518820656, 54.888768311592784 ], [ -67.30749040157005, 54.882856470215422 ], [ -67.304709428847588, 54.880693207849411 ], [ -67.276018992788096, 54.870881064889609 ], [ -67.280407778457032, 54.866462563300551 ], [ -67.272657326274086, 54.864135560015896 ], [ -67.271015218936768, 54.859853295879603 ], [ -67.262407776476564, 54.857409309164098 ], [ -67.263133111232889, 54.853407058683302 ], [ -67.254766534439497, 54.850101311609997 ], [ -67.262900081061503, 54.845135179845286 ], [ -67.252373093034294, 54.837241478698331 ], [ -67.253077540975454, 54.833855019133971 ], [ -67.242930522198861, 54.835136941234403 ], [ -67.237322633468168, 54.832520231913954 ], [ -67.236657600283053, 54.828052203181464 ], [ -67.22007678642737, 54.829573119824069 ], [ -67.216288104196792, 54.825628650634989 ], [ -67.208408956507753, 54.824518169993262 ], [ -67.208039578125181, 54.821546143034617 ], [ -67.215743769309839, 54.816296141221997 ], [ -67.217623391888438, 54.810460926045664 ], [ -67.215098677312398, 54.806577642219366 ], [ -67.217845338786475, 54.802965895868134 ], [ -67.209876275019909, 54.798656239137145 ], [ -67.207149027405379, 54.790662378221093 ], [ -67.169208380387772, 54.775217756188184 ], [ -67.173009121171148, 54.766905064159388 ], [ -67.15104393758476, 54.76263375460632 ], [ -67.152520459469201, 54.756932393386975 ], [ -67.121762117660566, 54.749073404225548 ], [ -67.120840704080706, 54.743963466545331 ], [ -67.114286922757742, 54.738159552043989 ], [ -67.106098305585405, 54.738294376124522 ], [ -67.101460204469731, 54.734827701446719 ], [ -67.100534178353755, 54.729377076746474 ], [ -67.09309026051838, 54.726874739955058 ], [ -67.093533690696574, 54.723848082598337 ], [ -67.081240923107728, 54.717185199061163 ], [ -67.081734442145844, 54.714132998376357 ], [ -67.074560961913519, 54.712965495969357 ], [ -67.07429711926433, 54.709932765430793 ], [ -67.063208308082878, 54.703347488524393 ], [ -67.073204542691656, 54.699297872597917 ], [ -67.053179636640422, 54.695712877949319 ], [ -67.059149771963064, 54.68979829987115 ], [ -67.07454030323882, 54.683626336499259 ], [ -67.072652684885938, 54.68140509749513 ], [ -67.075153395184714, 54.677798206608394 ], [ -67.064870076681927, 54.675044175994614 ], [ -67.070092506112573, 54.672238487916474 ], [ -67.067707483510034, 54.667264948280206 ], [ -67.101399621386832, 54.664797041709662 ], [ -67.125008918534704, 54.654457767455106 ], [ -67.116596976764924, 54.646102800605739 ], [ -67.120437577021946, 54.640764147458938 ], [ -67.129131063236542, 54.640881032980353 ], [ -67.138105480954025, 54.63446388982301 ], [ -67.137959620140492, 54.629986121611502 ], [ -67.132101794895405, 54.627242791011639 ], [ -67.133959562656642, 54.62202128118485 ], [ -67.145318089093351, 54.617710447093806 ], [ -67.153770720668945, 54.622518701033037 ], [ -67.155150664577818, 54.617046354704378 ], [ -67.165625512839682, 54.611070820539013 ], [ -67.171268489566586, 54.611155049307378 ], [ -67.170546787201474, 54.608459898551956 ], [ -67.179487914965662, 54.606989143314884 ], [ -67.194302919343727, 54.613931226019112 ], [ -67.207580414423262, 54.611763279421616 ], [ -67.228497394326638, 54.617936311695551 ], [ -67.23079403507505, 54.613160877073426 ], [ -67.225877388297008, 54.610047821734419 ], [ -67.228111029634533, 54.605547485484287 ], [ -67.224306223153093, 54.602627687979584 ], [ -67.229972591164596, 54.601576320726316 ], [ -67.226551405421148, 54.600183085240126 ], [ -67.225822554821306, 54.592324171070743 ], [ -67.220078855053629, 54.586237079308162 ], [ -67.233878072967727, 54.581960211099464 ], [ -67.248110183636413, 54.587598868693313 ], [ -67.278768171383959, 54.587793124897402 ], [ -67.279387613868309, 54.583688300325051 ], [ -67.273104228214407, 54.579298200555478 ], [ -67.274023574336624, 54.576047075525558 ], [ -67.266518136008372, 54.57179302810119 ], [ -67.267000733691972, 54.562628539909497 ], [ -67.289001367367973, 54.557514037462333 ], [ -67.291031525097893, 54.552901792257231 ], [ -67.286138437639607, 54.554543664604864 ], [ -67.274170754024667, 54.550152665080276 ], [ -67.256078688883164, 54.553737684829841 ], [ -67.264748476934784, 54.540631567402151 ], [ -67.263441099224636, 54.537629910233974 ], [ -67.249080000476553, 54.531043811223221 ], [ -67.230520000043782, 54.531103797433495 ], [ -67.221293343847549, 54.526040497068827 ], [ -67.219053595633696, 54.520821307623564 ], [ -67.219389637505756, 54.517379101700982 ], [ -67.229409153631352, 54.51254123440156 ], [ -67.243417773776656, 54.510983967254866 ], [ -67.239099677918901, 54.499297332928762 ], [ -67.2454457314753, 54.491959586820435 ], [ -67.26164256925469, 54.494904801538254 ], [ -67.26283104654695, 54.483484511913232 ], [ -67.279663618233002, 54.484769731651809 ], [ -67.290000500502501, 54.488931117122718 ], [ -67.294698298686598, 54.492707390143067 ], [ -67.296447447215854, 54.500123558509017 ], [ -67.292472591948709, 54.506180353050809 ], [ -67.301361265496183, 54.510542764748138 ], [ -67.301797330610029, 54.514017836448041 ], [ -67.316106189962483, 54.512013413722904 ], [ -67.321273902026462, 54.508766734989557 ], [ -67.321610078488959, 54.503904490533287 ], [ -67.337811809641011, 54.502265749411691 ], [ -67.34025849906233, 54.505290826526881 ], [ -67.336832868909966, 54.509179490751848 ], [ -67.34219290896695, 54.516407658432037 ], [ -67.364950530379204, 54.516933642583126 ], [ -67.366030739373514, 54.524682688880624 ], [ -67.374860950428641, 54.528100607973023 ], [ -67.383865477593474, 54.527269462301064 ], [ -67.389979904502482, 54.53621698265669 ], [ -67.407254315721872, 54.539798578761143 ], [ -67.398218135400882, 54.546463746724299 ], [ -67.410647149115576, 54.552076395823256 ], [ -67.422386953611024, 54.552072304260996 ], [ -67.432891592624543, 54.557850552905691 ], [ -67.427027408994888, 54.565463458113626 ], [ -67.441451561818312, 54.567797026061783 ], [ -67.464501632424358, 54.580718038919322 ], [ -67.492757303580973, 54.58168466991404 ], [ -67.495053966613312, 54.579932114275408 ], [ -67.490974027495682, 54.573460185946026 ], [ -67.511892787752373, 54.572987643898053 ], [ -67.519058701758524, 54.569906379107522 ], [ -67.509834605859524, 54.565239804663513 ], [ -67.512875684460397, 54.559741944007293 ], [ -67.509533109717225, 54.557105841652842 ], [ -67.512756055662919, 54.552771420210135 ], [ -67.505180839991837, 54.55082558785967 ], [ -67.503871861958032, 54.546182641594726 ], [ -67.489750360308662, 54.543709398429755 ], [ -67.484166633638367, 54.546015308110618 ], [ -67.481596916921163, 54.542822030109484 ], [ -67.484833232916856, 54.539355056526936 ], [ -67.471118214991094, 54.531938196774391 ], [ -67.47465091871365, 54.527851710201681 ], [ -67.47295148610327, 54.519046787861114 ], [ -67.483927461858244, 54.517184104134017 ], [ -67.489401450234922, 54.509104474582777 ], [ -67.487752128343857, 54.506214495118613 ], [ -67.504533024003578, 54.502296966470041 ], [ -67.489620500641905, 54.491741455093965 ], [ -67.492011598526545, 54.486846598760842 ], [ -67.488506633085279, 54.484520110800077 ], [ -67.492097167579956, 54.479825590927213 ], [ -67.507336938574483, 54.478381002066797 ], [ -67.528960362830816, 54.482707843362682 ], [ -67.528392665364848, 54.486879058496356 ], [ -67.531065078895665, 54.48824133890308 ], [ -67.549568022706282, 54.482126420753168 ], [ -67.557623257563904, 54.486045523403355 ], [ -67.557652393842019, 54.490878664026198 ], [ -67.566923978701624, 54.492792478531818 ], [ -67.580875009755147, 54.491627337674501 ], [ -67.582004869366372, 54.488324563217581 ], [ -67.573174488180598, 54.480792751083428 ], [ -67.582172476255479, 54.481520066598463 ], [ -67.589878734429803, 54.474879601494585 ], [ -67.601338229761183, 54.477438233366001 ], [ -67.623046771155089, 54.473960894833212 ], [ -67.630435883771284, 54.478409177137273 ], [ -67.634709037929099, 54.489294958748779 ], [ -67.639872564055096, 54.491772490740352 ], [ -67.641843731838222, 54.501294709117012 ], [ -67.637621738127748, 54.502738040023068 ], [ -67.645600711161791, 54.508355808398797 ], [ -67.652873674379336, 54.49785478783614 ], [ -67.659015532452585, 54.49723930485554 ], [ -67.66334146179102, 54.492268574516295 ], [ -67.660269768771599, 54.48643439619142 ], [ -67.663549148470253, 54.486492327159063 ], [ -67.665020190507434, 54.477987030327199 ], [ -67.653431330814101, 54.470188571124957 ], [ -67.670433656022141, 54.4656288049229 ], [ -67.660145352410055, 54.458488500341964 ], [ -67.669962384759373, 54.446323553852409 ], [ -67.705717228937488, 54.441133228924521 ], [ -67.717373288919703, 54.448821317071392 ], [ -67.704038152747898, 54.457488018323332 ], [ -67.726043388675237, 54.461987139876214 ], [ -67.730606144016278, 54.458795223419926 ], [ -67.729595736043208, 54.446325038436349 ], [ -67.745844159682406, 54.440518497941582 ], [ -67.757651597915839, 54.44596357976512 ], [ -67.77471677873578, 54.438434891191271 ], [ -67.776985451143219, 54.428207668388495 ], [ -67.768998357592238, 54.42521418291647 ], [ -67.766212515963929, 54.419904491400999 ], [ -67.756710878288146, 54.414159618323744 ], [ -67.743236574676615, 54.415243717663408 ], [ -67.747687095738385, 54.409878222836241 ], [ -67.743263889674537, 54.400680968143888 ], [ -67.735455564463209, 54.399707045777092 ], [ -67.727572361910717, 54.390878316191262 ], [ -67.718938099810998, 54.392069670986068 ], [ -67.714024100751871, 54.388124571541546 ], [ -67.725911995201216, 54.377071697545958 ], [ -67.721773082445111, 54.367519334649032 ], [ -67.732159723350719, 54.360630750946513 ], [ -67.732744265023413, 54.357235739474532 ], [ -67.742991228196871, 54.353014908740526 ], [ -67.740884712123389, 54.347126001368032 ], [ -67.721014325089982, 54.348652196475669 ], [ -67.729792797655051, 54.340824127963451 ], [ -67.727356090072846, 54.335464208811999 ], [ -67.708637052586539, 54.333988157704781 ], [ -67.704634581622628, 54.328798308791143 ], [ -67.686187870548935, 54.327152461914643 ], [ -67.678289052228166, 54.321706000159097 ], [ -67.679432099828176, 54.318240944303994 ], [ -67.662901918330064, 54.311844331944798 ], [ -67.669407538900131, 54.304265401985027 ], [ -67.669830481086791, 54.289293904119717 ], [ -67.659679338921677, 54.282071625709328 ], [ -67.660344279434895, 54.275460189355968 ], [ -67.668024062232291, 54.27165546073546 ], [ -67.673052677622991, 54.264460346486814 ], [ -67.681263526207672, 54.265400044888864 ], [ -67.683212538409123, 54.261073005709157 ], [ -67.674602013413377, 54.25573730788286 ], [ -67.670345921561236, 54.240288798212823 ], [ -67.655928198782718, 54.234954974817533 ], [ -67.65935808122201, 54.230601178284211 ], [ -67.655576503095034, 54.227316013985806 ], [ -67.617517900438315, 54.220016476789176 ], [ -67.606508592443177, 54.207267054903049 ], [ -67.633317229811624, 54.202316739999382 ], [ -67.608217241232808, 54.198036681248446 ], [ -67.616763420511191, 54.187482956981825 ], [ -67.621658468087375, 54.186873572358309 ], [ -67.62832085354944, 54.191204995816605 ], [ -67.645742924798938, 54.190346631902962 ], [ -67.651243629854434, 54.186566099056499 ], [ -67.641441866994029, 54.181348348027377 ], [ -67.640651285478384, 54.177794594630761 ], [ -67.650541003117368, 54.173099874628711 ], [ -67.633677299846283, 54.164876008186326 ], [ -67.635734375224857, 54.158762728624453 ], [ -67.651541516974561, 54.161486727184041 ], [ -67.676352616480045, 54.156206752380285 ], [ -67.696323026776284, 54.160349467226993 ], [ -67.722464505075763, 54.149121288718561 ], [ -67.753498892391065, 54.156842771824834 ], [ -67.775644324876907, 54.146653170995201 ], [ -67.784715373567082, 54.137401885474063 ], [ -67.803633051583688, 54.130013613974818 ], [ -67.801995840714099, 54.124845807146649 ], [ -67.78835362635003, 54.11776895008429 ], [ -67.796714595334649, 54.113295923373293 ], [ -67.791633570853875, 54.108874483406204 ], [ -67.79624612746872, 54.102264965556571 ], [ -67.788532839070086, 54.099488137672232 ], [ -67.777192207609261, 54.101791154710874 ], [ -67.777244356237972, 54.105377758296612 ], [ -67.760017687293384, 54.103930901786363 ], [ -67.750268319925425, 54.088877884482777 ], [ -67.781638732274516, 54.083404178801025 ], [ -67.776829461477547, 54.073540987179918 ], [ -67.769632030499977, 54.069046095154931 ], [ -67.779888473057412, 54.064186669209306 ], [ -67.778145905533265, 54.056323997317286 ], [ -67.792189742344817, 54.049095506662752 ], [ -67.780191245964474, 54.039379570107641 ], [ -67.799938953952903, 54.036904805061454 ], [ -67.801116037937717, 54.030790009652321 ], [ -67.815803835858475, 54.028568437098038 ], [ -67.817419351769885, 54.023399593434746 ], [ -67.809311250234956, 54.017407207957675 ], [ -67.809162365369772, 54.013264818704343 ], [ -67.799161241566296, 54.015958399727971 ], [ -67.788396601019215, 54.011297368537278 ], [ -67.77683648328312, 54.013292256704283 ], [ -67.776947264753005, 54.006381020886884 ], [ -67.783056595752484, 54.003435809522131 ], [ -67.771363000596438, 53.997656668053828 ], [ -67.763368818853721, 53.998513435071025 ], [ -67.760496706266011, 54.003185654905771 ], [ -67.749779742187599, 54.000435049647749 ], [ -67.725808990741896, 53.983539375037253 ], [ -67.716113035909842, 53.985650753695303 ], [ -67.704724369554825, 53.980380494134138 ], [ -67.676460910247428, 53.978539775092003 ], [ -67.67096232503792, 53.972458511954919 ], [ -67.675518899259743, 53.969982283010495 ], [ -67.653797086085262, 53.962035914718328 ], [ -67.650445187437867, 53.95206640659508 ], [ -67.668852882521762, 53.947647483852514 ], [ -67.670194463023961, 53.94217952996415 ], [ -67.6665747809473, 53.937070159556853 ], [ -67.656857234035186, 53.933291967132973 ], [ -67.633126831329804, 53.936673744287511 ], [ -67.631110072984939, 53.930564771020009 ], [ -67.611074935905251, 53.930261530507721 ], [ -67.599987979918666, 53.924646915075591 ], [ -67.583163028192743, 53.923290868306587 ], [ -67.594441046680828, 53.907478805623313 ], [ -67.599804128388385, 53.906593625097905 ], [ -67.596189883409039, 53.901616013369022 ], [ -67.584769618378544, 53.897317085595482 ], [ -67.590512635213742, 53.895536327993845 ], [ -67.589247317638225, 53.890288638820181 ], [ -67.60613382264529, 53.885616999263405 ], [ -67.594933453593441, 53.87953376451982 ], [ -67.603296171263722, 53.873094852502113 ], [ -67.586459434388104, 53.868034721582056 ], [ -67.581270412436595, 53.868538125983768 ], [ -67.576318583933983, 53.874842161438572 ], [ -67.568383837084994, 53.874032028291467 ], [ -67.567442227614308, 53.868450176667572 ], [ -67.553769118220345, 53.862621431441937 ], [ -67.552740149538906, 53.857261287018289 ], [ -67.54848685255881, 53.855589231384037 ], [ -67.560134653480134, 53.851146335404579 ], [ -67.556296470232695, 53.844561987440606 ], [ -67.547160041757508, 53.842592585323587 ], [ -67.541248581301645, 53.846149061103752 ], [ -67.530135861518716, 53.84575997107121 ], [ -67.514847499802471, 53.838983315471147 ], [ -67.509080834904211, 53.839588899217624 ], [ -67.503650026601107, 53.844843126957166 ], [ -67.502512390254367, 53.841842421430442 ], [ -67.488852943699129, 53.838538131936055 ], [ -67.488488447527473, 53.83472886710009 ], [ -67.495246479853321, 53.831477448818625 ], [ -67.492908468824695, 53.828059385652786 ], [ -67.508827143260518, 53.81958757329155 ], [ -67.510554080324226, 53.816507389153351 ], [ -67.506218445045491, 53.814232487933161 ], [ -67.525582313563731, 53.810647227731494 ], [ -67.525878680055513, 53.80322698697924 ], [ -67.5658561334768, 53.794452298228485 ], [ -67.593017378663674, 53.793481242202603 ], [ -67.591440281390646, 53.789586783985584 ], [ -67.55438423773235, 53.784619162542384 ], [ -67.545443169773932, 53.777838392450668 ], [ -67.593935181368749, 53.764034551554943 ], [ -67.581381321514897, 53.759560218808971 ], [ -67.527525416037008, 53.761957076312385 ], [ -67.507194824116681, 53.75570815538407 ], [ -67.492060960909328, 53.756347050664445 ], [ -67.499702455671127, 53.748593428575766 ], [ -67.50000271720937, 53.743928108856004 ], [ -67.513307317370135, 53.734958273923048 ], [ -67.497305961211836, 53.728404346631187 ], [ -67.488396473836545, 53.719731362092304 ], [ -67.469108628138912, 53.714927450471322 ], [ -67.452612128150207, 53.714820183878217 ], [ -67.442159270094137, 53.709119757802974 ], [ -67.436909137482061, 53.711289700571264 ], [ -67.434772856877856, 53.71870170621559 ], [ -67.437189449975492, 53.721344524860271 ], [ -67.454086564160505, 53.723010529629939 ], [ -67.449805291375824, 53.730783174866332 ], [ -67.437828947468432, 53.727173764308667 ], [ -67.414183264727114, 53.72742123415847 ], [ -67.40613986619293, 53.721865018069551 ], [ -67.419076748436979, 53.718006194385332 ], [ -67.421771661493594, 53.710095178664297 ], [ -67.409836519325339, 53.694956310983898 ], [ -67.384378861107251, 53.693426334437817 ], [ -67.389980275579006, 53.678789356577447 ], [ -67.403134253015381, 53.671705961707225 ], [ -67.406812716076146, 53.664261705868 ], [ -67.391420649396494, 53.663567442308604 ], [ -67.393335828315784, 53.656651590601001 ], [ -67.381647109880262, 53.651592678979569 ], [ -67.383163320228903, 53.648285064520337 ], [ -67.379361997213664, 53.641790683244231 ], [ -67.384690786137284, 53.63787061889176 ], [ -67.37778194721642, 53.629647902346299 ], [ -67.38391752743685, 53.624258722063431 ], [ -67.383053466385718, 53.616731164786394 ], [ -67.361815682442653, 53.607260088548692 ], [ -67.356531958474434, 53.60126168373688 ], [ -67.34305259892345, 53.600672609947814 ], [ -67.325362951611297, 53.588671749058243 ], [ -67.303697387371784, 53.587650208111356 ], [ -67.30588316435427, 53.582699830667345 ], [ -67.312418759367603, 53.579783532383985 ], [ -67.308743604039847, 53.574729361171599 ], [ -67.315394400245012, 53.565172727484921 ], [ -67.309221548816467, 53.560174176258947 ], [ -67.307558545385717, 53.552369331774536 ], [ -67.290385001278267, 53.546093757500515 ], [ -67.283672413375839, 53.550061500703698 ], [ -67.282556444994228, 53.554702871270401 ], [ -67.26604742852841, 53.558759886975224 ], [ -67.259382757299846, 53.563595949157133 ], [ -67.233392504841959, 53.548977998318044 ], [ -67.218821741641236, 53.531673355658377 ], [ -67.211794603434569, 53.539982546919845 ], [ -67.193501863665418, 53.536811518621228 ], [ -67.192552059331874, 53.54251223767681 ], [ -67.195601029263145, 53.547726287145515 ], [ -67.186414520516152, 53.552172664475002 ], [ -67.183350146489559, 53.55923296557215 ], [ -67.171403328081055, 53.55714560692676 ], [ -67.162933823323598, 53.547004405933791 ], [ -67.152348362316687, 53.540980063235061 ], [ -67.140553242585554, 53.540199717097956 ], [ -67.129019773248316, 53.533784593941199 ], [ -67.113549224762892, 53.537003469952502 ], [ -67.109101899705905, 53.53125498598304 ], [ -67.09987579909226, 53.529813032035108 ], [ -67.080874043306878, 53.534389856086271 ], [ -67.068257670330169, 53.542978012518397 ], [ -67.051647142787715, 53.539251425214125 ], [ -67.045959688961531, 53.531618680841071 ], [ -67.036373621983017, 53.536000937405582 ], [ -67.01640158888587, 53.527169880887463 ], [ -67.019270791392472, 53.523949726572084 ], [ -67.016230726075051, 53.516394448842625 ], [ -67.00459411891147, 53.512838910861547 ], [ -66.999243425141898, 53.501396094765916 ], [ -66.990511971787967, 53.498954411323659 ], [ -66.97118907912153, 53.500007077687521 ], [ -66.972910357560181, 53.493475342813134 ], [ -66.979355287095302, 53.491619904321119 ], [ -66.981983400600953, 53.484973780696023 ], [ -66.988657051999283, 53.483258618705896 ], [ -66.993150727140488, 53.478141801083765 ], [ -66.990183987353745, 53.468867196938021 ], [ -66.973347308917965, 53.469530116447203 ], [ -66.947519744491004, 53.478979618003002 ], [ -66.932235524256768, 53.475617468532747 ], [ -66.927204471443986, 53.472980807763079 ], [ -66.925368176613048, 53.467895456991727 ], [ -66.92832074589316, 53.459645712684591 ], [ -66.916020520276106, 53.458009090265293 ], [ -66.931593662959742, 53.439591439385403 ], [ -66.924458924915839, 53.435257087738471 ], [ -66.924762734590033, 53.428922614870174 ], [ -66.921464635523819, 53.425306285403636 ], [ -66.913544243583985, 53.420889497303143 ], [ -66.901991241999553, 53.420111331151652 ], [ -66.892952998967544, 53.42542016128737 ], [ -66.875173542178175, 53.413642621460646 ], [ -66.882429923411891, 53.407001680122981 ], [ -66.89202115922636, 53.405254286423641 ], [ -66.892345239576258, 53.398893284099628 ], [ -66.906571846654032, 53.389669894839471 ], [ -66.916092411036701, 53.390480256727585 ], [ -66.917761078892354, 53.39486418471494 ], [ -66.922103363878904, 53.394699254438372 ], [ -66.931300870139609, 53.386642171526361 ], [ -66.942681531936842, 53.385139428204056 ], [ -66.946043562708141, 53.378949431556862 ], [ -66.945049645632963, 53.3690914378641 ], [ -66.955690284563346, 53.367165964793635 ], [ -66.962763519488234, 53.359361184104593 ], [ -66.975680414617656, 53.358527420806205 ], [ -66.981691055419759, 53.370089547309497 ], [ -66.996999048122774, 53.369837372163282 ], [ -67.004378967572279, 53.362503656719717 ], [ -66.989651753129479, 53.36080822082053 ], [ -66.986381012952691, 53.354944884977478 ], [ -67.020568388383452, 53.339528257741179 ], [ -67.019138243389236, 53.328083191733505 ], [ -67.013747162800115, 53.321222024236704 ], [ -67.005601529976246, 53.320173248611979 ], [ -67.001218304828569, 53.324782349666037 ], [ -66.988050668120337, 53.32641883512968 ], [ -66.978380611936984, 53.317583239903506 ], [ -66.951661399583728, 53.310808258342284 ], [ -66.948159588798958, 53.304283981659253 ], [ -66.95104556511906, 53.293423541515146 ], [ -66.945767203915238, 53.288890571595829 ], [ -66.944554494670527, 53.28328090633164 ], [ -66.958076693294515, 53.275887718796788 ], [ -66.954718898616605, 53.270361657733162 ], [ -66.958271427679165, 53.263395129812132 ], [ -66.969889672340955, 53.254835692244178 ], [ -66.962209743628819, 53.250085308268744 ], [ -66.968820500098502, 53.24608517373035 ], [ -66.963889590472206, 53.236561728218767 ], [ -66.974465985441412, 53.228756655638627 ], [ -66.973298652143924, 53.223998888644957 ], [ -66.960185682747138, 53.220221590069144 ], [ -66.968387699921934, 53.20397383164314 ], [ -66.964720309348223, 53.200276556583134 ], [ -66.950945102172398, 53.197145755996708 ], [ -66.95994725934689, 53.191167487071546 ], [ -66.951380777906593, 53.184199433399769 ], [ -66.951194483177005, 53.180449904717847 ], [ -66.956935571006525, 53.17525499168385 ], [ -66.969362461904936, 53.175862867575226 ], [ -66.974559476456093, 53.171890612401953 ], [ -66.997185907364937, 53.16858782571471 ], [ -67.0062214667755, 53.156613334798692 ], [ -67.005005618631174, 53.147533962899388 ], [ -66.995559244912585, 53.14608608753089 ], [ -66.990642354266797, 53.139894641858533 ], [ -66.942366319937562, 53.13730937849791 ], [ -66.950576061739369, 53.1327824553561 ], [ -66.951884390607091, 53.127616254411535 ], [ -66.975661097712091, 53.124891001335911 ], [ -66.983634811199877, 53.118645352020152 ], [ -66.980858134789244, 53.098389620544218 ], [ -66.969219706517663, 53.096501552380964 ], [ -66.973759517223755, 53.092415245879877 ], [ -66.973752559681714, 53.087280368285811 ], [ -66.981784962440145, 53.081643998568701 ], [ -66.989915266136506, 53.083861463672172 ], [ -67.010616095367567, 53.078136698793962 ], [ -67.011031828200771, 53.07330614658855 ], [ -67.025227174554615, 53.075170060085419 ], [ -67.043753057969795, 53.06955905802419 ], [ -67.048309881619431, 53.074413839305898 ], [ -67.07232970835949, 53.073415675398479 ], [ -67.076804577278608, 53.078921401855361 ], [ -67.066830729754969, 53.088613372400893 ], [ -67.0719451187651, 53.091777223491221 ], [ -67.076279458965473, 53.105667501468496 ], [ -67.06837036212184, 53.106194956273235 ], [ -67.065167287991045, 53.110449412044836 ], [ -67.052413123317081, 53.114753089400068 ], [ -67.051950088200414, 53.121114090930249 ], [ -67.061640682386056, 53.125198348693793 ], [ -67.055802843743322, 53.137367817247942 ], [ -67.062425442511113, 53.135396027786236 ], [ -67.066219606906131, 53.138278784076235 ], [ -67.075370656341192, 53.132833432457062 ], [ -67.073037439705303, 53.128971984252679 ], [ -67.075722822343494, 53.125369158425627 ], [ -67.101088324222545, 53.120416989989664 ], [ -67.104188438534109, 53.114644728333928 ], [ -67.110327335185062, 53.112694751551736 ], [ -67.108144894522439, 53.107806816556213 ], [ -67.111579781311406, 53.101442320963542 ], [ -67.11593808484902, 53.100303111520539 ], [ -67.123493216081897, 53.10428244083338 ], [ -67.127668693116178, 53.123891685815956 ], [ -67.154579344090422, 53.128112643780732 ], [ -67.138606891899883, 53.135139326248556 ], [ -67.144755466343767, 53.14030362888434 ], [ -67.151383344310432, 53.139860243697896 ], [ -67.161668604181443, 53.145643540421716 ], [ -67.188722617644359, 53.144303988042083 ], [ -67.225647028524534, 53.147340014322374 ], [ -67.256011365802436, 53.164810286519042 ], [ -67.256067695932757, 53.17314334064627 ], [ -67.267647241227749, 53.177037025896851 ], [ -67.27875903410218, 53.17369831441119 ], [ -67.285122120900866, 53.161810193873777 ], [ -67.298090369773192, 53.158500565437706 ], [ -67.288259797114449, 53.15356284570386 ], [ -67.2862893470176, 53.13886323925972 ], [ -67.308068577412214, 53.133275167747122 ], [ -67.320563867424084, 53.121997636709786 ], [ -67.330367231571046, 53.121162408467107 ], [ -67.336138412353407, 53.115082418302862 ], [ -67.343942639253342, 53.11324673538595 ], [ -67.349000181869002, 53.115941250384267 ], [ -67.372530914241224, 53.101445752273328 ], [ -67.372082455780486, 53.095692798357433 ], [ -67.383281071016199, 53.087939536216972 ], [ -67.38696486177119, 53.077772858139937 ], [ -67.381029079272608, 53.075107527991669 ], [ -67.382580290473257, 53.067388871811119 ], [ -67.378305386747641, 53.062247364791631 ], [ -67.380638169234444, 53.059911117731104 ], [ -67.372941784040577, 53.051079891992188 ], [ -67.375367078888388, 53.044472317452851 ], [ -67.36467223232502, 53.039861636209871 ], [ -67.366781039409574, 53.035693588151808 ], [ -67.362005560372623, 53.029725856300587 ], [ -67.348349613538488, 53.031476535095209 ], [ -67.360766630763138, 53.021975817561675 ], [ -67.352313695207826, 53.020357580933016 ], [ -67.355851408782229, 53.017724445279633 ], [ -67.354147435900245, 53.011891161019804 ], [ -67.342493674916241, 53.005223905118875 ], [ -67.351712266212147, 53.003533477312011 ], [ -67.356428295955169, 52.998443266648117 ], [ -67.342112830761778, 52.988781463108602 ], [ -67.345516574921518, 52.984809972320008 ], [ -67.343608887020935, 52.981812971288441 ], [ -67.33941712947896, 52.980865808490236 ], [ -67.333973197130589, 52.985699229136436 ], [ -67.324418787680912, 52.987837935253474 ], [ -67.319638733842282, 52.985255111259661 ], [ -67.314714696363893, 52.98719468060375 ], [ -67.310883146352353, 52.98564496413853 ], [ -67.312743121578237, 52.981480674754081 ], [ -67.306636228158069, 52.978726391001544 ], [ -67.286439075330961, 52.992036847176585 ], [ -67.282016195095224, 52.991476551355845 ], [ -67.278828581671789, 52.985279478386879 ], [ -67.258796208898644, 52.985531602159355 ], [ -67.246238287066802, 52.982169523218118 ], [ -67.239470654656742, 52.985365950115494 ], [ -67.232792823350778, 52.981780629545597 ], [ -67.251802434006279, 52.975451605210928 ], [ -67.274469520478377, 52.959061073407469 ], [ -67.287220008182658, 52.961833667522427 ], [ -67.295501958756276, 52.958029855218506 ], [ -67.306302249156474, 52.966028650009086 ], [ -67.319248895332208, 52.962394245948879 ], [ -67.333774193869957, 52.955223824106106 ], [ -67.333973168434014, 52.951750902206058 ], [ -67.338359734087078, 52.951591773778304 ], [ -67.336692136443517, 52.941312320559994 ], [ -67.350870086670056, 52.935674344701333 ], [ -67.346195524333226, 52.930504891996605 ], [ -67.350284009045865, 52.927479746360667 ], [ -67.33622466943882, 52.919945283126772 ], [ -67.336285197954709, 52.914227514033321 ], [ -67.330501433097865, 52.910861798325584 ], [ -67.335318193884163, 52.903639755801485 ], [ -67.333788881429911, 52.899278898511731 ], [ -67.341896307301397, 52.895146068830854 ], [ -67.323748760975619, 52.878202413368427 ], [ -67.31128222087041, 52.879337719440436 ], [ -67.306440867766455, 52.884918597631994 ], [ -67.29035811578369, 52.886557945345437 ], [ -67.282027274759187, 52.880249104400114 ], [ -67.254879022471044, 52.874504235597733 ], [ -67.24180774539083, 52.858060204320729 ], [ -67.243297689552165, 52.852390768840763 ], [ -67.23086332128274, 52.849081573823867 ], [ -67.231726046243026, 52.840781756106345 ], [ -67.215779290872774, 52.841052793162447 ], [ -67.197360022071919, 52.832220807561583 ], [ -67.19085047568673, 52.834390923537327 ], [ -67.177129766159069, 52.824808782803828 ], [ -67.173779178411621, 52.818808023019528 ], [ -67.165826415108242, 52.815251058374763 ], [ -67.157972745724521, 52.821746123622212 ], [ -67.15426554789876, 52.837414505850212 ], [ -67.156380619213408, 52.845449891142884 ], [ -67.150962345859384, 52.8534415433897 ], [ -67.132235047084421, 52.850447936743564 ], [ -67.126093665338274, 52.855419203227108 ], [ -67.126790290814782, 52.860222367775251 ], [ -67.104123485372426, 52.864827030584529 ], [ -67.095584063884274, 52.871606618249658 ], [ -67.09019801523047, 52.868409054876075 ], [ -67.077673198098097, 52.875383394356085 ], [ -67.063812780617809, 52.87571981252723 ], [ -67.050196683212903, 52.864943261224106 ], [ -67.057477547274615, 52.85941810084374 ], [ -67.047980872614545, 52.848216277484553 ], [ -67.047712657870548, 52.839585489098624 ], [ -67.056078734569795, 52.827138524469746 ], [ -67.065349269477537, 52.821892467148608 ], [ -67.055741113765421, 52.808554217599266 ], [ -67.059792013841331, 52.799915082269415 ], [ -67.058378146092963, 52.796528765129565 ], [ -67.070376210823795, 52.776946670597098 ], [ -67.058652519311806, 52.773385038900273 ], [ -67.035321165468005, 52.774582567180452 ], [ -67.042181509420914, 52.769918926960138 ], [ -67.040734818454084, 52.766612563118166 ], [ -67.034737748779378, 52.765360463939807 ], [ -67.035934785784633, 52.761164624890682 ], [ -67.031658283522788, 52.75613326728655 ], [ -67.034575791642979, 52.752076851971665 ], [ -67.030930820028786, 52.748280166957244 ], [ -67.024260288327156, 52.754857462725838 ], [ -67.016953313015847, 52.754973153914591 ], [ -67.02357532792962, 52.746135295787987 ], [ -67.019516474896832, 52.743277506395202 ], [ -67.003514272760725, 52.754110192104577 ], [ -67.002852349536568, 52.759384832317821 ], [ -66.991264254944923, 52.757083739057329 ], [ -66.986382340530426, 52.764715508568628 ], [ -66.982902460957618, 52.763664724802808 ], [ -66.981487857940735, 52.756278521814373 ], [ -66.97340361364293, 52.753771849609173 ], [ -66.961941520999474, 52.754798282632734 ], [ -66.955634232279067, 52.760413713250607 ], [ -66.95151850763969, 52.757580104448344 ], [ -66.952209968284862, 52.751050940456913 ], [ -66.9443315419784, 52.737275512138055 ], [ -66.925862972384579, 52.727853788740688 ], [ -66.924327261055922, 52.720883899726545 ], [ -66.911109991452207, 52.703192286233566 ], [ -66.906826777203889, 52.70391313796366 ], [ -66.899712279779237, 52.686933099909254 ], [ -66.899949798070722, 52.678464009296 ], [ -66.888363172726883, 52.676270083284393 ], [ -66.873131019881157, 52.680550213756234 ], [ -66.871305350750745, 52.676298600322916 ], [ -66.853304145361236, 52.674104109865851 ], [ -66.851331669048079, 52.67930168345535 ], [ -66.854801089054519, 52.69002381683984 ], [ -66.86629313341092, 52.698935884096109 ], [ -66.876718800797931, 52.715909643426713 ], [ -66.89643716921843, 52.730769351633874 ], [ -66.891103808199759, 52.733885226243217 ], [ -66.86440541088237, 52.718744613450511 ], [ -66.855738639614955, 52.719803752396736 ], [ -66.862457739186851, 52.728831014811917 ], [ -66.858907583940194, 52.732858680435605 ], [ -66.861187870355749, 52.744241875264869 ], [ -66.856901577416934, 52.750851713014569 ], [ -66.872262251166163, 52.756719169688971 ], [ -66.867619834087407, 52.764684749718924 ], [ -66.863311003702421, 52.764354245085883 ], [ -66.858677237949095, 52.76885775481184 ], [ -66.850846381753101, 52.762413542893327 ], [ -66.84884935527775, 52.755414420586639 ], [ -66.839403188625468, 52.751941774957118 ], [ -66.833464817657173, 52.734881514854884 ], [ -66.8262908528759, 52.72827220484757 ], [ -66.826151291390858, 52.721828945042361 ], [ -66.817850818923844, 52.712491852369048 ], [ -66.808400977952815, 52.712245890907006 ], [ -66.802793678883347, 52.716301567817808 ], [ -66.799175702600166, 52.706353867581441 ], [ -66.800922104754306, 52.701994931378209 ], [ -66.797403693577579, 52.700964472957075 ], [ -66.798850195916145, 52.694077177427516 ], [ -66.792865488779327, 52.690939631984719 ], [ -66.792657678211398, 52.679328603249289 ], [ -66.77557070556324, 52.668373754718935 ], [ -66.762452795098781, 52.66712528564625 ], [ -66.75786117772796, 52.669519219322858 ], [ -66.760721370016981, 52.675932556718756 ], [ -66.758583480676208, 52.678040025701726 ], [ -66.771903239491422, 52.693322440269299 ], [ -66.771094770450162, 52.698189744047014 ], [ -66.750947370401036, 52.701325568761135 ], [ -66.749873145267685, 52.705961679679653 ], [ -66.757223190079031, 52.711961129463639 ], [ -66.755249443586095, 52.71849382688368 ], [ -66.758972649947339, 52.723377386846025 ], [ -66.755845283229959, 52.7269391803977 ], [ -66.757621228939058, 52.729656891386782 ], [ -66.752427299423019, 52.745747607201181 ], [ -66.757750426086204, 52.751435189174259 ], [ -66.756479538850655, 52.757832788384306 ], [ -66.778783910774067, 52.777796890492596 ], [ -66.777917573869431, 52.780913439452746 ], [ -66.782869454368424, 52.787415250460917 ], [ -66.780807434975983, 52.790277327349393 ], [ -66.789680016841984, 52.798715092803008 ], [ -66.78633583673556, 52.802163947378013 ], [ -66.776067079208545, 52.802164413346695 ], [ -66.766615382231677, 52.788661616939052 ], [ -66.742645293815087, 52.768831335916488 ], [ -66.728199262912966, 52.767581392779896 ], [ -66.714840749345655, 52.759909698625826 ], [ -66.704142480883561, 52.764878673117117 ], [ -66.698927939981189, 52.763129027912569 ], [ -66.688062628403813, 52.7660478864209 ], [ -66.690978250533433, 52.770186122087637 ], [ -66.686503125329409, 52.788660358081231 ], [ -66.67285504030653, 52.791908906361996 ], [ -66.666476101776055, 52.782414289880002 ], [ -66.657691024037305, 52.785107638801698 ], [ -66.647184932265034, 52.782274989101637 ], [ -66.648418366291693, 52.79249450107995 ], [ -66.666532089531074, 52.809804158322855 ], [ -66.662271622476482, 52.815798687105087 ], [ -66.665613626682358, 52.819356926074036 ], [ -66.662393398345159, 52.836246907645531 ], [ -66.641278195963196, 52.851240288470173 ], [ -66.653245855482353, 52.859105786915393 ], [ -66.655186311670917, 52.865712010174292 ], [ -66.654995333945891, 52.871274763606635 ], [ -66.648138464265273, 52.867911272619473 ], [ -66.644691046951067, 52.874635031049415 ], [ -66.657607286105531, 52.882157407447828 ], [ -66.65838312382877, 52.884158863896971 ], [ -66.65344379665467, 52.88566125629962 ], [ -66.665083395296591, 52.892440339148301 ], [ -66.650491015234834, 52.893106707894724 ], [ -66.650723073625528, 52.901442718527143 ], [ -66.643771817159191, 52.896856772110517 ], [ -66.631465094473057, 52.898720112622563 ], [ -66.645194045187495, 52.91107864774289 ], [ -66.642803148208856, 52.916690877835485 ], [ -66.65002291812533, 52.924161227719516 ], [ -66.649295693184982, 52.927469009809521 ], [ -66.63969463904688, 52.926462751917292 ], [ -66.633156130199325, 52.930907525075213 ], [ -66.638998543922213, 52.935688544537491 ], [ -66.630486233254402, 52.956102481124368 ], [ -66.606486435121155, 52.952579211758668 ], [ -66.600964174162129, 52.950325277464671 ], [ -66.597656108140256, 52.943800007233001 ], [ -66.569517241739618, 52.935325899896739 ], [ -66.562061990304315, 52.937600318232228 ], [ -66.562759346899725, 52.94263040974792 ], [ -66.55509647680006, 52.940074324752352 ], [ -66.554294626435876, 52.942886539349566 ], [ -66.539817243133243, 52.942378172750651 ], [ -66.534091045211525, 52.946714151375929 ], [ -66.527339501123265, 52.946495262849041 ], [ -66.531419967143847, 52.953294425027401 ], [ -66.530782837091053, 52.959634258239518 ], [ -66.526651701790769, 52.962857276840133 ], [ -66.518760854487141, 52.961745643027449 ], [ -66.519589503971432, 52.966546775483103 ], [ -66.516261256911719, 52.967576644862341 ], [ -66.510590980184247, 52.951515898768797 ], [ -66.499222311408829, 52.947519716956862 ], [ -66.49633742580653, 52.954102059245855 ], [ -66.48730900567783, 52.957269354968005 ], [ -66.493919960583582, 52.965682767547825 ], [ -66.485164285552585, 52.968741056395082 ], [ -66.488954145393038, 52.970880858905559 ], [ -66.488695834335886, 52.976854074517377 ], [ -66.498945096193012, 52.982577983071799 ], [ -66.490649578854075, 52.985407003169989 ], [ -66.487959414555405, 52.991519170233438 ], [ -66.496706735623235, 52.995525002977118 ], [ -66.497146749117931, 52.999544754246962 ], [ -66.489905270091853, 53.001354533746962 ], [ -66.481257047096761, 52.993298489389709 ], [ -66.47008858022852, 52.989520269568175 ], [ -66.466757642204371, 52.998134297349395 ], [ -66.471317515225451, 53.002688667418276 ], [ -66.469365862515019, 53.005880375117378 ], [ -66.472428927086554, 53.013684707944279 ], [ -66.477679409611056, 53.0195224711468 ], [ -66.468925242299662, 53.023413210586931 ], [ -66.476766404592993, 53.033518867418032 ], [ -66.473180896668495, 53.04177533714784 ], [ -66.461478908584297, 53.036627968448727 ], [ -66.46356496718748, 53.047712370334516 ], [ -66.460280657768493, 53.052740930955011 ], [ -66.444344556725966, 53.042276254792597 ], [ -66.436340634923326, 53.047718272546071 ], [ -66.401447177631198, 53.020356201273906 ], [ -66.375361801849238, 53.014714268737443 ], [ -66.366521832589797, 53.020909866326896 ], [ -66.345729222164962, 53.006436723597041 ], [ -66.343710073940684, 53.002075210590085 ], [ -66.348240997089903, 52.998681456186446 ], [ -66.343201319959903, 52.994735153907413 ], [ -66.338118693192456, 52.982297082704726 ], [ -66.321541434263153, 52.971185344260206 ], [ -66.325647728292225, 52.959072628374706 ], [ -66.31895869455505, 52.947320920423898 ], [ -66.322651941390902, 52.946432539503945 ], [ -66.323562720469397, 52.937903768452344 ], [ -66.307618555904853, 52.921122349285298 ], [ -66.292754264112162, 52.917157099513247 ], [ -66.273122609901918, 52.894962070661322 ], [ -66.274233558940011, 52.883103145460694 ], [ -66.271268025563231, 52.878101912157604 ], [ -66.267222488592139, 52.873462831898244 ], [ -66.25874191197822, 52.872011649837589 ], [ -66.257407779312544, 52.86759596492508 ], [ -66.270850993079932, 52.867766331284436 ], [ -66.285216595774003, 52.861011572662647 ], [ -66.294910197758952, 52.860236092681333 ], [ -66.295273701728661, 52.856793792232331 ], [ -66.276441412825619, 52.845095030872663 ], [ -66.286179137442758, 52.835908947496662 ], [ -66.294281218532007, 52.835902909942611 ], [ -66.298511936538205, 52.840268142199889 ], [ -66.310088980000089, 52.843152035278599 ], [ -66.333949004752441, 52.863904450253891 ], [ -66.3468099235224, 52.863179929700969 ], [ -66.354642084887104, 52.857207914912344 ], [ -66.372753251086294, 52.86362624642814 ], [ -66.377999259966913, 52.867990566884657 ], [ -66.378498193162571, 52.874739251483831 ], [ -66.386053678533372, 52.877653885845874 ], [ -66.408615895046324, 52.872822037740569 ], [ -66.416639171735667, 52.865631603327813 ], [ -66.416862015450732, 52.86215858569863 ], [ -66.4128092948378, 52.859739454730139 ], [ -66.417946115490906, 52.854018707425375 ], [ -66.414962493529089, 52.844652745553304 ], [ -66.406756540289791, 52.836771526990681 ], [ -66.398482749454402, 52.83535352223862 ], [ -66.398174914238155, 52.831873804958583 ], [ -66.385060485565745, 52.824712357505341 ], [ -66.381629399134113, 52.814543147190342 ], [ -66.376043623521909, 52.809657233638212 ], [ -66.386010189938474, 52.802711432012842 ], [ -66.383870229659962, 52.80054285632356 ], [ -66.386062233080224, 52.795735266241699 ], [ -66.360842282386045, 52.796934282224754 ], [ -66.356458360599561, 52.798324857067115 ], [ -66.357871165617453, 52.800876739930544 ], [ -66.355294952466849, 52.802237924417625 ], [ -66.346536463671853, 52.794434171395686 ], [ -66.345448977804864, 52.788680690622385 ], [ -66.349929807730646, 52.781131060111107 ], [ -66.328093593068431, 52.76065193313292 ], [ -66.331230005716534, 52.757988647834871 ], [ -66.327504102805634, 52.751018862145358 ], [ -66.330590540018861, 52.745600085640419 ], [ -66.334984719382163, 52.744991278022638 ], [ -66.322816325144586, 52.733184127881451 ], [ -66.313611738979759, 52.732406614849602 ], [ -66.307723684225479, 52.725767042244456 ], [ -66.324975259172618, 52.717377562154233 ], [ -66.326079760910744, 52.711040415128267 ], [ -66.339666925380243, 52.702185027830524 ], [ -66.333582304725866, 52.687870538051548 ], [ -66.339495976941762, 52.683403267573588 ], [ -66.307740346668055, 52.663041068133523 ], [ -66.310773598985648, 52.659567580629954 ], [ -66.305667582287583, 52.656961202843398 ], [ -66.302520529651929, 52.650481349172125 ], [ -66.294497775606601, 52.650067430104208 ], [ -66.297797071075294, 52.641541411085107 ], [ -66.306385426516073, 52.640931379501502 ], [ -66.306073450958593, 52.636848624080535 ], [ -66.299856719548444, 52.635070311557037 ], [ -66.295075042107783, 52.640348867170175 ], [ -66.28727412617684, 52.640703549162332 ], [ -66.292774675635911, 52.637734167511979 ], [ -66.291860346117289, 52.633625147271523 ], [ -66.278256206168166, 52.636150375923769 ], [ -66.27891376437627, 52.631208377508685 ], [ -66.284615421788175, 52.627732529710677 ], [ -66.274385639309486, 52.626956556412082 ], [ -66.282137374722211, 52.618454724543192 ], [ -66.281551726749342, 52.612452793169638 ], [ -66.289054632560422, 52.602569494406914 ], [ -66.316239928414831, 52.609205598316798 ], [ -66.318885041909681, 52.617932136861235 ], [ -66.332242924794727, 52.628458257001562 ], [ -66.332801670739258, 52.634709811106575 ], [ -66.347771648281224, 52.639206480722166 ], [ -66.345345810889498, 52.645345019689742 ], [ -66.348384640924849, 52.65121072236083 ], [ -66.367177698726024, 52.663405186950229 ], [ -66.379773775013675, 52.678541121485488 ], [ -66.387861970774892, 52.681795273927456 ], [ -66.405499437921122, 52.672203605957662 ], [ -66.406357639343895, 52.660655499370129 ], [ -66.419727789236362, 52.651345478834578 ], [ -66.415448759431726, 52.648263993792483 ], [ -66.416015715314671, 52.64220637191719 ], [ -66.440902942195223, 52.637651687764375 ], [ -66.438784463068401, 52.623623691326266 ], [ -66.426305840946412, 52.617323082269429 ], [ -66.428366751955693, 52.61173882541992 ], [ -66.422825991544485, 52.598213423518914 ], [ -66.419153961189679, 52.594960845949899 ], [ -66.409739061929642, 52.594406628088748 ], [ -66.380106539882163, 52.565989375976564 ], [ -66.383667939955032, 52.558374968656246 ], [ -66.375133326522771, 52.550126600956744 ], [ -66.377523859968292, 52.543375856300017 ], [ -66.371718704834649, 52.531069079130567 ], [ -66.374547193212663, 52.529121762783014 ], [ -66.380057189008127, 52.533990608441542 ], [ -66.400959970724358, 52.531959090215956 ], [ -66.372361046829027, 52.516263669286417 ], [ -66.36488257916568, 52.508178740249335 ], [ -66.362875532363276, 52.497621947177514 ], [ -66.365409167301777, 52.495845755201557 ], [ -66.357422804376839, 52.49037444274547 ], [ -66.360318204385464, 52.485459396792393 ], [ -66.354226294019981, 52.479460138557229 ], [ -66.354594041216629, 52.469230863816961 ], [ -66.362404314729503, 52.467043012628757 ], [ -66.379418985973217, 52.484044377373642 ], [ -66.391173996010167, 52.488679891728864 ], [ -66.395956433577709, 52.487291085914258 ], [ -66.391339295949024, 52.480984452625705 ], [ -66.393714986819859, 52.475103015757739 ], [ -66.387141345003499, 52.461013991330937 ], [ -66.355979415583334, 52.432376987608968 ], [ -66.358403226329031, 52.42418191405077 ], [ -66.373307755672982, 52.415574143283308 ], [ -66.361065019067894, 52.403238590184728 ], [ -66.341020363206908, 52.396232056253801 ], [ -66.345277911410136, 52.375209386457144 ], [ -66.339890761603527, 52.366589129068522 ], [ -66.3562290315719, 52.349263873607107 ], [ -66.361988135006442, 52.350427542288728 ], [ -66.37196951999681, 52.357680435753316 ], [ -66.390459473167354, 52.380596922885879 ], [ -66.396859820986847, 52.37765721215434 ], [ -66.394801184058451, 52.369852899214685 ], [ -66.398267294124651, 52.369404052654254 ], [ -66.411696236439283, 52.375020995957797 ], [ -66.415733167271412, 52.386354692226142 ], [ -66.42153479682878, 52.38121495425348 ], [ -66.445558685021325, 52.375576947979653 ], [ -66.43698182835054, 52.365273909886767 ], [ -66.437197548552447, 52.354079269257873 ], [ -66.450921728955421, 52.356352006450194 ], [ -66.447283090364635, 52.34743548017385 ], [ -66.455877318794975, 52.345999324496738 ], [ -66.46217503570665, 52.348797615865998 ], [ -66.46877998470886, 52.358245642609134 ], [ -66.473756011042269, 52.352470277116367 ], [ -66.484013667336967, 52.358797283243703 ], [ -66.49111706830611, 52.354938740135175 ], [ -66.483425535016835, 52.347633758137881 ], [ -66.482257392820955, 52.342054664506541 ], [ -66.490401177242433, 52.344274902741112 ], [ -66.492541761142945, 52.340520213008141 ], [ -66.480377710570664, 52.329157891020898 ], [ -66.486340331174702, 52.325411886528691 ], [ -66.487875990170778, 52.317968903608268 ], [ -66.47765299333814, 52.311687411234345 ], [ -66.475036576682143, 52.305914515776813 ], [ -66.464773526121732, 52.30080600008386 ], [ -66.455589992231367, 52.300663747687345 ], [ -66.451493720041753, 52.294381483105994 ], [ -66.471550963262885, 52.287523153681775 ], [ -66.450501180207212, 52.279551496021853 ], [ -66.445408380677961, 52.280135183210014 ], [ -66.446936629683066, 52.28277189406397 ], [ -66.443745144586003, 52.283552475905942 ], [ -66.432075007675991, 52.265807418124638 ], [ -66.436098689609693, 52.263471358646292 ], [ -66.450300294603267, 52.265668986328293 ], [ -66.469794826244538, 52.257161128464169 ], [ -66.470160084076085, 52.253831953027948 ], [ -66.454790260430144, 52.24872136639727 ], [ -66.443522962425604, 52.229937170713882 ], [ -66.431929069870534, 52.220630937276418 ], [ -66.423468294095258, 52.22040814327697 ], [ -66.414491329876498, 52.227386946522707 ], [ -66.403793334607258, 52.229083426280752 ], [ -66.403490709661469, 52.214019779331174 ], [ -66.396102109702738, 52.21796395734372 ], [ -66.392929959810914, 52.212602822681163 ], [ -66.386372481192382, 52.213105488981867 ], [ -66.383011760337439, 52.20412943850426 ], [ -66.371985511057559, 52.195659308512901 ], [ -66.371072156886584, 52.186043748944378 ], [ -66.362766245751075, 52.182346462197465 ], [ -66.355962877667508, 52.1732156085708 ], [ -66.360928972061558, 52.169014138816287 ], [ -66.360352109087984, 52.166070918273967 ], [ -66.369154086621705, 52.166658768969832 ], [ -66.381103391568999, 52.162183117928642 ], [ -66.376625933854413, 52.152599827681982 ], [ -66.357820964168525, 52.145822827327926 ], [ -66.331594930635617, 52.14977089630603 ], [ -66.33031674211027, 52.144040574680531 ], [ -66.335397779095345, 52.143623956107753 ], [ -66.322702400951528, 52.130824673489009 ], [ -66.317620741692821, 52.131824323165247 ], [ -66.309009999294688, 52.1408467236269 ], [ -66.302306226331325, 52.139239002110365 ], [ -66.296249337768074, 52.144096633507949 ], [ -66.27038806964417, 52.147980831202432 ], [ -66.267469976256237, 52.160562600866484 ], [ -66.273696202908411, 52.166432412700516 ], [ -66.273078568238645, 52.179648880412977 ], [ -66.287580630381598, 52.195512451387096 ], [ -66.288492243978936, 52.202319026527903 ], [ -66.295941166001398, 52.212073098264575 ], [ -66.29035179660535, 52.217187728698221 ], [ -66.297549004931739, 52.22721292193755 ], [ -66.297330802971018, 52.236714257175102 ], [ -66.302550093120686, 52.240271085114948 ], [ -66.301643008365147, 52.245325167680186 ], [ -66.305635768870189, 52.249464425054668 ], [ -66.29951742848624, 52.257355230615225 ], [ -66.314626414154574, 52.281598523514667 ], [ -66.314560553366917, 52.291264811673621 ], [ -66.284627034174704, 52.285427529036198 ], [ -66.283903451531373, 52.289796289029162 ], [ -66.295902180977734, 52.296398131986479 ], [ -66.284279833921047, 52.303066392224551 ], [ -66.292222028696301, 52.310814701656248 ], [ -66.278941401224941, 52.308537033911954 ], [ -66.256392637857203, 52.310146787361383 ], [ -66.247644946678378, 52.304293446811343 ], [ -66.251336244873286, 52.300597003981295 ], [ -66.242206930490767, 52.290565976679702 ], [ -66.249035965474391, 52.284765009134617 ], [ -66.242954609090575, 52.27343322822459 ], [ -66.233207074858257, 52.262242025057994 ], [ -66.228798508945516, 52.263770508222947 ], [ -66.215682425112817, 52.259460845723808 ], [ -66.202466868562666, 52.247659767147461 ], [ -66.198466895640451, 52.239736336458243 ], [ -66.205549161012954, 52.236961219552619 ], [ -66.19921473743544, 52.23062799827774 ], [ -66.199264378941336, 52.224183319023687 ], [ -66.187743638794615, 52.223825067462556 ], [ -66.174655402986289, 52.213926411502229 ], [ -66.16893717022505, 52.218097915017395 ], [ -66.165662258177122, 52.234348253954956 ], [ -66.151118406536142, 52.233372693155601 ], [ -66.148395191701454, 52.228377659791498 ], [ -66.136394020382667, 52.227793683686592 ], [ -66.122620091838499, 52.2088989269702 ], [ -66.109283460676352, 52.20862042874672 ], [ -66.097611571742263, 52.200562304098803 ], [ -66.092751885814238, 52.182091941383163 ], [ -66.081224495395588, 52.176811302967131 ], [ -66.083206127761429, 52.171395678012026 ], [ -66.070005007917416, 52.149204792186815 ], [ -66.074927778440824, 52.13981357911301 ], [ -66.071260262369279, 52.134947568967135 ], [ -66.075067110612011, 52.133558517075357 ], [ -66.072875931809065, 52.123899022124064 ], [ -66.091650633839166, 52.107648639106131 ], [ -66.092314540168644, 52.09906519076322 ], [ -66.088904644005197, 52.097090810117393 ], [ -66.094730915177522, 52.089198855794038 ], [ -66.069928260871265, 52.100141631967425 ], [ -66.059392516629728, 52.097233438924171 ], [ -66.049486999179877, 52.088001976690229 ], [ -66.02206886625757, 52.086369173056724 ], [ -66.009588482817946, 52.079782894233034 ], [ -66.014566979845412, 52.0743112719694 ], [ -66.011952082841972, 52.069871861227099 ], [ -65.998452321722525, 52.07130824900004 ], [ -65.989928520084263, 52.056618380386368 ], [ -65.978728694373316, 52.053114712875015 ], [ -65.969366659432268, 52.060259432163889 ], [ -65.97175947018404, 52.06828546990959 ], [ -65.962844060179009, 52.07594658448668 ], [ -65.967889502121949, 52.085370138794957 ], [ -65.977457803144304, 52.087725929159177 ], [ -65.96859411131868, 52.097482551197956 ], [ -65.97244417987423, 52.108815020815712 ], [ -65.96000898275399, 52.107534012163065 ], [ -65.954699225670893, 52.10189233164327 ], [ -65.94297478304793, 52.105114714118493 ], [ -65.940803805615971, 52.098953958197654 ], [ -65.91660797431075, 52.094061318564684 ], [ -65.912063739267921, 52.086198121043068 ], [ -65.902810759501861, 52.084286986061052 ], [ -65.898087232044475, 52.07753029154658 ], [ -65.887641290039198, 52.088728979727826 ], [ -65.896833250844594, 52.098614866720837 ], [ -65.886192862187045, 52.107453424885087 ], [ -65.877779756505547, 52.109925473515837 ], [ -65.871551102715031, 52.12030994195301 ], [ -65.862413964671234, 52.116334105280664 ], [ -65.858693093186531, 52.119003869587821 ], [ -65.83622527474418, 52.120306774617255 ], [ -65.818283024787405, 52.112647784307171 ], [ -65.809975501378943, 52.124423914392466 ], [ -65.802688928649275, 52.124979510823444 ], [ -65.800166096039831, 52.121669872324929 ], [ -65.80360608009515, 52.11330574797924 ], [ -65.799366342919441, 52.109445426110177 ], [ -65.778300681081049, 52.103058989929004 ], [ -65.773530326114425, 52.114673410392236 ], [ -65.765108057513899, 52.116033169196541 ], [ -65.758992412317966, 52.108864563994388 ], [ -65.749352899477131, 52.110944408355103 ], [ -65.732934968396435, 52.08311275712915 ], [ -65.716963915971306, 52.099643889543295 ], [ -65.687080607950676, 52.104231088444251 ], [ -65.681994678300782, 52.10706487437588 ], [ -65.682558199810103, 52.110641208621253 ], [ -65.676581674396544, 52.117953716351877 ], [ -65.666078967131824, 52.121732044721021 ], [ -65.662551374336502, 52.115950504076302 ], [ -65.664354081867117, 52.111871171267076 ], [ -65.661449176739623, 52.100092267683969 ], [ -65.655463692153972, 52.09823105629156 ], [ -65.656190236449262, 52.092839547521699 ], [ -65.639265992377588, 52.083536252476826 ], [ -65.648716501504282, 52.079562031834151 ], [ -65.644707898143366, 52.071759517467228 ], [ -65.645799352078996, 52.067979449525026 ], [ -65.649889691057083, 52.067088810205583 ], [ -65.640136081817317, 52.060280427756304 ], [ -65.643325515261026, 52.054587434306328 ], [ -65.656351577685157, 52.050144815763225 ], [ -65.662806757690191, 52.042508179650397 ], [ -65.67653277540677, 52.04167188591682 ], [ -65.673687709629931, 52.036120917036158 ], [ -65.664531342770886, 52.035587260239573 ], [ -65.661311392676197, 52.032394056390956 ], [ -65.66744853225012, 52.018780053725585 ], [ -65.665949102463145, 52.016365321762585 ], [ -65.674284843542551, 52.012144199752754 ], [ -65.663390424260868, 51.997336294263789 ], [ -65.647163813558393, 51.990949246291287 ], [ -65.63421983738003, 51.997343472005397 ], [ -65.64294913298113, 52.006121036528711 ], [ -65.636780373665047, 52.010675858871856 ], [ -65.64022563915465, 52.013591136191856 ], [ -65.622821071321511, 52.02675501027565 ], [ -65.623491920773034, 52.034811039613864 ], [ -65.630047796589409, 52.038140274293895 ], [ -65.621049886583492, 52.040287170327325 ], [ -65.623178716183418, 52.04470100521381 ], [ -65.620985655361565, 52.048092690523418 ], [ -65.613241138018907, 52.047388767948298 ], [ -65.612957278440533, 52.042087675154249 ], [ -65.607546478937763, 52.043729614753367 ], [ -65.593298426203276, 52.037118163504864 ], [ -65.582398315840578, 52.03870104604578 ], [ -65.578796331588208, 52.034673767099612 ], [ -65.552477303443794, 52.039282757166795 ], [ -65.539067238886219, 52.044923720647219 ], [ -65.538756961983168, 52.047616609016991 ], [ -65.547168638805601, 52.050836857392319 ], [ -65.533759363678001, 52.057976852466382 ], [ -65.539641067921792, 52.067360953713568 ], [ -65.534679068480017, 52.069115371726404 ], [ -65.526182398600952, 52.081920222895427 ], [ -65.519514242435022, 52.085669778453969 ], [ -65.517959954362837, 52.093170575448127 ], [ -65.50346264544028, 52.096369899517896 ], [ -65.507797723055134, 52.110370074470495 ], [ -65.496276052136409, 52.122120663523035 ], [ -65.497773018537018, 52.125732864052232 ], [ -65.479689446584231, 52.133669088915283 ], [ -65.481961149237293, 52.143364011373933 ], [ -65.474830494289108, 52.154427126400407 ], [ -65.479463735801332, 52.158367699621152 ], [ -65.453969822854063, 52.16131613228994 ], [ -65.453709762287133, 52.170255192263795 ], [ -65.467636208122045, 52.175421888985525 ], [ -65.476574259921151, 52.172870332114734 ], [ -65.485022534767296, 52.175753676389633 ], [ -65.469907619713794, 52.191530964134046 ], [ -65.438638578130764, 52.198230223663892 ], [ -65.426464310111413, 52.205449152080178 ], [ -65.41271530042772, 52.203537056162801 ], [ -65.405905847038341, 52.209953629875919 ], [ -65.391150128530981, 52.211612860568046 ], [ -65.382368350314977, 52.220228305152744 ], [ -65.360247852663122, 52.223534378372456 ], [ -65.351156167379841, 52.220943089820246 ], [ -65.349213035697815, 52.228058014899339 ], [ -65.332033736331411, 52.230753161613471 ], [ -65.344409081853897, 52.240142365865943 ], [ -65.32748028863297, 52.245137189502245 ], [ -65.315504710100598, 52.245337530174744 ], [ -65.3058917288473, 52.241168532629999 ], [ -65.298278218462187, 52.251502420483249 ], [ -65.278122077139599, 52.254724917632018 ], [ -65.267229561961159, 52.279137388397679 ], [ -65.258429147209881, 52.276639549571854 ], [ -65.249526807825291, 52.281559421245383 ], [ -65.244416966287886, 52.276163929601474 ], [ -65.234447239965306, 52.275973998757792 ], [ -65.245618335889304, 52.267279077786903 ], [ -65.246531416273271, 52.264026000777413 ], [ -65.243368924548577, 52.261417390100981 ], [ -65.227316201820145, 52.263637758862423 ], [ -65.214507647334898, 52.256222375342332 ], [ -65.20530606118794, 52.263221043999962 ], [ -65.199206795026399, 52.261146031440838 ], [ -65.201805490416476, 52.245944152040614 ], [ -65.213141675487563, 52.222468746082569 ], [ -65.208317687360491, 52.201053272430492 ], [ -65.200058953875001, 52.198858830099724 ], [ -65.182919030675947, 52.20663851571166 ], [ -65.170255507583718, 52.195305522504988 ], [ -65.182281653273023, 52.188778235880072 ], [ -65.174387450819012, 52.178023270757372 ], [ -65.169701364726151, 52.156474564578993 ], [ -65.14208402381999, 52.147110576001452 ], [ -65.136058760929529, 52.135526910323783 ], [ -65.144719860895307, 52.130390170185848 ], [ -65.158700348358138, 52.134328683305469 ], [ -65.154697264066058, 52.112498055358259 ], [ -65.147779730799058, 52.108779528791416 ], [ -65.146617866135799, 52.104582355622014 ], [ -65.127260130283133, 52.104358890260585 ], [ -65.109815022239601, 52.118973774689877 ], [ -65.106535010089132, 52.135472084535536 ], [ -65.096442065249008, 52.152690721955167 ], [ -65.095502493477753, 52.161191053616697 ], [ -65.100636720212947, 52.167637604125488 ], [ -65.086999591073464, 52.166806848905061 ], [ -65.084247498289031, 52.156166379710676 ], [ -65.065523635433792, 52.148383493452961 ], [ -65.059532270516712, 52.137748990397469 ], [ -65.023693640227592, 52.139249345094939 ], [ -65.007698736395241, 52.124691123516882 ], [ -64.98425735244119, 52.112472333687045 ], [ -64.971803013766674, 52.112476040992853 ], [ -64.956701528024226, 52.105817900364968 ], [ -64.942289621283564, 52.08643153562538 ], [ -64.943209609790813, 52.078765336089923 ], [ -64.931712521743947, 52.066623563613355 ], [ -64.919535282261762, 52.065103623175197 ], [ -64.904677634653069, 52.055292935856855 ], [ -64.908603798632754, 52.049133826953749 ], [ -64.906129612197944, 52.045292683714727 ], [ -64.868566154140979, 52.042658282037983 ], [ -64.853789382179997, 52.037491841557994 ], [ -64.845400311363292, 52.038772386379357 ], [ -64.835181190701917, 52.03474532412524 ], [ -64.835156795321041, 52.028271429930967 ], [ -64.825425099224859, 52.028379827287154 ], [ -64.830125954311015, 52.019467767787567 ], [ -64.821978618775574, 52.01640596338266 ], [ -64.817154865804397, 52.006405977533291 ], [ -64.806002965789801, 52.004458580924229 ], [ -64.815683688220901, 51.998926469433258 ], [ -64.814723545299628, 51.995569615918221 ], [ -64.82328979843534, 51.984597234073448 ], [ -64.84198950906648, 51.976380575055188 ], [ -64.827066932955148, 51.969819505216883 ], [ -64.827734437165731, 51.964767286843291 ], [ -64.820600180396255, 51.959570767610074 ], [ -64.810727504841864, 51.957208619635573 ], [ -64.813085902512469, 51.948405435180291 ], [ -64.806446121727092, 51.944981763312541 ], [ -64.80164469148302, 51.935537271555305 ], [ -64.773391814112983, 51.918475131898177 ], [ -64.777992914974234, 51.915637747884453 ], [ -64.777115795474302, 51.911563048715827 ], [ -64.751361492957329, 51.901720479204492 ], [ -64.73087670889069, 51.886502652107772 ], [ -64.715692825256056, 51.885948406100461 ], [ -64.704192767833831, 51.878669464383776 ], [ -64.712803497250675, 51.872173306808904 ], [ -64.727471479008287, 51.867894990589093 ], [ -64.725000888771504, 51.863311830539303 ], [ -64.730779833513495, 51.849536116168863 ], [ -64.752810047037713, 51.845315418754844 ], [ -64.754328289076483, 51.838508329671008 ], [ -64.747336797601463, 51.836207643212475 ], [ -64.741252560389015, 51.824510395869702 ], [ -64.751555029916972, 51.815565141446875 ], [ -64.763564077581108, 51.81284412883452 ], [ -64.774174447461107, 51.804729186965588 ], [ -64.767419817593847, 51.794478925926548 ], [ -64.770225454774035, 51.790982563376716 ], [ -64.781832608539304, 51.790148826225639 ], [ -64.780109338902207, 51.780173694720574 ], [ -64.763979001983955, 51.780231785153426 ], [ -64.768004153487325, 51.775005284916617 ], [ -64.767007742102379, 51.767561458605165 ], [ -64.759753093888449, 51.759429246673129 ], [ -64.737999529673885, 51.765452010253455 ], [ -64.726948082013834, 51.757373878672205 ], [ -64.709551569475565, 51.75792752918391 ], [ -64.696884558858756, 51.754652755728515 ], [ -64.698774944513403, 51.750289768608255 ], [ -64.710143579962576, 51.74617944490064 ], [ -64.69899280789285, 51.736060506657353 ], [ -64.706970403759911, 51.731256113913702 ], [ -64.691195055688794, 51.728395834509406 ], [ -64.697170272416074, 51.721400983951021 ], [ -64.680637412539866, 51.719649338873559 ], [ -64.687637027503001, 51.711537978808472 ], [ -64.6864453847014, 51.708176808617111 ], [ -64.674473782463835, 51.712700151028557 ], [ -64.673503024837885, 51.701144213220488 ], [ -64.636435806780611, 51.707892449794706 ], [ -64.632612551858472, 51.706233974301327 ], [ -64.64091526029479, 51.694287373328869 ], [ -64.633907772707332, 51.691590380279244 ], [ -64.634360015254728, 51.687175172206551 ], [ -64.630378324239771, 51.686282867945422 ], [ -64.633237934880611, 51.68014494047825 ], [ -64.63083156693439, 51.675920545629012 ], [ -64.615155660727396, 51.673395350207976 ], [ -64.617190712330412, 51.669453713346371 ], [ -64.611221152345621, 51.663363401222512 ], [ -64.613962800711434, 51.659309006467232 ], [ -64.607708496707659, 51.651389460384777 ], [ -64.62371831732311, 51.647533342218267 ], [ -64.61606853542564, 51.641614126337203 ], [ -64.620958790106556, 51.632973693225402 ], [ -64.612076898245135, 51.62839384572387 ], [ -64.604961690336026, 51.628921177144676 ], [ -64.600735164454463, 51.637697238072768 ], [ -64.590747418573017, 51.626275830391982 ], [ -64.58967810366984, 51.618328694842106 ], [ -64.582383947193705, 51.614833435656244 ], [ -64.581936122281931, 51.608965502290687 ], [ -64.574266382051917, 51.607269793401336 ], [ -64.570455250233024, 51.600354277352785 ], [ -64.560047187539382, 51.594659637914106 ], [ -64.557349955835178, 51.580882387914563 ], [ -64.551571142304084, 51.576965214113805 ], [ -64.546378043770048, 51.578940530388813 ], [ -64.546090470747814, 51.589221928843017 ], [ -64.537348684889992, 51.588610767395728 ], [ -64.520574635390687, 51.604307509358435 ], [ -64.488011420035292, 51.614035294499217 ], [ -64.464062362685596, 51.627030062792187 ], [ -64.457649050489934, 51.626111768500586 ], [ -64.44956639499425, 51.629619483817521 ], [ -64.447538665323179, 51.639003357738936 ], [ -64.438953586223704, 51.65103502551478 ], [ -64.433788732739004, 51.653393988922041 ], [ -64.437895752400834, 51.663369386286632 ], [ -64.432232675521433, 51.666533928764999 ], [ -64.426866010874988, 51.681921912377511 ], [ -64.387727370290207, 51.664253383029276 ], [ -64.36006496504163, 51.673190712243887 ], [ -64.3467299313605, 51.668577866572804 ], [ -64.347889320863786, 51.66366334294927 ], [ -64.34020836624407, 51.665598375210259 ], [ -64.338033482009436, 51.671996155209612 ], [ -64.325359143752479, 51.682574028108561 ], [ -64.330944346482866, 51.692854751811126 ], [ -64.327112196621485, 51.702694321565311 ], [ -64.321578439538257, 51.704780280314665 ], [ -64.298032102534819, 51.702448196780317 ], [ -64.313974350442393, 51.711613009966911 ], [ -64.29788777747558, 51.713618031261447 ], [ -64.300250269530679, 51.723813563240789 ], [ -64.286169720806868, 51.72789882165327 ], [ -64.278551166692793, 51.737427375709565 ], [ -64.278252245017001, 51.747428499002929 ], [ -64.297167335803437, 51.745150843246449 ], [ -64.300105929070341, 51.754536888806655 ], [ -64.307552337741413, 51.755922342276371 ], [ -64.305199840931863, 51.775286058338367 ], [ -64.311781808649613, 51.777621123005183 ], [ -64.305633161119829, 51.78223416564294 ], [ -64.310531925453375, 51.790539568614889 ], [ -64.296947526252282, 51.798453958170072 ], [ -64.304161233142807, 51.800036318475854 ], [ -64.305777979730976, 51.806175196273216 ], [ -64.315744718255232, 51.807315375768646 ], [ -64.318853297741043, 51.812289396588469 ], [ -64.337387822790831, 51.818534418463607 ], [ -64.343023388796425, 51.825980200792799 ], [ -64.342636903331282, 51.841590023611573 ], [ -64.357562459467772, 51.848143309607856 ], [ -64.356582179352401, 51.854333032837609 ], [ -64.35956518142045, 51.8576085895562 ], [ -64.356801596448847, 51.859723630471912 ], [ -64.361087539808693, 51.865001019289899 ], [ -64.354814569263297, 51.870113918108622 ], [ -64.3536672335471, 51.890329602950267 ], [ -64.345501731272421, 51.890777855501504 ], [ -64.350139224811599, 51.897277146216439 ], [ -64.345305403701417, 51.906026518433904 ], [ -64.348055988555799, 51.915435246489587 ], [ -64.363056152518169, 51.930768534903507 ], [ -64.343111603969362, 51.934883975009427 ], [ -64.354841001506202, 51.945049919239651 ], [ -64.346552515727325, 51.949630875767987 ], [ -64.345694795096904, 51.952325831475704 ], [ -64.352307325304594, 51.956826787683227 ], [ -64.34450714078703, 51.965602799393359 ], [ -64.346080019111881, 51.971602287480032 ], [ -64.35949562007697, 51.974773924167103 ], [ -64.363974747238203, 51.980967717120684 ], [ -64.341284608532717, 51.986685454744986 ], [ -64.365860049613545, 52.006219247502727 ], [ -64.359415967136727, 52.00391379579164 ], [ -64.336887617573524, 52.009268966088129 ], [ -64.318281585129142, 52.007019742136073 ], [ -64.316494621812225, 52.004771003782544 ], [ -64.31955314629765, 51.998217862772982 ], [ -64.313335382645718, 51.991961330874204 ], [ -64.307744666496149, 51.991687923566381 ], [ -64.302695402659623, 51.985440130086182 ], [ -64.294395292457182, 51.986490001546123 ], [ -64.289363856192637, 51.983632711790904 ], [ -64.28752871501122, 51.978052909472368 ], [ -64.277921518549576, 51.973159294187724 ], [ -64.263360623341711, 51.978911842484997 ], [ -64.254163024882402, 51.972326009912017 ], [ -64.243658436250271, 51.976078691309226 ], [ -64.234165225661442, 51.975441566407085 ], [ -64.232219482565625, 51.982827669934295 ], [ -64.237802683151983, 51.983769247114878 ], [ -64.247855910071038, 51.993274206584942 ], [ -64.255104320188465, 52.007911115130163 ], [ -64.262047836871105, 52.015715014758307 ], [ -64.269580743878663, 52.018886245203433 ], [ -64.268800138922842, 52.026919033666744 ], [ -64.276410599229479, 52.030443425277134 ], [ -64.283372364262846, 52.04055822181855 ], [ -64.274324034060811, 52.046169715704437 ], [ -64.285270708354957, 52.053615386576411 ], [ -64.292157170224897, 52.071442429248968 ], [ -64.2887042848036, 52.076725931582672 ], [ -64.296200434400276, 52.082114808480419 ], [ -64.288452221490886, 52.082813204319791 ], [ -64.284758414404763, 52.077975909679296 ], [ -64.274830783595107, 52.082089927835405 ], [ -64.265998996334943, 52.07725937021597 ], [ -64.250935998987629, 52.082791060028264 ], [ -64.259411956738802, 52.098147578613627 ], [ -64.251693404986625, 52.10290103864336 ], [ -64.259697277016684, 52.110014450737239 ], [ -64.254661907336398, 52.121178465209191 ], [ -64.257494505112803, 52.126507809203112 ], [ -64.244878702413914, 52.126539018940846 ], [ -64.243017370923369, 52.129601106106406 ], [ -64.255573918333596, 52.14390345293274 ], [ -64.254078730676753, 52.149239412405322 ], [ -64.245098998276532, 52.150706615053828 ], [ -64.23744212883031, 52.140461131264118 ], [ -64.213996908741152, 52.138541191034875 ], [ -64.208072357621177, 52.130928254191097 ], [ -64.19627059686114, 52.130875588678656 ], [ -64.173373097850089, 52.117649837453776 ], [ -64.165824179955052, 52.120346158222375 ], [ -64.172684142139175, 52.124210452205318 ], [ -64.175344284349435, 52.134066484447018 ], [ -64.170850283569209, 52.141708812165021 ], [ -64.162458648763504, 52.142541205435606 ], [ -64.163799352897129, 52.148153451328255 ], [ -64.185762426454588, 52.159321362487745 ], [ -64.199433444018226, 52.174958170649909 ], [ -64.198911025943957, 52.186615813543042 ], [ -64.202810585454429, 52.196338977173902 ], [ -64.213283872755099, 52.203919376023407 ], [ -64.213650942795724, 52.216949312045948 ], [ -64.219489736729827, 52.22391845169065 ], [ -64.218791339333777, 52.228059254564783 ], [ -64.224349595069768, 52.226444302838956 ], [ -64.227619943504976, 52.220894345474804 ], [ -64.233043359697348, 52.221917055615485 ], [ -64.228659332449269, 52.233720192524942 ], [ -64.22207858571403, 52.236276349975228 ], [ -64.232827648239919, 52.246249820090128 ], [ -64.223774047556759, 52.252470072171143 ], [ -64.224571653519135, 52.257442933181906 ], [ -64.230804448852055, 52.260770063389643 ], [ -64.239100374361271, 52.259550029462531 ], [ -64.243301965504315, 52.267998436096462 ], [ -64.254402520543593, 52.277472459944654 ], [ -64.250300499134966, 52.281662578768056 ], [ -64.237047028324483, 52.281773764648463 ], [ -64.239885366602564, 52.288189700139334 ], [ -64.230472453517251, 52.29310723381009 ], [ -64.225909717727845, 52.287610453366412 ], [ -64.220437434010989, 52.287025567232675 ], [ -64.21999623912015, 52.283687931527915 ], [ -64.208576069611624, 52.284994945941065 ], [ -64.207637712311779, 52.29144398802228 ], [ -64.213050508400059, 52.297413158246378 ], [ -64.219021040119529, 52.296078390576703 ], [ -64.23030132378824, 52.303970588825045 ], [ -64.222526123507677, 52.315356429642158 ], [ -64.208213049253828, 52.314714033239341 ], [ -64.198274493199747, 52.306640022159051 ], [ -64.196275479386401, 52.296305516535931 ], [ -64.190551046821767, 52.292417085222006 ], [ -64.186489848735761, 52.303244102427897 ], [ -64.190218160761034, 52.309054857605886 ], [ -64.174299705139504, 52.306805512540151 ], [ -64.166353993051018, 52.309853424504567 ], [ -64.164798794380161, 52.313162769060639 ], [ -64.168930503942477, 52.319495976887282 ], [ -64.176016766550603, 52.323304887911277 ], [ -64.172101445291432, 52.326854792126149 ], [ -64.186456889550072, 52.329804488210982 ], [ -64.190496457799767, 52.334297700297689 ], [ -64.181681557589002, 52.339473944680293 ], [ -64.160127805657851, 52.335829730964733 ], [ -64.166675897724502, 52.348165512596722 ], [ -64.167256993773208, 52.368009750069071 ], [ -64.153800853441112, 52.362223106928298 ], [ -64.134184055394911, 52.367845979555035 ], [ -64.132244091719656, 52.372089528604086 ], [ -64.134819532555909, 52.37831420374426 ], [ -64.123434686273228, 52.386765290751171 ], [ -64.126066482461823, 52.390404483487146 ], [ -64.114683571894574, 52.391877072432465 ], [ -64.114087785881523, 52.396291301171537 ], [ -64.121374185593794, 52.404679138961278 ], [ -64.106645406012589, 52.409123449565669 ], [ -64.115036762801211, 52.419262892586623 ], [ -64.126227598866777, 52.420909626001496 ], [ -64.136929853583808, 52.43062406723265 ], [ -64.129002319715369, 52.440630056481503 ], [ -64.138894436289007, 52.441765254931489 ], [ -64.136922827805847, 52.450735460990735 ], [ -64.14486162515874, 52.462127377024323 ], [ -64.142720735491167, 52.468437470209864 ], [ -64.148482539516948, 52.482101081943739 ], [ -64.148811378600016, 52.494827007319238 ], [ -64.158954511078832, 52.500071452151431 ], [ -64.154453204523989, 52.513634607259554 ], [ -64.149169566169576, 52.517605961221882 ], [ -64.175420246952683, 52.531324065897053 ], [ -64.175646982019103, 52.533653400104775 ], [ -64.164452902102738, 52.53643523712018 ], [ -64.168868542278759, 52.541826067496466 ], [ -64.178239893273158, 52.544236250073688 ], [ -64.185569538361307, 52.551711415534378 ], [ -64.194070128839485, 52.553208075923983 ], [ -64.208602918639798, 52.563178308629801 ], [ -64.210725880306583, 52.570116125222498 ], [ -64.232483822807026, 52.583173356831935 ], [ -64.198376738866813, 52.578348962319559 ], [ -64.207779764925817, 52.585233531250687 ], [ -64.209190145525199, 52.590537748688881 ], [ -64.202497999795426, 52.59214499176381 ], [ -64.199104334233013, 52.597148515634345 ], [ -64.174597859630623, 52.584597805298671 ], [ -64.166889961087207, 52.5947130581728 ], [ -64.169596436601964, 52.600850229772128 ], [ -64.158850178629365, 52.605926359468754 ], [ -64.171384227615562, 52.614954521758136 ], [ -64.170075099758051, 52.623450455232174 ], [ -64.176243648068365, 52.624318951819411 ], [ -64.161020770421686, 52.627481437910518 ], [ -64.158556983087877, 52.635869297612523 ], [ -64.151396299005455, 52.644112706500927 ], [ -64.157499109425871, 52.64989513820165 ], [ -64.156618891385108, 52.655534573925799 ], [ -64.170002358586686, 52.656170181691159 ], [ -64.16742190090136, 52.660032275570003 ], [ -64.175840417497838, 52.67219270259362 ], [ -64.168950220249783, 52.678247438336392 ], [ -64.15659724864733, 52.674865124678867 ], [ -64.13914675428137, 52.678803174160983 ], [ -64.137622566755098, 52.6803320319652 ], [ -64.141598498172087, 52.683302051789461 ], [ -64.1256806078556, 52.685584668535398 ], [ -64.124034621117417, 52.695277176556466 ], [ -64.128349463988783, 52.701551900529957 ], [ -64.139400699579369, 52.706144106727997 ], [ -64.15037905631992, 52.716779368392096 ], [ -64.141341229365111, 52.721474306342046 ], [ -64.149100786249036, 52.72958873773792 ], [ -64.126089559859594, 52.735057407925318 ], [ -64.102981509670457, 52.734226155038677 ], [ -64.090616732652435, 52.738108185754818 ], [ -64.083588302616903, 52.735973355155153 ], [ -64.080483724389182, 52.740609445661583 ], [ -64.068286497531531, 52.7353308739659 ], [ -64.068419179719726, 52.728111322909783 ], [ -64.054169765180959, 52.724108701912115 ], [ -64.035527864912979, 52.728553150180652 ], [ -64.041860977290114, 52.737165099675067 ], [ -64.033142766315251, 52.741193831740766 ], [ -64.021141513571223, 52.736279237683213 ], [ -64.008979990702812, 52.740476670264961 ], [ -63.997420763020209, 52.73455560650487 ], [ -63.994640185946182, 52.727970055114866 ], [ -63.98778997366324, 52.725641196302192 ], [ -63.965918322072071, 52.728556076717133 ], [ -63.964673346489242, 52.731193111353626 ], [ -63.937672870160483, 52.730470281507309 ], [ -63.919587781931163, 52.737001780293745 ], [ -63.929357257382605, 52.745694026362969 ], [ -63.919868222213964, 52.748384957283996 ], [ -63.926087136225235, 52.753752576649639 ], [ -63.925163146764824, 52.756637880259589 ], [ -63.911052430478207, 52.757030983451102 ], [ -63.888889194371153, 52.750697042207626 ], [ -63.886887112613444, 52.755696971532473 ], [ -63.901673429937389, 52.763725542791121 ], [ -63.894527517709477, 52.766141147307465 ], [ -63.885246076712221, 52.763806513031831 ], [ -63.874063107787784, 52.776083126374999 ], [ -63.867170912690788, 52.77291890590719 ], [ -63.853644511796681, 52.77536498113637 ], [ -63.846658166178287, 52.769112285013868 ], [ -63.837946103002132, 52.768086839152488 ], [ -63.824020264980796, 52.759885803864968 ], [ -63.813911283615575, 52.760804415026932 ], [ -63.80680895093019, 52.766085258251039 ], [ -63.780490231296213, 52.768194673565731 ], [ -63.775657626694937, 52.775085528255687 ], [ -63.765001028495668, 52.775524114179092 ], [ -63.762329714781309, 52.772777417329287 ], [ -63.758779346060187, 52.775614012522666 ], [ -63.751356428075965, 52.768613772611083 ], [ -63.722768781618562, 52.773224710321607 ], [ -63.721824565078684, 52.776162634998165 ], [ -63.734683940598231, 52.779747808458794 ], [ -63.736935119947432, 52.783301566009726 ], [ -63.732851996526385, 52.788744817013104 ], [ -63.717774227747839, 52.786973854602792 ], [ -63.717294998528153, 52.790753382925956 ], [ -63.722440899649122, 52.796140395527637 ], [ -63.719850711454662, 52.802053032607503 ], [ -63.696767616991082, 52.804495647967215 ], [ -63.696849932111782, 52.80991993889414 ], [ -63.702601494173578, 52.812470848242413 ], [ -63.700520459012274, 52.814696162556217 ], [ -63.688214334772901, 52.814416557646716 ], [ -63.689597955162036, 52.810889761509465 ], [ -63.685769673223895, 52.807274962940035 ], [ -63.667210523682378, 52.811114582567043 ], [ -63.660356945694851, 52.809693700820958 ], [ -63.641377483104129, 52.827666982264972 ], [ -63.643409869604, 52.832246212904685 ], [ -63.637573416060327, 52.833139659022123 ], [ -63.653622601292433, 52.84105361510283 ], [ -63.668818659956351, 52.843385049795955 ], [ -63.681771910659663, 52.850779979467731 ], [ -63.670379802191, 52.855499044919846 ], [ -63.66444187276003, 52.851444994550782 ], [ -63.652371834251248, 52.852083805115576 ], [ -63.645825169341983, 52.84488859535788 ], [ -63.632655019098557, 52.845334537070592 ], [ -63.613510380883966, 52.839528859214937 ], [ -63.609428848127735, 52.853804822914952 ], [ -63.621038654784478, 52.855027127420719 ], [ -63.625957785559407, 52.85955230332312 ], [ -63.617681043865026, 52.864997875986859 ], [ -63.626071105339982, 52.872385233714759 ], [ -63.618178162315495, 52.88422341933299 ], [ -63.600226918671467, 52.885415229944208 ], [ -63.60035588931008, 52.893556489575175 ], [ -63.608175797043948, 52.901221921647569 ], [ -63.602670489474924, 52.912387133951007 ], [ -63.602974195343769, 52.918722017963454 ], [ -63.59532501780032, 52.920916000332625 ], [ -63.594879082339794, 52.925334178334118 ], [ -63.584244388708633, 52.930083325054724 ], [ -63.566662290988383, 52.9323331550776 ], [ -63.574491235143981, 52.938328101114962 ], [ -63.568079163820848, 52.94466513475161 ], [ -63.54874046984802, 52.939272712901882 ], [ -63.526633775237798, 52.950357722947743 ], [ -63.517826786204807, 52.950332332904274 ], [ -63.51195482591379, 52.956360523284296 ], [ -63.504877394983907, 52.956413868012397 ], [ -63.502265356218061, 52.950716209640674 ], [ -63.487963362713366, 52.953689127191524 ], [ -63.484322815961036, 52.949188243782459 ], [ -63.473704583335852, 52.953048963208659 ], [ -63.4649314659247, 52.94791505209146 ], [ -63.446844960412811, 52.94488251284114 ], [ -63.450073721713622, 52.93982520861293 ], [ -63.445320901953707, 52.934276766622425 ], [ -63.451713708232049, 52.925023456787443 ], [ -63.467981133225678, 52.920824396623132 ], [ -63.480992809349615, 52.90451979477217 ], [ -63.470681722724947, 52.904575211082793 ], [ -63.472147322420362, 52.899103532239224 ], [ -63.46087980896997, 52.881551639721309 ], [ -63.450604485092327, 52.884968706212796 ], [ -63.447691948608352, 52.890132482260327 ], [ -63.437517231014937, 52.888187442866261 ], [ -63.434826990500206, 52.881547659483473 ], [ -63.42634702085784, 52.890549390318455 ], [ -63.415516181098091, 52.891355672803051 ], [ -63.41277036610024, 52.886278270860387 ], [ -63.396742472082444, 52.886938785198254 ], [ -63.397523907632895, 52.880910572232089 ], [ -63.402666207022541, 52.876825586441747 ], [ -63.401772166465307, 52.871915535874685 ], [ -63.381536104509713, 52.866052971227681 ], [ -63.391026611427442, 52.861996763097942 ], [ -63.393277588963358, 52.856917163729335 ], [ -63.38097834898047, 52.855251481365151 ], [ -63.37894807738315, 52.849472473101336 ], [ -63.366666606231888, 52.848938720865803 ], [ -63.388450370793358, 52.837468206529969 ], [ -63.368178297201425, 52.83091746618328 ], [ -63.355344890271532, 52.836998979456979 ], [ -63.34420584686243, 52.830993553213624 ], [ -63.341758311954905, 52.823078388669273 ], [ -63.334359443243947, 52.822914858534645 ], [ -63.330874717152767, 52.817606145772693 ], [ -63.329511857641165, 52.821940802212957 ], [ -63.323675857714434, 52.824744957718984 ], [ -63.318055559003881, 52.821913125854692 ], [ -63.31222906879966, 52.815131536313118 ], [ -63.318110676025483, 52.810971763012176 ], [ -63.314483407521351, 52.804495410125867 ], [ -63.298892472629412, 52.798888388690472 ], [ -63.298477834274877, 52.791662317116952 ], [ -63.288896324108755, 52.780723356643747 ], [ -63.290786374363471, 52.773466919285461 ], [ -63.296449535517155, 52.770276145781253 ], [ -63.309095444749573, 52.77649332819469 ], [ -63.317920310689161, 52.775969451134621 ], [ -63.31581542830191, 52.769248417032827 ], [ -63.307445614943219, 52.760299381987686 ], [ -63.281317237364782, 52.750659692139713 ], [ -63.275785709138347, 52.738853791692392 ], [ -63.244250788722162, 52.720526072881647 ], [ -63.220586448748406, 52.7229138894999 ], [ -63.207218811946163, 52.744020093872045 ], [ -63.189584523639702, 52.759021125913122 ], [ -63.189168960740837, 52.765214847266535 ], [ -63.182753706116443, 52.773801461955976 ], [ -63.182827128099824, 52.781414438969605 ], [ -63.172642088227597, 52.799000023748782 ], [ -63.162282901490684, 52.799611281696755 ], [ -63.155004192942187, 52.796520327656282 ], [ -63.161725287150773, 52.802495869896241 ], [ -63.164948876948557, 52.811582553139715 ], [ -63.154721633405792, 52.817445018324946 ], [ -63.139500451429626, 52.803553049338348 ], [ -63.127298635515999, 52.805276182606853 ], [ -63.122919585270047, 52.796133981743033 ], [ -63.114079195170959, 52.792380763340354 ], [ -63.095574621428945, 52.790582221642097 ], [ -63.065043392242387, 52.79382843072915 ], [ -63.052017860066279, 52.774880648117907 ], [ -63.040225091757293, 52.775078709242223 ], [ -63.037477607563915, 52.780964870863507 ], [ -63.019172159743633, 52.780741087798553 ], [ -63.005519069281554, 52.772853488803058 ], [ -63.005054910902906, 52.768626279721779 ], [ -62.984544787876757, 52.767322323035764 ], [ -62.978777031084704, 52.761298414080208 ], [ -62.965327073093484, 52.758626615543143 ], [ -62.937405644556435, 52.764857179844483 ], [ -62.933161190289567, 52.770352086836674 ], [ -62.938152666088094, 52.773239538286859 ], [ -62.935775192412478, 52.781492646595147 ], [ -62.940935620376628, 52.788078066251934 ], [ -62.933628037478215, 52.794967121285779 ], [ -62.913623082048268, 52.787327790936693 ], [ -62.895243729799112, 52.786794007225659 ], [ -62.890724786437993, 52.792767179622977 ], [ -62.882027540850331, 52.792189288367474 ], [ -62.873029358756213, 52.797739006032671 ], [ -62.852400886992335, 52.79421173965936 ], [ -62.839121455617139, 52.798519581067708 ], [ -62.804260860845915, 52.800073717918259 ], [ -62.791629965486322, 52.797268481741895 ], [ -62.783268408598758, 52.789134410153579 ], [ -62.754422289783257, 52.797190761805972 ], [ -62.736817693422864, 52.784691414562374 ], [ -62.724401139047721, 52.787020915868318 ], [ -62.711736230081094, 52.77915693935411 ], [ -62.66634313145267, 52.775988679178283 ], [ -62.665003074637333, 52.777711157126305 ], [ -62.673849394075674, 52.781490734577943 ], [ -62.675509194150024, 52.787355180103276 ], [ -62.694730942919463, 52.793522388708027 ], [ -62.675781015627592, 52.796767142616673 ], [ -62.678199883877667, 52.800461743590013 ], [ -62.695232323856487, 52.805575243910532 ], [ -62.694484740721606, 52.813271625323559 ], [ -62.655588154915385, 52.80646213808172 ], [ -62.650319662258951, 52.799100534770481 ], [ -62.636958306445088, 52.796353826218876 ], [ -62.628638325906088, 52.799578684311541 ], [ -62.610067672915321, 52.799910941319673 ], [ -62.599343403237995, 52.805910454276081 ], [ -62.62039417271275, 52.814022354663379 ], [ -62.604512769008174, 52.822547549461852 ], [ -62.63047165250228, 52.82299644605866 ], [ -62.632567492812029, 52.834161058085918 ], [ -62.637705254939469, 52.830714766226002 ], [ -62.660014775205219, 52.833879993744944 ], [ -62.656391426942051, 52.842156497225105 ], [ -62.663708106476129, 52.844577659757924 ], [ -62.654089299476979, 52.850518981892627 ], [ -62.654534029433044, 52.853631218309999 ], [ -62.670679268995436, 52.856184100969664 ], [ -62.669306437083122, 52.859605870773514 ], [ -62.672593495792285, 52.86205384157666 ], [ -62.685838615887342, 52.857913185990824 ], [ -62.704170740996553, 52.863692085062638 ], [ -62.706171221122894, 52.871410585618037 ], [ -62.684508063700818, 52.875545520056747 ], [ -62.668096344043946, 52.886910144068061 ], [ -62.68067193477161, 52.889803366467937 ], [ -62.700526317366034, 52.88482676900572 ], [ -62.700523091373903, 52.889020346975833 ], [ -62.707636031832884, 52.895079238510938 ], [ -62.720837082483492, 52.897239284416209 ], [ -62.719604645753328, 52.902630478512968 ], [ -62.711691115372368, 52.903274909282473 ], [ -62.702743992430563, 52.909078188202884 ], [ -62.715405691088264, 52.91499615194374 ], [ -62.725940387381044, 52.914824891080045 ], [ -62.722219381451808, 52.923465780828273 ], [ -62.697860448554181, 52.931436375156778 ], [ -62.700468209848772, 52.937299360741584 ], [ -62.677227910505771, 52.932157792851172 ], [ -62.66431574263023, 52.936497449204261 ], [ -62.641086915389444, 52.935443821517445 ], [ -62.634001167551112, 52.927906950251263 ], [ -62.604254891919894, 52.92385793091762 ], [ -62.603277193239514, 52.915684072617069 ], [ -62.58931543481615, 52.903073755017871 ], [ -62.594360306630165, 52.899246454474252 ], [ -62.586442789365599, 52.894770532466438 ], [ -62.571395418061705, 52.898328178209447 ], [ -62.558470630954488, 52.905797875083195 ], [ -62.561693825235778, 52.909937702042669 ], [ -62.557299668206355, 52.913018768360104 ], [ -62.528541909463385, 52.915489758648661 ], [ -62.521266175139978, 52.904910415404544 ], [ -62.522266115406126, 52.897409377658256 ], [ -62.502935496207719, 52.880600190394539 ], [ -62.49562727910476, 52.878133858134724 ], [ -62.488820841184371, 52.88554483864543 ], [ -62.465314755816266, 52.883684465261467 ], [ -62.464287274900457, 52.894884066619404 ], [ -62.457407570151226, 52.89004725202237 ], [ -62.457409477774739, 52.878661269002642 ], [ -62.444155431386342, 52.86537888439414 ], [ -62.444494813714805, 52.86154670453292 ], [ -62.454375589232342, 52.857579077656148 ], [ -62.456267408993661, 52.848294755121287 ], [ -62.475028050623351, 52.843719422785021 ], [ -62.478864010091385, 52.832964121832639 ], [ -62.508301154034164, 52.835579007334466 ], [ -62.501940972565997, 52.816849310016529 ], [ -62.483001064792873, 52.810660426605942 ], [ -62.480277279492675, 52.804989628552974 ], [ -62.468805823111943, 52.800879427029834 ], [ -62.486246213377989, 52.789356573142321 ], [ -62.46185761037929, 52.775628694712751 ], [ -62.436414646279225, 52.768295930140994 ], [ -62.397250635479395, 52.765240827434575 ], [ -62.372227327986934, 52.757964314001988 ], [ -62.368389241585255, 52.75557214507338 ], [ -62.373245786649917, 52.749742120436622 ], [ -62.370717567507668, 52.745879961749807 ], [ -62.315221390590182, 52.734545634790734 ], [ -62.310023499848995, 52.73871412946427 ], [ -62.321052613622356, 52.744714630705538 ], [ -62.317245901872091, 52.750075102404409 ], [ -62.297027584216593, 52.754879830525987 ], [ -62.272352772963593, 52.75429508932757 ], [ -62.253914541068774, 52.751097240907953 ], [ -62.239101613272638, 52.738626541344921 ], [ -62.20340937965512, 52.739819808814616 ], [ -62.177177479183484, 52.736075046506741 ], [ -62.175265158949102, 52.73890216204164 ], [ -62.178264391910005, 52.753930682711918 ], [ -62.159519245479991, 52.762993361611642 ], [ -62.155962115839493, 52.772049485234021 ], [ -62.158433408454414, 52.779686069443159 ], [ -62.133477595632144, 52.776797524170497 ], [ -62.087181133192324, 52.759934706556479 ], [ -62.075979511907043, 52.749928751347085 ], [ -62.022365081643727, 52.739652609307598 ], [ -61.962017843609061, 52.710705569215811 ], [ -61.945880240695033, 52.705877546680178 ], [ -61.938291606121332, 52.698545409204968 ], [ -61.90895510755503, 52.696320433540244 ], [ -61.9046565161822, 52.693315318825711 ], [ -61.911041281147149, 52.68634417174065 ], [ -61.906901548801265, 52.676095697531743 ], [ -61.909075779127285, 52.670566847741796 ], [ -61.886855288163837, 52.658373607688652 ], [ -61.863188846373248, 52.650371408990594 ], [ -61.866054555598517, 52.640813888978222 ], [ -61.861274190164671, 52.63279219426709 ], [ -61.8449448779566, 52.632404432516381 ], [ -61.83177373604245, 52.624793564858706 ], [ -61.780158820415416, 52.618485845505617 ], [ -61.745983370609956, 52.609900094527902 ], [ -61.73176358635645, 52.602983209003632 ], [ -61.726377008390813, 52.591173579854093 ], [ -61.713596888040378, 52.588368322958644 ], [ -61.716366453137809, 52.582510737842135 ], [ -61.712677425964529, 52.576345572375637 ], [ -61.714809119191884, 52.574006739986601 ], [ -61.691680842755922, 52.576180245277399 ], [ -61.679177407803529, 52.570929441258286 ], [ -61.664000194206068, 52.573315692212084 ], [ -61.657287822044587, 52.567562156193155 ], [ -61.646315007403039, 52.566790144621457 ], [ -61.634900508488258, 52.560037421498372 ], [ -61.610839939596225, 52.563287895449726 ], [ -61.593811287182326, 52.553731248469447 ], [ -61.578888399483432, 52.551256372231329 ], [ -61.559948596324908, 52.554893080439086 ], [ -61.512459832353343, 52.541593786672685 ], [ -61.503899715431757, 52.545732495674756 ], [ -61.481876773889695, 52.537589610587808 ], [ -61.475540934294216, 52.531533057224287 ], [ -61.462373118762891, 52.532534500841571 ], [ -61.458596816411166, 52.523647476481095 ], [ -61.449553049455723, 52.519732960342225 ], [ -61.44846179763374, 52.512677862168125 ], [ -61.442443617055204, 52.508399182842922 ], [ -61.456605417851677, 52.50214657791161 ], [ -61.456460593564636, 52.499457931459411 ], [ -61.468278982888762, 52.496562361856576 ], [ -61.461383049951735, 52.493289966176086 ], [ -61.461329993695855, 52.487982366191574 ], [ -61.456222532059385, 52.484478772832986 ], [ -61.468435682409989, 52.47720053774588 ], [ -61.453214963949023, 52.471151369199362 ], [ -61.431664161332336, 52.478595393779202 ], [ -61.414793301746947, 52.491426022904911 ], [ -61.401600173621567, 52.489315574074254 ], [ -61.386350295735511, 52.496399505200237 ], [ -61.345934604104279, 52.4954011196767 ], [ -61.331067425508358, 52.508179619785182 ], [ -61.324453494930061, 52.503258476736058 ], [ -61.325467669561114, 52.49578654976446 ], [ -61.317462945574341, 52.493122870865356 ], [ -61.305821380432548, 52.499310817890724 ], [ -61.311319308066011, 52.503063903359973 ], [ -61.30542272272055, 52.509981524646435 ], [ -61.29328799447277, 52.51353561777271 ], [ -61.271909699620643, 52.513921838380526 ], [ -61.220414552667407, 52.505033860926659 ], [ -61.215762068918913, 52.508002005975868 ], [ -61.201106868199986, 52.500615933586644 ], [ -61.18876983003441, 52.499003504306444 ], [ -61.186939040635501, 52.491999831059701 ], [ -61.182184467822147, 52.488670770133822 ], [ -61.144212073440599, 52.475056564705135 ], [ -61.136220379799951, 52.458945719941951 ], [ -61.12244436924027, 52.456646262281865 ], [ -61.114718460733201, 52.445505293675005 ], [ -61.104721494037385, 52.441918423602829 ], [ -61.070001953561537, 52.44020410024708 ], [ -61.056922847287474, 52.443424809823433 ], [ -61.049058545937612, 52.433640523800889 ], [ -61.033900586330979, 52.424561619508204 ], [ -61.037147814057917, 52.418926891561647 ], [ -61.018591764163752, 52.410974822046583 ], [ -61.022568260124295, 52.404003144969835 ], [ -61.014867862063205, 52.400057377150596 ], [ -61.013473576542687, 52.391842438082634 ], [ -61.003755488634646, 52.385892104002593 ], [ -60.958978435236929, 52.370115172777062 ], [ -60.952198488574076, 52.370393358054756 ], [ -60.945865100935386, 52.366450755773869 ], [ -60.934723186855045, 52.367253246558413 ], [ -60.922420372544877, 52.361613465982302 ], [ -60.909645808072483, 52.361256068023806 ], [ -60.905894924697392, 52.35777890767632 ], [ -60.876230269216506, 52.357672284724451 ], [ -60.84766657980083, 52.353503917754658 ], [ -60.85216873393292, 52.347196263271059 ], [ -60.847704838934881, 52.344531203059795 ], [ -60.819143116778342, 52.345447812464698 ], [ -60.794636907367746, 52.352978121164753 ], [ -60.779061301065227, 52.3463060177248 ], [ -60.764216856285806, 52.350034029227267 ], [ -60.742998561113076, 52.342534412504705 ], [ -60.730025721889589, 52.327947641684226 ], [ -60.70679858205667, 52.327254706379307 ], [ -60.68758870838176, 52.317445899058121 ], [ -60.680192578911381, 52.30969663469557 ], [ -60.65294070591829, 52.303644600089775 ], [ -60.626160654258953, 52.313944320499672 ], [ -60.611912255067061, 52.311638537017224 ], [ -60.6065467133065, 52.314668504151605 ], [ -60.580851100462247, 52.31483316209215 ], [ -60.563107358870475, 52.319585585658338 ], [ -60.564878389867026, 52.324497280097425 ], [ -60.581137742858175, 52.329805017092703 ], [ -60.561329602125767, 52.333724680233139 ], [ -60.558578653786931, 52.341692585533259 ], [ -60.563270136181252, 52.346753274041724 ], [ -60.58777098469583, 52.354919990881221 ], [ -60.587765860510174, 52.364584663936412 ], [ -60.593778727763159, 52.367863215448807 ], [ -60.604274893434706, 52.382443295029056 ], [ -60.604071920920028, 52.397755788906316 ], [ -60.588182939650643, 52.403943659940197 ], [ -60.58390900163667, 52.41045177799117 ], [ -60.564748225602642, 52.414141980963755 ], [ -60.56518131857478, 52.419331571168676 ], [ -60.574248113302936, 52.427726992558647 ], [ -60.548319808422555, 52.427781833472423 ], [ -60.567498110957153, 52.436089393855781 ], [ -60.551345130724769, 52.440194638990306 ], [ -60.524962415246229, 52.438367888127203 ], [ -60.519993446751471, 52.442978849051883 ], [ -60.521126066874636, 52.449811915194871 ], [ -60.517381386289294, 52.454505551783633 ], [ -60.470954229246196, 52.453338472671689 ], [ -60.459937704263339, 52.456169879132595 ], [ -60.450989259614083, 52.451975066812928 ], [ -60.417145911169392, 52.449721679682852 ], [ -60.367205241493899, 52.453415602078017 ], [ -60.358367064726771, 52.448002309035786 ], [ -60.34631968337483, 52.446470580659359 ], [ -60.311816357886251, 52.45049784736193 ], [ -60.262565183124948, 52.449722711985594 ], [ -60.250207190890947, 52.456082661670592 ], [ -60.22688233597971, 52.452523512010195 ], [ -60.211352933601447, 52.472830574920977 ], [ -60.140348121730888, 52.480053737823532 ], [ -60.135462628196066, 52.48294191396252 ], [ -60.13501736048611, 52.48947749843709 ], [ -60.114318213330783, 52.493471616265708 ], [ -60.108921218018651, 52.4988309616759 ], [ -60.086866221439237, 52.507025623617182 ], [ -60.09008555014681, 52.513361955629314 ], [ -60.080940082962101, 52.517999656053988 ], [ -60.017911416108895, 52.504384501713723 ], [ -59.983018869380928, 52.501996279758821 ], [ -59.967361224911606, 52.496189939199816 ], [ -59.969417639983241, 52.490053044959261 ], [ -59.960231995981673, 52.479166814080777 ], [ -59.982099496607816, 52.483390096367131 ], [ -59.987210390462415, 52.477496743466112 ], [ -60.00074279018483, 52.470774169847942 ], [ -59.999003254894767, 52.463467071746557 ], [ -59.982336722809649, 52.451361343989852 ], [ -59.962614341256, 52.450109941453803 ], [ -59.914501178792058, 52.432191024174095 ], [ -59.884407035143795, 52.433718465614774 ], [ -59.843540289626382, 52.447723151972703 ], [ -59.828218658432576, 52.459250212647042 ], [ -59.834885852607918, 52.467883718740296 ], [ -59.882332005327122, 52.475108637910019 ], [ -59.894855641769524, 52.499805761059996 ], [ -59.918997094507908, 52.503138616283124 ], [ -59.933556547891953, 52.5101105319726 ], [ -59.947742315262687, 52.52469788910259 ], [ -59.95674742836227, 52.526720070046117 ], [ -59.957129391247491, 52.531225300208312 ], [ -59.98841200604312, 52.539777188389557 ], [ -59.990272330523347, 52.545972883872679 ], [ -60.006805929241807, 52.551996808888561 ], [ -60.008528349288838, 52.564191524129015 ], [ -60.015832905502002, 52.570610878736531 ], [ -59.997440904182753, 52.576000800840866 ], [ -59.974695726906354, 52.566669861210997 ], [ -59.963708684748838, 52.557947915660584 ], [ -59.938211552979631, 52.551001048653802 ], [ -59.926664230872689, 52.553864565616713 ], [ -59.922663947864741, 52.551717770926196 ], [ -59.913570937752304, 52.555915464334753 ], [ -59.904159972504154, 52.568504074448583 ], [ -59.873442009709308, 52.561415354410869 ], [ -59.871023816259665, 52.560253015739633 ], [ -59.873097828022345, 52.557056747076508 ], [ -59.861855820306751, 52.554170449056421 ], [ -59.85057262717357, 52.559752441385257 ], [ -59.815548111953689, 52.562941715973345 ], [ -59.807380443958962, 52.5687543523809 ], [ -59.806410443483593, 52.572445152722871 ], [ -59.812096185525128, 52.577607314249249 ], [ -59.809985911200414, 52.58211093625102 ], [ -59.826927133012049, 52.587188739903489 ], [ -59.845568659409963, 52.597364806216305 ], [ -59.847434014580664, 52.600806427610742 ], [ -59.842462098816455, 52.608640693673756 ], [ -59.8601264284002, 52.608194224105915 ], [ -59.905656777805859, 52.620196056170194 ], [ -59.894461507014661, 52.62422458551579 ], [ -59.886984100156148, 52.633639772452312 ], [ -59.872579147632329, 52.631280424116319 ], [ -59.863594678419382, 52.625721449571266 ], [ -59.850125375471379, 52.627746822210675 ], [ -59.839736251780757, 52.643723515304615 ], [ -59.848877230364948, 52.64700004185287 ], [ -59.848373473380043, 52.653748884916936 ], [ -59.838793525430923, 52.657252338914432 ], [ -59.836714972120156, 52.66208455942084 ], [ -59.797260071430436, 52.678559135989993 ], [ -59.740790019195835, 52.678723021842323 ], [ -59.73001661568783, 52.681498907469503 ], [ -59.709703367854367, 52.676279849122075 ], [ -59.706838691604162, 52.671605977958926 ], [ -59.696598879864965, 52.668003037196897 ], [ -59.69164469152475, 52.652216946422485 ], [ -59.650620858229821, 52.64291226706127 ], [ -59.652567904977523, 52.627247091818823 ], [ -59.608627724014582, 52.619884752877347 ], [ -59.587898848334689, 52.610357237982029 ], [ -59.587152118906111, 52.606912447765865 ], [ -59.598262313318713, 52.591940128359937 ], [ -59.584281579135897, 52.589163947046956 ], [ -59.568697158737777, 52.578691861975258 ], [ -59.557617961051648, 52.576913094192939 ], [ -59.569949322633072, 52.570636760171446 ], [ -59.570251403635261, 52.565361732311423 ], [ -59.549199170236797, 52.56185819035732 ], [ -59.539474732926493, 52.556970144746963 ], [ -59.528031952609879, 52.56066633179239 ], [ -59.511527733870977, 52.572353459771122 ], [ -59.510844592442815, 52.577579822158327 ], [ -59.518012006914581, 52.58632736424795 ], [ -59.513027412327602, 52.592245006573137 ], [ -59.519282622243196, 52.595940915895 ], [ -59.520364111728384, 52.600580747253566 ], [ -59.513703335330788, 52.611776411382394 ], [ -59.501009149768144, 52.615883775978865 ], [ -59.498942513861216, 52.621690078036359 ], [ -59.484949618349717, 52.618025708722044 ], [ -59.472580346006055, 52.619027056489216 ], [ -59.456776525804216, 52.626080601668704 ], [ -59.419389003651993, 52.626526681809594 ], [ -59.413945182440379, 52.622612829178465 ], [ -59.426410834008699, 52.617137262004029 ], [ -59.424192795867377, 52.612499596536651 ], [ -59.384672609145284, 52.606222677273763 ], [ -59.349272160538838, 52.617472947500907 ], [ -59.337356918342543, 52.617052050220813 ], [ -59.310308941881651, 52.630302532409551 ], [ -59.305440183495698, 52.626631440491387 ], [ -59.312136292517799, 52.618830282671126 ], [ -59.308078218404894, 52.611436096654906 ], [ -59.28833280077432, 52.612942062421261 ], [ -59.285938318604735, 52.60815972604825 ], [ -59.288607034089338, 52.598939084283842 ], [ -59.282053918804031, 52.596027983844927 ], [ -59.268197623392318, 52.578936952780843 ], [ -59.244690257431117, 52.568637125592538 ], [ -59.248856644409244, 52.562802614489165 ], [ -59.242489790159752, 52.554664839818791 ], [ -59.223638428353304, 52.550713302049431 ], [ -59.210553677005493, 52.553934827413762 ], [ -59.175680224728659, 52.546717197538044 ], [ -59.168292762263235, 52.534719860275217 ], [ -59.141464761637835, 52.51679521541655 ], [ -59.132631687083681, 52.517378998523995 ], [ -59.122212044938713, 52.529242543893204 ], [ -59.098073798086865, 52.5314675685864 ], [ -59.087872792720198, 52.542024491312915 ], [ -59.0498503245447, 52.540969616393141 ], [ -59.021065764062264, 52.529436983442743 ], [ -59.01948390082952, 52.526437745697756 ], [ -59.025717526735008, 52.52012814019232 ], [ -58.990740950086192, 52.500239695604606 ], [ -58.988711255222633, 52.496574012746713 ], [ -58.978325544369426, 52.495245717703973 ], [ -58.958482527808393, 52.486354521343195 ], [ -58.949540262639552, 52.486274126453274 ], [ -58.946459544400241, 52.47935453931148 ], [ -58.9210355533381, 52.473215851291108 ], [ -58.897987530453157, 52.480633399723885 ], [ -58.891401816836918, 52.477631437029167 ], [ -58.881925847913756, 52.466210787800676 ], [ -58.859812302179215, 52.46470974780636 ], [ -58.849920224772092, 52.475715110794653 ], [ -58.837598620109461, 52.480098999912805 ], [ -58.839312640221202, 52.495161500461769 ], [ -58.845406867090382, 52.504572108904782 ], [ -58.831872898060745, 52.504989722185577 ], [ -58.82448436262672, 52.500689934416187 ], [ -58.815395163286169, 52.503439595240238 ], [ -58.807560694022527, 52.501626716601891 ], [ -58.806010867480268, 52.498743750101688 ], [ -58.810502050513229, 52.492630770036975 ], [ -58.785675505358554, 52.47932368245089 ], [ -58.773005894008627, 52.48332668961023 ], [ -58.761415537400623, 52.47907186216171 ], [ -58.74461161677656, 52.485382891594845 ], [ -58.736523202533384, 52.480516728311876 ], [ -58.730078754466817, 52.481885486325126 ], [ -58.710194493326476, 52.470572512778887 ], [ -58.696032725327136, 52.476798323555634 ], [ -58.674964995779931, 52.475793884155429 ], [ -58.652214732367248, 52.457768378155677 ], [ -58.626579827452012, 52.465992807632205 ], [ -58.622164208292489, 52.474074011993679 ], [ -58.633073262637588, 52.477184973703203 ], [ -58.638799929513304, 52.487690846139273 ], [ -58.655027993153347, 52.485544467145552 ], [ -58.667496416241924, 52.494963500267026 ], [ -58.667031149054779, 52.500494149170635 ], [ -58.653406496981184, 52.507128307067319 ], [ -58.674111916521774, 52.516049021846342 ], [ -58.673973821011067, 52.522434217823026 ], [ -58.685860661920096, 52.528797453153679 ], [ -58.683143660261749, 52.531797000542866 ], [ -58.687272647198824, 52.537441607369018 ], [ -58.675826310001106, 52.543576889409763 ], [ -58.679749117676735, 52.552157321595615 ], [ -58.678857075193136, 52.559996012628361 ], [ -58.668806812879183, 52.5663022034447 ], [ -58.655084070329394, 52.567826723695433 ], [ -58.650908640333405, 52.574108975190093 ], [ -58.645001447634186, 52.567214295282909 ], [ -58.626162120399194, 52.559103029014068 ], [ -58.596048481946397, 52.562406072051758 ], [ -58.591460960003168, 52.566266671946096 ], [ -58.593468323125556, 52.568887023822022 ], [ -58.568027264973452, 52.578018618055779 ], [ -58.547239228356126, 52.574657550332596 ], [ -58.521525856254009, 52.575717180460494 ], [ -58.533527656822834, 52.589156750070067 ], [ -58.551902965126033, 52.594856431066795 ], [ -58.544765371688406, 52.600159868771975 ], [ -58.532318356697239, 52.602658097625856 ], [ -58.530902256042665, 52.607323161258265 ], [ -58.559742241427429, 52.618687226756698 ], [ -58.561878659700746, 52.625994781562198 ], [ -58.572117191185313, 52.63754542512217 ], [ -58.56655827148969, 52.645321321119638 ], [ -58.572731537234446, 52.6508753467185 ], [ -58.557002829126048, 52.652073468716246 ], [ -58.534952034802572, 52.642209408411894 ], [ -58.527284720724829, 52.654767167684696 ], [ -58.517978358401379, 52.658902115924626 ], [ -58.509621548493541, 52.658402466617169 ], [ -58.49890402770302, 52.65154165395726 ], [ -58.492251358139868, 52.657956387323985 ], [ -58.461623685337052, 52.652432511307644 ], [ -58.447984376852418, 52.654127267413294 ], [ -58.444901543106397, 52.6589819586071 ], [ -58.437257751554306, 52.659566872853595 ], [ -58.433591380936235, 52.665320457512728 ], [ -58.442200352879759, 52.66901154301555 ], [ -58.43841187176367, 52.674292192820516 ], [ -58.447064891327216, 52.678956688820307 ], [ -58.439392000153724, 52.682230067447435 ], [ -58.438589182371473, 52.686479423606492 ], [ -58.454447194140883, 52.690481770921153 ], [ -58.455618252864404, 52.696397583065888 ], [ -58.443371977613808, 52.705813492041642 ], [ -58.431484446018111, 52.705619818155135 ], [ -58.426647842592686, 52.714791337167114 ], [ -58.419340772189088, 52.715732747185015 ], [ -58.384190738627218, 52.708644587291516 ], [ -58.381050794153701, 52.701566101782035 ], [ -58.344992109586663, 52.697617663547561 ], [ -58.326420627530261, 52.690594458613504 ], [ -58.323080336581235, 52.685008841892845 ], [ -58.312607483618592, 52.679313425857821 ], [ -58.309140341382644, 52.672229297398999 ], [ -58.29667524333334, 52.6680692951618 ], [ -58.283228974017661, 52.657933402287661 ], [ -58.254311937216073, 52.648627675116352 ], [ -58.254344051860436, 52.644487094614227 ], [ -58.248574099797537, 52.64018530140158 ], [ -58.218710700940903, 52.628268073519891 ], [ -58.219843254855768, 52.625209284741999 ], [ -58.255881896898202, 52.623042448755939 ], [ -58.258485809344457, 52.620102618122466 ], [ -58.257012310846925, 52.611179804821425 ], [ -58.234541597239186, 52.613040266283264 ], [ -58.210265637744669, 52.602430930793069 ], [ -58.173932403616902, 52.596820549024898 ], [ -58.178291155223945, 52.591208882619021 ], [ -58.162121329649501, 52.583817713254895 ], [ -58.168178019057088, 52.578792852517182 ], [ -58.125431968360431, 52.574593523958342 ], [ -58.125182051192468, 52.570261645041739 ], [ -58.132265528550136, 52.566823216405439 ], [ -58.125844505693628, 52.56246046314731 ], [ -58.113003760254578, 52.563204519736807 ], [ -58.104871356330925, 52.559376945313012 ], [ -58.099782955042215, 52.563039911899139 ], [ -58.100318533804078, 52.569512345412683 ], [ -58.094808490258757, 52.573543373011823 ], [ -58.083862940081424, 52.574427878347038 ], [ -58.08477600895614, 52.564627506877542 ], [ -58.077692725482699, 52.544369866924434 ], [ -58.082254355843737, 52.53711992848158 ], [ -58.082557123586966, 52.527259889019817 ], [ -58.076109986277636, 52.519843285592593 ], [ -58.060686361779396, 52.513340259306254 ], [ -58.046693766282353, 52.502371520746721 ], [ -58.061968442847935, 52.494093478046331 ], [ -58.063107672719219, 52.49045543227367 ], [ -58.019051591157144, 52.481539856784906 ], [ -58.00552316201739, 52.463449040572677 ], [ -57.997305981288697, 52.458950808318555 ], [ -57.999866635431822, 52.454531939275597 ], [ -57.987550271284775, 52.45148155450709 ], [ -57.984934756444808, 52.441556561662999 ], [ -57.980739615531455, 52.439392738720031 ], [ -57.98027766949356, 52.431780815096516 ], [ -57.974687335918141, 52.426560265515285 ], [ -57.954014046850489, 52.431721832069648 ], [ -57.947515445627204, 52.426867165508391 ], [ -57.940736777643998, 52.430062119365886 ], [ -57.938851196944825, 52.423390272231771 ], [ -57.933210929516719, 52.418444474411018 ], [ -57.896573099461833, 52.414032340870314 ], [ -57.890986251546472, 52.414916571173492 ], [ -57.887379433610164, 52.419895322898512 ], [ -57.876827501534628, 52.420859838662324 ], [ -57.860879560906596, 52.412750007569144 ], [ -57.859292544840606, 52.433836101333682 ], [ -57.868354317907169, 52.441777834460034 ], [ -57.850624409383379, 52.445584267770897 ], [ -57.848880162111627, 52.450916082788872 ], [ -57.837461775782273, 52.452946820930549 ], [ -57.836703876921376, 52.45819292435349 ], [ -57.827874906601778, 52.457860685603364 ], [ -57.820673526424464, 52.46102750459098 ], [ -57.821375672122421, 52.463809237322309 ], [ -57.81276300488004, 52.46400605824887 ], [ -57.809642291250796, 52.468504471247854 ], [ -57.813754355890914, 52.476719898678979 ], [ -57.825710408360791, 52.479671480034533 ], [ -57.824393994289316, 52.486196550429412 ], [ -57.817209141212111, 52.492360420611234 ], [ -57.835062622120105, 52.495692914168202 ], [ -57.840427288015952, 52.494053929067263 ], [ -57.848126693535171, 52.499720680230382 ], [ -57.837266227410559, 52.500590973146167 ], [ -57.835378170114332, 52.50594416891434 ], [ -57.815044424518582, 52.511637690872696 ], [ -57.80097612980132, 52.507754110588195 ], [ -57.79967832856638, 52.504977079522405 ], [ -57.804738308397752, 52.503999117752869 ], [ -57.802486927173838, 52.500893684575551 ], [ -57.787402245885666, 52.496700572397046 ], [ -57.786734132114063, 52.489418925829824 ], [ -57.777225215468178, 52.489671154385107 ], [ -57.768892209398871, 52.484700069317221 ], [ -57.750230594828849, 52.484753863226572 ], [ -57.731904917557067, 52.478665472878674 ], [ -57.744954755144832, 52.463057801599824 ], [ -57.75464156523627, 52.457913833539997 ], [ -57.760899823445975, 52.441976297047091 ], [ -57.773014235840499, 52.431059801050687 ], [ -57.779871890340857, 52.431584216516477 ], [ -57.786504481220341, 52.42780220325912 ], [ -57.780785355910474, 52.425137063640896 ], [ -57.761034899540412, 52.42524798960801 ], [ -57.748591270444294, 52.418499678825789 ], [ -57.750925715668579, 52.40919531057817 ], [ -57.744183127625604, 52.402696455329334 ], [ -57.737904125731859, 52.401389771112882 ], [ -57.742102314717656, 52.397779670473106 ], [ -57.743204641731481, 52.389779918737453 ], [ -57.731575904577575, 52.383362372011256 ], [ -57.738019419006392, 52.378365575514948 ], [ -57.73988791203994, 52.370731602647403 ], [ -57.70789137364779, 52.355643618146409 ], [ -57.699587659476521, 52.34367429712821 ], [ -57.679950928459981, 52.334562662114365 ], [ -57.676772479256854, 52.316283996421198 ], [ -57.653115024838826, 52.312645333432378 ], [ -57.637550589880057, 52.313837684662673 ], [ -57.6129711839367, 52.294421048131113 ], [ -57.588115627309001, 52.288868198127027 ], [ -57.578223768355869, 52.278344060028843 ], [ -57.574639091363139, 52.267729753228558 ], [ -57.556608610153795, 52.259343018361129 ], [ -57.564018989363966, 52.248035966644139 ], [ -57.534579147395881, 52.228701433466775 ], [ -57.50769280165558, 52.217090551338607 ], [ -57.495435755434634, 52.215395993613868 ], [ -57.493185843616388, 52.193696357250289 ], [ -57.474664025023266, 52.192895137832529 ], [ -57.467804630248288, 52.189613909593177 ], [ -57.466638567728744, 52.176255187896992 ], [ -57.449991235062967, 52.164977151441818 ], [ -57.417410271880485, 52.123496706403962 ], [ -57.414124405697386, 52.115582316098077 ], [ -57.416908897095702, 52.106830129742853 ], [ -57.414961493446889, 52.097660659484013 ], [ -57.420929790783056, 52.085220901508897 ], [ -57.417617564278942, 52.082103738887305 ], [ -57.403643377947823, 52.081885135693859 ], [ -57.396171615893451, 52.074634763025692 ], [ -57.409125678979741, 52.066079210769793 ], [ -57.382447632744793, 52.063856649939957 ], [ -57.355891696637116, 52.051740416932304 ], [ -57.333531600867069, 52.05207491141028 ], [ -57.328087202263305, 52.054991646617289 ], [ -57.326616955386683, 52.063579522030778 ], [ -57.306729233192776, 52.071190868105496 ], [ -57.310417641784291, 52.08060666643825 ], [ -57.303870272252219, 52.08491010246118 ], [ -57.296974975335061, 52.095905950270492 ], [ -57.278501785130786, 52.096576687079732 ], [ -57.268220672623073, 52.094912184339705 ], [ -57.24944808849196, 52.083772065224423 ], [ -57.22321708518993, 52.083717293367023 ], [ -57.214063649346386, 52.076880803424075 ], [ -57.216107644748291, 52.065604787535193 ], [ -57.213056043790665, 52.059132800465932 ], [ -57.203732710519013, 52.055269705530272 ], [ -57.185528014539941, 52.06058169183239 ], [ -57.1669756044598, 52.057943548323415 ], [ -57.163804264615081, 52.065354726711661 ], [ -57.121940188065018, 52.066468217807724 ], [ -57.118080270535046, 52.071243143595886 ], [ -57.11944894954528, 52.077297894064088 ], [ -57.105556034199005, 52.088078984761239 ], [ -57.100861079171302, 52.086135123102949 ], [ -57.092806309288399, 52.088525894461981 ], [ -57.084078636921411, 52.100579382227167 ], [ -57.077191532352437, 52.103328212942202 ], [ -57.066298575203831, 52.099327030613985 ], [ -57.068777114350212, 52.090524473179045 ], [ -57.06093921142876, 52.088633375243212 ], [ -57.041935501521316, 52.099074760898638 ], [ -57.027831846197792, 52.101630946588401 ], [ -57.01163527694829, 52.091910633649164 ], [ -57.008297080183908, 52.084745898086645 ], [ -56.987405505189585, 52.07596620598656 ], [ -56.993169419168879, 52.067300524080878 ], [ -56.980660436617825, 52.060053726965322 ], [ -56.989223201934799, 52.051881619656136 ], [ -56.983950437199141, 52.045330793894188 ], [ -56.980898022002997, 52.028995002342981 ], [ -56.966565715164215, 52.020916327736302 ], [ -56.962145541687114, 52.00896629005976 ], [ -56.940004331204385, 51.993133699741072 ], [ -56.937516067058425, 51.987693170445382 ], [ -56.940393461227444, 51.980715325666857 ], [ -56.935202860444278, 51.973278269517749 ], [ -56.944878804230832, 51.968776063628063 ], [ -56.971071733628378, 51.979829686500224 ], [ -56.984267532980645, 51.975860274103248 ], [ -56.997349563921524, 51.981695699460893 ], [ -57.004240355056105, 51.991555401399872 ], [ -57.011154402677825, 51.99341913943374 ], [ -57.022649178505276, 51.992305487111295 ], [ -57.043974110478295, 51.981858125406205 ], [ -57.043677453830682, 51.975111202450684 ], [ -57.038060435776579, 51.970992230795687 ], [ -57.035759536686029, 51.963552876620653 ], [ -57.048426131246522, 51.948165547675949 ], [ -57.062314962836282, 51.938056213522366 ], [ -57.052263104328894, 51.931333390236695 ], [ -57.050900107657128, 51.920690472474234 ], [ -57.054487766422341, 51.916889523806411 ], [ -57.073126482843101, 51.918360116480542 ], [ -57.08113215332893, 51.915612514399328 ], [ -57.061933601205112, 51.891863284480287 ], [ -57.056985778319692, 51.870414810193658 ], [ -57.063075872342488, 51.864218993050869 ], [ -57.063982705396214, 51.8573624093072 ], [ -57.080125621598569, 51.851746769416941 ], [ -57.082411905823534, 51.846335798683242 ], [ -57.077602359185782, 51.836885665138617 ], [ -57.079215912643441, 51.825280044379753 ], [ -57.089970099027347, 51.816333305950714 ], [ -57.088691384275648, 51.811166091693877 ], [ -57.09566538937613, 51.805946081315085 ], [ -57.107819925261751, 51.806053113359255 ], [ -57.107493632778485, 51.414382840026498 ], [ -57.118620135075886, 51.198880800040548 ], [ -57.736136372922516, 50.998606034788033 ], [ -58.189775247020712, 50.574167800388921 ], [ -58.513146158549745, 50.264816740572883 ], [ -58.940361275524012, 49.848611241607315 ], [ -60.476813867334272, 48.781388661879639 ], [ -60.468604293824903, 48.666668462311037 ], [ -62.999128138437918, 48.66668100121764 ], [ -62.999128277483486, 48.701789435208937 ], [ -63.248861368969187, 48.798651411586945 ], [ -63.390944037671517, 48.862132516121605 ], [ -63.52631222903242, 48.929181406026494 ], [ -63.600506135016474, 48.968994010240628 ], [ -63.789875326263683, 49.080188177833243 ], [ -64.163776236342585, 49.319944249735613 ], [ -64.261280140512881, 49.368528338504028 ], [ -64.412679041850978, 49.435970794804078 ], [ -64.651238331913405, 49.529722962526087 ], [ -64.784053055225073, 49.573775792522788 ], [ -64.910026810809441, 49.610164589033531 ], [ -65.0394433544554, 49.641004434303284 ], [ -65.17820133978941, 49.668471974942378 ], [ -65.331923918751727, 49.691971611127485 ], [ -65.47796092965217, 49.708174169253773 ], [ -65.585296866270284, 49.715447472197013 ], [ -65.700103336285139, 49.718812746861687 ], [ -65.81858417920985, 49.71703606787419 ], [ -65.943622455769017, 49.709369110363539 ], [ -66.032570139776411, 49.699451789628064 ], [ -66.157550568055754, 49.678648819684142 ], [ -66.295696113495495, 49.645228082589455 ], [ -66.376992446107295, 49.619091274309952 ], [ -66.470645748645012, 49.582593098230888 ], [ -66.563427838755644, 49.539175456890028 ], [ -66.651235711687363, 49.488921707100417 ], [ -66.815663305740287, 49.385426131952357 ], [ -66.999278581382498, 49.279232427922139 ], [ -66.999278259643631, 49.586593266865144 ], [ -67.586130401245825, 49.586163141326729 ], [ -67.592161152704833, 49.599823994506693 ], [ -67.582929002312184, 49.618605575763155 ], [ -67.590764760899333, 49.626179818011991 ], [ -67.588103384305128, 49.635418295672245 ], [ -67.589181505182808, 49.644454799497787 ], [ -67.591879608675058, 49.645973937426589 ], [ -67.592551048748192, 49.67319283268656 ], [ -67.598379647981162, 49.671405211834262 ], [ -67.603567339279238, 49.677388374951704 ], [ -67.60350480132422, 49.694793498101859 ], [ -67.606502952236909, 49.697651621895027 ], [ -67.601838068489442, 49.708581952546972 ], [ -67.581112356205765, 49.713928758512687 ], [ -67.578141062694911, 49.721285814472502 ], [ -67.582716145732121, 49.726042531633894 ], [ -67.575727150659262, 49.73682080901456 ], [ -67.56792547415553, 49.735740347730477 ], [ -67.564598768854637, 49.739899407032041 ], [ -67.566332596726994, 49.747387754003476 ], [ -67.558046351907322, 49.762082447206097 ], [ -67.550407541168326, 49.76417516154747 ], [ -67.546850654549772, 49.77493991946254 ], [ -67.550753161623646, 49.790616190321302 ], [ -67.541682496410161, 49.795103240600071 ], [ -67.532871022279608, 49.791753708268054 ], [ -67.5210575129679, 49.793809254735898 ], [ -67.512571289516814, 49.80056485010131 ], [ -67.508550214727464, 49.807206912039625 ], [ -67.518823545151321, 49.833433044307682 ], [ -67.530817498796239, 49.841461773279853 ], [ -67.529172174052533, 49.850035503525277 ], [ -67.54904083901792, 49.854324625042089 ], [ -67.555469290561703, 49.85064272520048 ], [ -67.559639709399121, 49.854446980822978 ], [ -67.568681875108567, 49.855483289182871 ], [ -67.58712418541738, 49.872508653694773 ], [ -67.587879817507044, 49.881966568521591 ], [ -67.624917050294357, 49.887580440676579 ], [ -67.624326515791282, 49.89124916836667 ], [ -67.64638183910256, 49.893767487831809 ], [ -67.649709779291015, 49.896514191550821 ], [ -67.665618619816257, 49.898373583963838 ], [ -67.734550912324778, 49.87770538298561 ], [ -67.716118689014991, 49.941016557332816 ], [ -67.716085919757134, 49.975402857871295 ], [ -67.603717648124231, 50.041230104636412 ], [ -67.706305786629414, 50.323240162992185 ], [ -67.866471096192996, 50.323343658812171 ], [ -67.870348672815695, 50.33208885415587 ], [ -67.865180558935862, 50.334003239808872 ], [ -67.863923961502351, 50.33803552696029 ], [ -67.865417461553037, 50.342827323795774 ], [ -67.867452715845303, 50.342871960822052 ], [ -67.865073089648888, 50.33942280621131 ], [ -67.867445616549844, 50.336847766679462 ], [ -67.870770992835276, 50.343146900478345 ], [ -67.87065322157197, 50.358232648564503 ], [ -67.873010268278449, 50.360917011849743 ], [ -67.875799408055286, 50.359482688100769 ], [ -67.877572355123746, 50.36563741088586 ], [ -67.878769684597671, 50.363284482242264 ], [ -67.882672547663418, 50.36439564414183 ], [ -67.887481743854025, 50.369587722074002 ], [ -67.883726863353004, 50.370591115339408 ], [ -67.888702383337019, 50.371290641564869 ], [ -67.892732489875812, 50.378292649817475 ], [ -67.884703630928755, 50.393688800286029 ], [ -67.87769191792664, 50.394185285152972 ], [ -67.874819842638416, 50.397847609369734 ], [ -67.881916049914452, 50.395086956499838 ], [ -67.880053485219165, 50.399459608773327 ], [ -67.869446499342502, 50.410196235733366 ], [ -67.864123087154951, 50.410326846759709 ], [ -67.86847082596843, 50.412616094712114 ], [ -67.856119954766612, 50.422879730285779 ], [ -67.860357884603758, 50.422200416206927 ], [ -67.854449469483527, 50.427957463286177 ], [ -67.856061138520303, 50.430385713957826 ], [ -67.849380358027162, 50.440247243166425 ], [ -67.845680058468787, 50.442770285753923 ], [ -67.843239977838479, 50.439974958121681 ], [ -67.842928518753212, 50.444213079887099 ], [ -67.841439858138699, 50.440896401611255 ], [ -67.834057958084557, 50.43878624034997 ], [ -67.834382631805767, 50.442261936898376 ], [ -67.83972809678724, 50.444956405080106 ], [ -67.836058928889955, 50.444504300075543 ], [ -67.841558234547492, 50.445914943126027 ], [ -67.837447699581645, 50.449402210046649 ], [ -67.838521578465148, 50.450292654151106 ], [ -67.834265890078512, 50.449065803714142 ], [ -67.838205443189821, 50.451384013541123 ], [ -67.836685903863668, 50.45170784024134 ], [ -67.835536938173732, 50.453475649589151 ], [ -67.840043981407547, 50.450895704922438 ], [ -67.83892655096021, 50.449392313918665 ], [ -67.84079945908266, 50.449074782146596 ], [ -67.843249981894687, 50.455807770289944 ], [ -67.837577467542644, 50.470478110795753 ], [ -67.825177801146012, 50.479470327410354 ], [ -67.813351439594172, 50.482448312341788 ], [ -67.814638049309593, 50.486786851599703 ], [ -67.815057497002897, 50.484330714371254 ], [ -67.83274804841821, 50.477780594308051 ], [ -67.834652472868953, 50.472924746761841 ], [ -67.83936198012421, 50.471885333215397 ], [ -67.83524007600812, 50.4743191444106 ], [ -67.831995113716332, 50.483368775715633 ], [ -67.834759821276919, 50.486483525397958 ], [ -67.83603497261943, 50.483467969037129 ], [ -67.837834720764292, 50.489002296879384 ], [ -67.830738267597596, 50.500337329768023 ], [ -67.830047223863573, 50.510250165015144 ], [ -67.817453455881846, 50.531931780968016 ], [ -67.814309492227025, 50.531911368326 ], [ -67.810381056877631, 50.526059005826895 ], [ -67.809938207334682, 50.527444390600728 ], [ -67.811069222153492, 50.531187072518655 ], [ -67.821127070124163, 50.537841304496034 ], [ -67.82028580497942, 50.541206886075614 ], [ -67.812256692066271, 50.541583108774589 ], [ -67.809828019560882, 50.542266864464722 ], [ -67.820572254342551, 50.542056450789239 ], [ -67.827060210331197, 50.55453381022145 ], [ -67.823254533678366, 50.559212694461031 ], [ -67.812776400533934, 50.557477301744768 ], [ -67.806816526034666, 50.569271859827062 ], [ -67.784609388222194, 50.579348593269252 ], [ -67.768517941400617, 50.590146364269295 ], [ -67.769558326028687, 50.593662803319312 ], [ -67.759998635882113, 50.59735174084237 ], [ -67.759460267708675, 50.59430359970208 ], [ -67.756840471445742, 50.592878849725423 ], [ -67.759346856918128, 50.591523335199504 ], [ -67.759193422384655, 50.590540237161619 ], [ -67.758290528279417, 50.590505334731354 ], [ -67.755815855893189, 50.59245534783139 ], [ -67.756644517712914, 50.598413300888339 ], [ -67.749000576062954, 50.600950053923974 ], [ -67.744602162519371, 50.598602633944829 ], [ -67.741634597129121, 50.592830509222935 ], [ -67.740213859139828, 50.592687347970319 ], [ -67.740518870104239, 50.594642886331911 ], [ -67.741768911129455, 50.593893536187927 ], [ -67.744161224577752, 50.598684332792025 ], [ -67.747979293555673, 50.601658764177181 ], [ -67.754961659987444, 50.600944080430729 ], [ -67.750869056311572, 50.60640510031147 ], [ -67.741248439657539, 50.606730082017428 ], [ -67.75025052395273, 50.607571840384281 ], [ -67.74327734063489, 50.609599546311799 ], [ -67.745954707703802, 50.612525954804156 ], [ -67.742609960398511, 50.615511448660925 ], [ -67.740946163809014, 50.614203741872892 ], [ -67.739151446648691, 50.614205563899304 ], [ -67.73814096344698, 50.614672548822043 ], [ -67.741255940883036, 50.617921846795539 ], [ -67.740393579025962, 50.615172606302018 ], [ -67.742737942930347, 50.616421313847987 ], [ -67.745424608598128, 50.615752202474951 ], [ -67.747807868650483, 50.610627749703966 ], [ -67.753969291650719, 50.608404980459952 ], [ -67.751287414214758, 50.618845831013125 ], [ -67.746980557577672, 50.622154916793697 ], [ -67.74674799418942, 50.629080775791302 ], [ -67.756889595862319, 50.635076560895591 ], [ -67.75731766226167, 50.639291115695173 ], [ -67.752675922619886, 50.639708048039395 ], [ -67.75336376150149, 50.653996086731183 ], [ -67.759480100596818, 50.669911321293888 ], [ -67.768732554638405, 50.676383603595738 ], [ -67.762938682922623, 50.694829617393879 ], [ -67.764594863139394, 50.698221162051432 ], [ -67.759235693612851, 50.698436919014988 ], [ -67.752335345335126, 50.703522581549109 ], [ -67.757558404987805, 50.703862128961525 ], [ -67.758805932065115, 50.699175889482859 ], [ -67.763872692282121, 50.700419656980685 ], [ -67.760137326252263, 50.707819689305992 ], [ -67.762426147547927, 50.710684649094347 ], [ -67.765337339483253, 50.706756708933248 ], [ -67.773669873327222, 50.706577068376937 ], [ -67.760902218813868, 50.722332734868885 ], [ -67.746494230290025, 50.732339459896203 ], [ -67.735440965053854, 50.733392161521429 ], [ -67.720583866877661, 50.741887293900483 ], [ -67.723602019959927, 50.751929291202657 ], [ -67.719073992593209, 50.762433083866618 ], [ -67.725337770151796, 50.763018119488031 ], [ -67.724232012458373, 50.766403189891427 ], [ -67.729371878914904, 50.764971406249593 ], [ -67.729606913677273, 50.772733211193803 ], [ -67.735906865606808, 50.782071758081486 ], [ -67.73364461241745, 50.784088217379207 ], [ -67.739503854756478, 50.788591662396691 ], [ -67.738896211723301, 50.796795484464461 ], [ -67.745436603455616, 50.801033040842533 ], [ -67.746630351868632, 50.830193579975777 ], [ -67.744871459565104, 50.838168158864931 ], [ -67.730880290420856, 50.854282921488533 ], [ -67.726858664313838, 50.873845563424872 ], [ -67.706199072459299, 50.896635755235565 ], [ -67.712437667246164, 50.900860175308601 ], [ -67.727648064335867, 50.903238429905045 ], [ -67.738422870690741, 50.918787615523868 ], [ -67.732873362675733, 50.926242725251306 ], [ -67.722034575660103, 50.928457443462712 ], [ -67.721753270179789, 50.921407430810248 ], [ -67.716890256076482, 50.92170266966275 ], [ -67.706599224685121, 50.914410162746464 ], [ -67.711732095085637, 50.909833591152918 ], [ -67.7073739168477, 50.905177052432244 ], [ -67.700113588380333, 50.906037378099192 ], [ -67.702472998787144, 50.907241577170709 ], [ -67.701326387911379, 50.910779306089708 ], [ -67.697127805754079, 50.907275501351698 ], [ -67.693166619558696, 50.909563874905629 ], [ -67.697202241840202, 50.911392564182783 ], [ -67.693886122260551, 50.913882520696802 ], [ -67.693021055405509, 50.920750514373886 ], [ -67.693412515523704, 50.933212800570821 ], [ -67.697236954733881, 50.935325223524188 ], [ -67.69116369780393, 50.952149656909469 ], [ -67.692740325790083, 50.966908301436902 ], [ -67.684985419023363, 50.968954447111194 ], [ -67.665486273240205, 50.985908037064817 ], [ -67.666468246711517, 50.989179958991819 ], [ -67.655420533391251, 50.992697484907467 ], [ -67.644695228770701, 51.008352346009708 ], [ -67.646086931924273, 51.011092056036773 ], [ -67.649802871773431, 51.010238291157954 ], [ -67.651161232817998, 51.015745766145344 ], [ -67.662263176255578, 51.020667652823505 ], [ -67.660716375270653, 51.023522029059961 ], [ -67.666540819722584, 51.024478463037305 ], [ -67.666348543379868, 51.029965660252202 ], [ -67.671520542830805, 51.029686683717742 ], [ -67.670838799863944, 51.033186633042291 ], [ -67.676947035724723, 51.036574035909602 ], [ -67.679547166952659, 51.042131312981986 ], [ -67.693930754005763, 51.0480642486148 ], [ -67.702499291455027, 51.073060968985821 ], [ -67.712818137136438, 51.089867861241828 ], [ -67.712792565656017, 51.095240054921675 ], [ -67.71959799581235, 51.100138585936335 ], [ -67.723261775305573, 51.098085785884969 ], [ -67.722403905720753, 51.095662136760261 ], [ -67.7344685895727, 51.096731039318655 ], [ -67.745559721700786, 51.108013620096656 ], [ -67.757340524384944, 51.112211004483825 ], [ -67.760281439479158, 51.11836461411216 ], [ -67.773899378263295, 51.123976749902148 ], [ -67.786963998206446, 51.124572935564125 ], [ -67.787949790789767, 51.128633623757906 ], [ -67.824846543575248, 51.154989512172065 ], [ -67.843202481206831, 51.180684005479463 ], [ -67.846607128304228, 51.192512033632191 ], [ -67.857943551099169, 51.192863493803948 ], [ -67.849620169961014, 51.200317259724358 ], [ -67.854340993727121, 51.203184704245523 ], [ -67.833704490844539, 51.213782550459385 ], [ -67.830210796700015, 51.224715461535418 ], [ -67.831947176096094, 51.238948783640211 ], [ -67.848320368870375, 51.257561572283379 ], [ -67.852793464854756, 51.268356858979779 ], [ -67.865085788325914, 51.277302199410585 ], [ -67.869160491897929, 51.286894133328033 ], [ -67.87394766204693, 51.288432375678113 ], [ -67.883960968609514, 51.281895292782139 ], [ -67.892521735048504, 51.285266366495925 ], [ -67.888988300813111, 51.287810533777495 ], [ -67.891275884915316, 51.291191380827129 ], [ -67.919323270992265, 51.299887871828957 ], [ -67.910987914950084, 51.31005860030799 ], [ -67.913882907147425, 51.319700056157224 ], [ -67.902487512547893, 51.322335492496407 ], [ -67.894268089309051, 51.331006752155801 ], [ -67.885381602735009, 51.334222433611494 ], [ -67.891510094631911, 51.341943780821239 ], [ -67.873823862894838, 51.350504450686664 ], [ -67.871131826182094, 51.359196693994384 ], [ -67.874104449092926, 51.370529279715129 ], [ -67.866850742358395, 51.380085417926885 ], [ -67.85248889648939, 51.389671288815755 ], [ -67.855425582335883, 51.397221662900776 ], [ -67.854123202849294, 51.403557357079372 ], [ -67.863870545763419, 51.414001306047545 ], [ -67.871736880765482, 51.417334145099147 ], [ -67.875896543345917, 51.429835623616071 ], [ -67.871378636266485, 51.441701866752382 ], [ -67.859755844927889, 51.446476321850575 ], [ -67.859587897561852, 51.450254805490545 ], [ -67.916896140468225, 51.450193678731338 ], [ -67.916902812922004, 51.563977362388201 ], [ -70.026325102701932, 51.564048929306693 ], [ -70.024528245470123, 52.500086605402025 ], [ -70.025663093388189, 52.75008749869761 ], [ -70.029910139045455, 52.832620376140959 ], [ -70.029881135560458, 55.000134481322881 ], [ -67.417236721976181, 55.00013172045827 ], [ -67.414158401173736, 54.994111805749675 ], [ -67.39610228123334, 54.989968676164082 ], [ -67.407327727935893, 54.979299617055396 ] ] ], [ [ [ -63.55434928914017, 54.99050469125244 ], [ -63.577441718207425, 54.988304272569522 ], [ -63.569430562132368, 54.98163646940052 ], [ -63.575968541737275, 54.975945881472924 ], [ -63.614580437747698, 54.976748135667357 ], [ -63.600240090039158, 54.962727522622302 ], [ -63.606858435868233, 54.95847025794005 ], [ -63.578624581297376, 54.951970269068028 ], [ -63.582575962706159, 54.94756027615626 ], [ -63.606963665542573, 54.943860146691343 ], [ -63.588830161239208, 54.939052969271849 ], [ -63.586874437062427, 54.93677474223167 ], [ -63.592221139567251, 54.933666355223352 ], [ -63.576714020077468, 54.92955537845134 ], [ -63.578047981692087, 54.926468630205747 ], [ -63.628363689332097, 54.924582619884362 ], [ -63.606138985502305, 54.914363936292538 ], [ -63.615224741014785, 54.910833780992419 ], [ -63.599081806681262, 54.903946254685174 ], [ -63.604393077752519, 54.899332092048944 ], [ -63.620504661870548, 54.902859988140499 ], [ -63.630063095769792, 54.909304990104658 ], [ -63.652029307597431, 54.905195256435007 ], [ -63.665036288209272, 54.913528636636393 ], [ -63.666201202223206, 54.909726754936969 ], [ -63.658425495807471, 54.902832276735985 ], [ -63.686068892606201, 54.90722213505807 ], [ -63.694863439421475, 54.926200407802689 ], [ -63.721293583786895, 54.926335418646374 ], [ -63.733869976721408, 54.931472099752057 ], [ -63.723018111919338, 54.935223086335228 ], [ -63.723842411417081, 54.939172817642046 ], [ -63.739644440131173, 54.938669897557219 ], [ -63.756242345214893, 54.944421748302709 ], [ -63.785314140473879, 54.94828262543475 ], [ -63.789318664152617, 54.956531854519483 ], [ -63.828073152148725, 54.945003130321567 ], [ -63.829650032504837, 54.943501498509413 ], [ -63.821682667356463, 54.938336467534221 ], [ -63.826705288021287, 54.934971220055843 ], [ -63.808994350506786, 54.931924036399344 ], [ -63.807044893966918, 54.928638825952234 ], [ -63.790564977605065, 54.930584965409516 ], [ -63.823371095084049, 54.915193199379225 ], [ -63.842906493719347, 54.915808841755627 ], [ -63.838664490011681, 54.909223424490492 ], [ -63.825818730271273, 54.902643750854779 ], [ -63.848572294971611, 54.896696053014445 ], [ -63.841656676308247, 54.893611478636799 ], [ -63.83595618314223, 54.884917942614543 ], [ -63.854301174752365, 54.889532362347111 ], [ -63.857380322837479, 54.886916984857173 ], [ -63.844569968373499, 54.87138978324392 ], [ -63.852294375564753, 54.863029804952667 ], [ -63.831773948244845, 54.849471278763453 ], [ -63.825851091487806, 54.848999972816443 ], [ -63.823877311309182, 54.846026382070988 ], [ -63.829043503128197, 54.842560889449622 ], [ -63.821662443100763, 54.837304754906981 ], [ -63.821551671076222, 54.829305920634262 ], [ -63.811988321073521, 54.825058027892965 ], [ -63.813602455867525, 54.821472750569576 ], [ -63.811122654661133, 54.818251380613354 ], [ -63.825550501008124, 54.819834159444511 ], [ -63.822788802157959, 54.814388847581704 ], [ -63.834689720670426, 54.811610358422655 ], [ -63.856511034506667, 54.814418449732258 ], [ -63.856371823481581, 54.81160961583263 ], [ -63.847460147112606, 54.810947809840478 ], [ -63.850573252689486, 54.808943401504479 ], [ -63.846344182481815, 54.807136910623086 ], [ -63.877659853990572, 54.807945234785763 ], [ -63.860569248271702, 54.800193832512875 ], [ -63.863264309304782, 54.799083065952537 ], [ -63.906827627322457, 54.801468443722989 ], [ -63.89968891147165, 54.794554346684805 ], [ -63.890011697741386, 54.792723198559813 ], [ -63.887850133224433, 54.788165594753728 ], [ -63.916579948964994, 54.790333084888438 ], [ -63.917070909371866, 54.787418859782775 ], [ -63.901537562493246, 54.783003058384871 ], [ -63.90209334419702, 54.778722522625721 ], [ -63.926603143783687, 54.778634975358848 ], [ -63.912512513909931, 54.771277940776912 ], [ -63.885537842566514, 54.767695580850024 ], [ -63.882285250474126, 54.762640866194552 ], [ -63.887602589255124, 54.756279325102177 ], [ -63.884706727133057, 54.753030162841604 ], [ -63.871015442918896, 54.757028160384174 ], [ -63.855825089328867, 54.749219037622531 ], [ -63.842913710229872, 54.749472254168317 ], [ -63.835045020192311, 54.744497254357576 ], [ -63.835606155763827, 54.739662351902552 ], [ -63.82687702460111, 54.736553423818947 ], [ -63.824581216915469, 54.732696303476175 ], [ -63.802515402262202, 54.72594788054802 ], [ -63.782462966142432, 54.715466346649407 ], [ -63.785798533272462, 54.705970743040091 ], [ -63.763575997900105, 54.698696650788918 ], [ -63.761295941503455, 54.690468012758849 ], [ -63.754430491060035, 54.688498284011956 ], [ -63.77409978225235, 54.688661025930621 ], [ -63.775855614577623, 54.687274452682814 ], [ -63.771042098703454, 54.684551150877866 ], [ -63.775745217045198, 54.681636701617506 ], [ -63.767076095144404, 54.677442446861015 ], [ -63.768377568562755, 54.672883532370982 ], [ -63.760512646891584, 54.668466295146771 ], [ -63.740239550631067, 54.670582790568979 ], [ -63.73834599084806, 54.665246347726274 ], [ -63.723707657777759, 54.661357567852356 ], [ -63.727894572546454, 54.652026811204685 ], [ -63.718875315866939, 54.649056274743565 ], [ -63.719698204383242, 54.64463562378431 ], [ -63.714537926554094, 54.640827051260452 ], [ -63.715039755501166, 54.634303575988568 ], [ -63.709560216135088, 54.633748415527229 ], [ -63.711897958849342, 54.626354465981031 ], [ -63.709753203262288, 54.622302469692364 ], [ -63.732234499444168, 54.6257503014672 ], [ -63.741738693968543, 54.623584083414322 ], [ -63.756034328612067, 54.628306371384014 ], [ -63.758317581194092, 54.633160263408016 ], [ -63.780481049043971, 54.636744390447454 ], [ -63.803885905013544, 54.647305496415981 ], [ -63.814075702261185, 54.648641381934823 ], [ -63.814660589424037, 54.637304795613304 ], [ -63.831855290355833, 54.638553466531746 ], [ -63.826761953570994, 54.633418026936219 ], [ -63.828711473089953, 54.628915201486741 ], [ -63.837050181370699, 54.629777458204416 ], [ -63.840995004655305, 54.625465289654692 ], [ -63.848841064483516, 54.623859531450464 ], [ -63.854872219910348, 54.625223419256599 ], [ -63.856289874385659, 54.619969627643243 ], [ -63.87435278099715, 54.625300971332202 ], [ -63.879065435865797, 54.62177588813492 ], [ -63.86760119612785, 54.612890440845867 ], [ -63.888811214985168, 54.610664628491868 ], [ -63.897180265028233, 54.606662528021729 ], [ -63.894259278291514, 54.598692553769666 ], [ -63.910785856070397, 54.603607478779587 ], [ -63.936729993951921, 54.604743899633903 ], [ -63.96390656796855, 54.618108624526045 ], [ -63.97310462379275, 54.61558095956552 ], [ -63.976344620856473, 54.608609976593193 ], [ -63.99137904127015, 54.603830663057543 ], [ -63.99454038232517, 54.598440702642179 ], [ -64.030213558920224, 54.607528938718097 ], [ -64.052213451859956, 54.597308348060302 ], [ -64.080056246619748, 54.61841270482067 ], [ -64.089566593918292, 54.620224708176067 ], [ -64.091894260660567, 54.622218089367962 ], [ -64.088060505427606, 54.624025307248417 ], [ -64.093801794719838, 54.629025979855371 ], [ -64.115450272117599, 54.633247437168514 ], [ -64.11452397510115, 54.640967978404383 ], [ -64.107497825938935, 54.642052091078675 ], [ -64.107504722069521, 54.648775959958428 ], [ -64.113083619182888, 54.652470045498383 ], [ -64.108254634859435, 54.655245996784899 ], [ -64.122595711148037, 54.658083662509767 ], [ -64.118976501900136, 54.662112427173504 ], [ -64.125366125093223, 54.666468291717067 ], [ -64.146393231674679, 54.66910757199679 ], [ -64.146510427467987, 54.674447153005929 ], [ -64.166098337319355, 54.681163546084406 ], [ -64.166175909006398, 54.686107907410936 ], [ -64.171670949906854, 54.68838968288221 ], [ -64.171754491945762, 54.692251606271782 ], [ -64.18414381098961, 54.692498512958707 ], [ -64.18081279107615, 54.702752903314867 ], [ -64.173145317945739, 54.707725093059693 ], [ -64.192032745574025, 54.707137093417025 ], [ -64.196483141814156, 54.708808287866646 ], [ -64.197124278172524, 54.713025651604553 ], [ -64.181644002656938, 54.716858808680563 ], [ -64.185362418471428, 54.722830309659138 ], [ -64.204424953440153, 54.725694544978296 ], [ -64.209540992075731, 54.720834475137892 ], [ -64.236112723243892, 54.715143231394549 ], [ -64.243169433850028, 54.717113242522949 ], [ -64.238755513355486, 54.718613801487642 ], [ -64.240122901554471, 54.722029011459952 ], [ -64.252564989531948, 54.727560890587711 ], [ -64.282902367912897, 54.728645293605005 ], [ -64.299119450388872, 54.736276678812025 ], [ -64.30242379063418, 54.747916727958049 ], [ -64.290257930674969, 54.758589667494888 ], [ -64.297258961570691, 54.763721778634519 ], [ -64.322066226511993, 54.766974760615447 ], [ -64.325868034714958, 54.773811241430373 ], [ -64.349872114768971, 54.778089521703663 ], [ -64.384005645500437, 54.778783040741494 ], [ -64.394007898673578, 54.788222486815762 ], [ -64.428436414301501, 54.786249911110431 ], [ -64.487350151865115, 54.793389871514457 ], [ -64.485697582676536, 54.787112818973512 ], [ -64.473621045878986, 54.784894296783818 ], [ -64.479936129897823, 54.776415964838215 ], [ -64.467424677600931, 54.770001711022921 ], [ -64.48704087463345, 54.768784688879933 ], [ -64.480983606290238, 54.766726328365564 ], [ -64.471240993751493, 54.749001029847058 ], [ -64.478812436627507, 54.746192708380129 ], [ -64.503486745840846, 54.745640422771025 ], [ -64.518919351881024, 54.752673720455498 ], [ -64.524378569123556, 54.75872301888338 ], [ -64.550405947730482, 54.762698836923086 ], [ -64.553071474919804, 54.751920759898454 ], [ -64.560267985432972, 54.749727409290308 ], [ -64.531730244833426, 54.740810484381392 ], [ -64.528076477154755, 54.729530423476646 ], [ -64.550019035314662, 54.718863998063526 ], [ -64.552456340776132, 54.710562538520087 ], [ -64.589237340027623, 54.722979442443439 ], [ -64.601219417357086, 54.731751176778566 ], [ -64.61510689330315, 54.726723108852013 ], [ -64.633051471469315, 54.726338885019814 ], [ -64.673237280762763, 54.738751954685874 ], [ -64.678633123679674, 54.736168308158696 ], [ -64.680526187680456, 54.726528833218957 ], [ -64.696640967212375, 54.723201455113106 ], [ -64.730632526172116, 54.723138736932889 ], [ -64.733218610355976, 54.725057854926185 ], [ -64.732692106220611, 54.734473863970237 ], [ -64.735640222316846, 54.736200625849179 ], [ -64.742637427770219, 54.729446203881984 ], [ -64.759214614204581, 54.725950793299326 ], [ -64.788385680430082, 54.731175514547246 ], [ -64.790087090326992, 54.743308417472207 ], [ -64.803392064526761, 54.758728860467173 ], [ -64.780754573432901, 54.752897174177527 ], [ -64.781998074931749, 54.764448447844899 ], [ -64.772700127430952, 54.762089333091986 ], [ -64.751477103805684, 54.767228476713406 ], [ -64.763136126118042, 54.769368901172179 ], [ -64.780695271212934, 54.787034047464772 ], [ -64.767244820864619, 54.789287214634051 ], [ -64.767386773742928, 54.792951030247202 ], [ -64.773187604575924, 54.797587538235305 ], [ -64.763281244599426, 54.79678753755735 ], [ -64.754004138165627, 54.802870146875321 ], [ -64.755724342978141, 54.806005146558199 ], [ -64.747617240604583, 54.808977711062099 ], [ -64.75288355632631, 54.812896550880524 ], [ -64.751810414441579, 54.817254432465987 ], [ -64.759967567031197, 54.821232326252229 ], [ -64.759302629814798, 54.823978417645165 ], [ -64.772334230962358, 54.837761058183311 ], [ -64.783715943321539, 54.842033805941995 ], [ -64.790699918671379, 54.838506406157251 ], [ -64.788175763496554, 54.835590997941409 ], [ -64.789722789406937, 54.832700518392521 ], [ -64.79886672713441, 54.832002572623011 ], [ -64.811914865003828, 54.844421809769756 ], [ -64.818588476386893, 54.845530696159635 ], [ -64.828147606993255, 54.832507117400951 ], [ -64.835533366287265, 54.835868751179866 ], [ -64.839503884935738, 54.843427049404106 ], [ -64.855009821439722, 54.83703360035004 ], [ -64.866453346716725, 54.841230043235981 ], [ -64.86524669108077, 54.847648028316542 ], [ -64.856582964706433, 54.8481998485899 ], [ -64.862872129136775, 54.854780929390323 ], [ -64.856468588028932, 54.860703574830417 ], [ -64.855198931716629, 54.867504115670236 ], [ -64.845442947306125, 54.875424680630935 ], [ -64.856999222197672, 54.881673362035272 ], [ -64.859466973225636, 54.88620358475481 ], [ -64.871669259415341, 54.892814039753091 ], [ -64.882774409131457, 54.891067752628544 ], [ -64.896557216741101, 54.894894563252002 ], [ -64.906484285587467, 54.902872480705838 ], [ -64.906084272867034, 54.907979482953472 ], [ -64.915284568989179, 54.910010433208257 ], [ -64.914057203360443, 54.917732530609726 ], [ -64.932108923935303, 54.920287115012769 ], [ -64.954706606095868, 54.930367407515945 ], [ -64.988730203611212, 54.934507568050925 ], [ -65.004200825648937, 54.926174749548544 ], [ -65.019896859267689, 54.929728262049927 ], [ -65.04378954779142, 54.94550655315512 ], [ -65.046265145129851, 54.953785880391536 ], [ -65.074652536764447, 54.952260409941438 ], [ -65.077545617393426, 54.967318777388904 ], [ -65.119038597915349, 54.958150697787296 ], [ -65.117066735782785, 54.942929129435036 ], [ -65.128033852059062, 54.924926500641028 ], [ -65.152649649071279, 54.925902283414544 ], [ -65.166875588828987, 54.930930761033551 ], [ -65.174097780691753, 54.929457421179336 ], [ -65.169286301877179, 54.913929323163373 ], [ -65.185599664779431, 54.887427060836195 ], [ -65.195689701425138, 54.880871955068443 ], [ -65.198122082483692, 54.875874272894428 ], [ -65.195235352920591, 54.87059471578867 ], [ -65.200093798034672, 54.867230319693938 ], [ -65.193351675060114, 54.866093869779256 ], [ -65.198568225755068, 54.849091813040793 ], [ -65.288989559525348, 54.839899462401995 ], [ -65.286472159440763, 54.822317560151902 ], [ -65.297767534399313, 54.812562408484617 ], [ -65.306053027243507, 54.813980265433983 ], [ -65.319487454365188, 54.841178440857362 ], [ -65.329300884251154, 54.844481494816257 ], [ -65.340857141249074, 54.844313130291816 ], [ -65.339159306152453, 54.829792275982228 ], [ -65.345192387638107, 54.827624784778244 ], [ -65.347718291948723, 54.820062170264762 ], [ -65.353850348786949, 54.817371038903957 ], [ -65.388433609498122, 54.826124355492034 ], [ -65.395105046002328, 54.815539929034145 ], [ -65.409294965810233, 54.818263792955612 ], [ -65.415607363986254, 54.825487616031829 ], [ -65.413107801763019, 54.836958911623071 ], [ -65.415272365363421, 54.840599782516605 ], [ -65.453686138148029, 54.844595545961639 ], [ -65.461271734763514, 54.836898705526487 ], [ -65.482799314740006, 54.832732102549706 ], [ -65.484882175572906, 54.828539399831129 ], [ -65.476190447502447, 54.810959322447367 ], [ -65.460026336862555, 54.797843536942004 ], [ -65.438102550846878, 54.790623082684839 ], [ -65.431272629050085, 54.781369678758814 ], [ -65.427022720405589, 54.747621711934642 ], [ -65.442306829653859, 54.747314815724636 ], [ -65.451422954322709, 54.743398644731442 ], [ -65.448748371057121, 54.733875054873955 ], [ -65.451029601853918, 54.732120470896497 ], [ -65.476164536353238, 54.726925280670713 ], [ -65.499133490676698, 54.735178176656348 ], [ -65.541565979522019, 54.727345341305124 ], [ -65.593196725232517, 54.737816813043402 ], [ -65.60458919188163, 54.734931064245025 ], [ -65.610026051993657, 54.728817454310203 ], [ -65.625255697482814, 54.739509818737567 ], [ -65.633840177568359, 54.75217937612976 ], [ -65.647504796692559, 54.751009521051053 ], [ -65.649749351647301, 54.748294093748889 ], [ -65.647759310183915, 54.739236785903181 ], [ -65.658898056311799, 54.727820400106026 ], [ -65.660041599337902, 54.719098178963151 ], [ -65.672932190699029, 54.712760053177824 ], [ -65.675042537346783, 54.705651302831775 ], [ -65.679540158039856, 54.705261204604732 ], [ -65.688816817033555, 54.711014734169211 ], [ -65.701759758954211, 54.713042543050648 ], [ -65.708560660991793, 54.718571868012667 ], [ -65.715615537209246, 54.739624380854615 ], [ -65.735317436188382, 54.755210131902203 ], [ -65.73395585857061, 54.76201190191945 ], [ -65.742182127469178, 54.764375365858143 ], [ -65.759793976353691, 54.786207360409904 ], [ -65.766316582999451, 54.787710495289502 ], [ -65.778699095945655, 54.801265915681974 ], [ -65.794032477789457, 54.811043698754638 ], [ -65.837684691602576, 54.83162501432016 ], [ -65.855074346202599, 54.851294865970637 ], [ -65.852876878358884, 54.859571632378838 ], [ -65.840118672597157, 54.861515639507751 ], [ -65.843353595277506, 54.870156995620768 ], [ -65.834824930328324, 54.877011809495094 ], [ -65.839399978197136, 54.880764090842817 ], [ -65.838424511697696, 54.884735839182689 ], [ -65.862344354748359, 54.891125042405697 ], [ -65.856951113509922, 54.894764199968613 ], [ -65.851458089426075, 54.89401304858896 ], [ -65.853987628088532, 54.902765407934162 ], [ -65.843923172124107, 54.908429558738199 ], [ -65.844237383791537, 54.915657036912854 ], [ -65.85109230664979, 54.920961701624982 ], [ -65.852256341324619, 54.926598881023089 ], [ -65.877091076695265, 54.921899929182779 ], [ -65.899262083686153, 54.92718196305983 ], [ -65.921213375137739, 54.938098702246656 ], [ -65.932134624138371, 54.938958701460948 ], [ -65.938323558437517, 54.934403253391231 ], [ -65.958732292205951, 54.931904849989202 ], [ -65.96384510588156, 54.926511852056947 ], [ -65.97470857464026, 54.93054606605542 ], [ -65.991406571866364, 54.927707720463729 ], [ -66.026914331196707, 54.942708918072341 ], [ -66.048639784250241, 54.938484841079323 ], [ -66.030776202990737, 54.91898485944013 ], [ -66.036438368133787, 54.916706182336064 ], [ -66.060192560927092, 54.928742803946072 ], [ -66.069246621454113, 54.93001823052613 ], [ -66.074469320205651, 54.939183622694692 ], [ -66.10049224862567, 54.95637730608032 ], [ -66.111074441559779, 54.959408991866177 ], [ -66.119966884739071, 54.971097782568833 ], [ -66.135720994614161, 54.974152683994681 ], [ -66.142433793744274, 54.980686422237703 ], [ -66.159501288196637, 54.9885173239689 ], [ -66.157140747689056, 54.976902745416822 ], [ -66.177362165201899, 54.975017362565524 ], [ -66.180221315498187, 54.978402944738136 ], [ -66.192665477319537, 54.981373421659463 ], [ -66.211085014543883, 54.978600468965858 ], [ -66.234776703825901, 54.989546807032063 ], [ -66.238191004079027, 54.975685559484162 ], [ -66.243304335351269, 54.971766239741726 ], [ -66.250980190376353, 54.979937982897297 ], [ -66.251335666326526, 54.995743786983283 ], [ -66.259813970250093, 54.998685930446833 ], [ -63.554302946839542, 55.000114717125982 ], [ -63.551300866399572, 54.996363593556417 ], [ -63.55434928914017, 54.99050469125244 ] ] ], [ [ [ -66.801482794376696, 55.333968169047345 ], [ -66.792886475403904, 55.315640631432004 ], [ -66.798661910630997, 55.316224623017121 ], [ -66.803103339441193, 55.321608798209489 ], [ -66.808486236482466, 55.321995141758343 ], [ -66.813555317539723, 55.318109901082096 ], [ -66.827050890226687, 55.32655289208725 ], [ -66.829658740981358, 55.32532944090206 ], [ -66.816575320025763, 55.310529062110596 ], [ -66.821361780894719, 55.305967889780035 ], [ -66.796915545885639, 55.287418095736825 ], [ -66.798524602075517, 55.284638160027392 ], [ -66.792116572524108, 55.278857109950827 ], [ -66.720085245648661, 55.239382614292886 ], [ -66.685492496887591, 55.212967286726254 ], [ -66.671331200331537, 55.187689609220136 ], [ -66.678157141356053, 55.192497747737725 ], [ -66.677099117823914, 55.187716302895709 ], [ -66.667962738298726, 55.176747474650938 ], [ -66.675547607840883, 55.177273846634364 ], [ -66.679189247034387, 55.182940258239896 ], [ -66.687595982181989, 55.184574940185989 ], [ -66.688296473832324, 55.188964038553017 ], [ -66.716498294144401, 55.208132456919486 ], [ -66.751823941280051, 55.210827296365679 ], [ -66.746051721232007, 55.205112083510478 ], [ -66.749413237435604, 55.202694151621984 ], [ -66.746352423755738, 55.198525853416157 ], [ -66.731110009087232, 55.191607676164139 ], [ -66.741545011943046, 55.18674854508523 ], [ -66.755542964373333, 55.188299528180814 ], [ -66.757770213531742, 55.184721758032317 ], [ -66.751330768944072, 55.178803317488217 ], [ -66.750441542330435, 55.17183102046458 ], [ -66.755467845808866, 55.17194380273024 ], [ -66.75068880353605, 55.16424449872963 ], [ -66.749963944281333, 55.15335844545784 ], [ -66.739552670275515, 55.144942136994977 ], [ -66.767045612532286, 55.147773786024253 ], [ -66.773466087942026, 55.140298969962885 ], [ -66.762469272759759, 55.136662003216912 ], [ -66.762137099823491, 55.132495220371709 ], [ -66.766722528818363, 55.130491637824235 ], [ -66.760907044978424, 55.129297880402035 ], [ -66.747403214521725, 55.118549597701964 ], [ -66.739326435905227, 55.103102868607564 ], [ -66.728738840909429, 55.091797739784766 ], [ -66.724803977970481, 55.091353373599119 ], [ -66.72427279198223, 55.087823851543291 ], [ -66.689384048313173, 55.062354137497543 ], [ -66.693667421251519, 55.060575906551527 ], [ -66.712472836311704, 55.073274393929424 ], [ -66.72101761132356, 55.072359256425727 ], [ -66.747773193262006, 55.091331442541488 ], [ -66.75077634063102, 55.090493642621425 ], [ -66.750075348277591, 55.086273811318499 ], [ -66.728305270109786, 55.061103851042859 ], [ -66.730904048330913, 55.058552357756042 ], [ -66.725822257077709, 55.051163109956342 ], [ -66.726546280387609, 55.043906745525163 ], [ -66.700441617878894, 55.029405040022375 ], [ -66.693156283599009, 55.027904774604949 ], [ -66.692855398416597, 55.032351733441423 ], [ -66.68441598751869, 55.033214445361082 ], [ -66.665249247960517, 55.024215021596589 ], [ -66.65501819092735, 55.008267045421981 ], [ -66.621545728951375, 54.982628917638422 ], [ -66.636856542360633, 54.982353200725193 ], [ -66.644124115701374, 54.976795564294569 ], [ -66.648604071916651, 54.977488007045025 ], [ -66.657012291023577, 54.981661105720271 ], [ -66.663296616953303, 54.989932717302061 ], [ -66.683956423739588, 54.995158694008019 ], [ -66.68837778099396, 55.001660023011389 ], [ -66.695738418104924, 55.005189060225121 ], [ -66.71893545711302, 54.999822986516214 ], [ -66.745606099510681, 55.008354819836711 ], [ -66.749240116441612, 55.006880948720934 ], [ -66.74698794622654, 55.002657617613266 ], [ -66.753667209419376, 54.997133461955912 ], [ -66.732270663187876, 54.98429495323942 ], [ -66.733792732696273, 54.980493652859501 ], [ -66.729776022066048, 54.972879116067958 ], [ -66.737943056496462, 54.971329069605581 ], [ -66.702167299475249, 54.955159749200256 ], [ -66.703189726593294, 54.952685290762332 ], [ -66.71208192494548, 54.952824287609893 ], [ -66.677961971893566, 54.928322169269855 ], [ -66.673048023532488, 54.920852392700247 ], [ -66.684905975968732, 54.914629238903792 ], [ -66.67994220303116, 54.907237919177689 ], [ -66.686807218238357, 54.90018463296645 ], [ -66.682933362275278, 54.896044084206956 ], [ -66.661213749889939, 54.888824686251773 ], [ -66.656351034899956, 54.881184619908872 ], [ -66.649206635783571, 54.876933241992333 ], [ -66.653858438732499, 54.872960433428901 ], [ -66.652130064011757, 54.863827132835453 ], [ -66.644769351533071, 54.859212667766663 ], [ -66.649106223158242, 54.854241172411029 ], [ -66.628657635626567, 54.848573637278605 ], [ -66.625665524926859, 54.844764426174372 ], [ -66.630525572880856, 54.843521099644072 ], [ -66.620467875020992, 54.828852870672243 ], [ -66.585826710447336, 54.812601430703211 ], [ -66.597626240964829, 54.812178914971682 ], [ -66.603515239607745, 54.804317679056204 ], [ -66.618407372996856, 54.801239628927405 ], [ -66.618292856027693, 54.790734028797146 ], [ -66.61429682733295, 54.785961721088682 ], [ -66.625348644788232, 54.786348293456847 ], [ -66.634541434924202, 54.792101098679652 ], [ -66.640769641513884, 54.791909438375008 ], [ -66.645466734882319, 54.783516450650069 ], [ -66.63879668120083, 54.778123514988621 ], [ -66.646546713032635, 54.777604234509674 ], [ -66.642769340165742, 54.772372460681396 ], [ -66.647356560282574, 54.767262974858994 ], [ -66.652877912436935, 54.766348049347215 ], [ -66.661916459910358, 54.767548805889028 ], [ -66.68548982567502, 54.783963785522175 ], [ -66.730196956835201, 54.80812706077981 ], [ -66.748355323440308, 54.813125400937665 ], [ -66.743079962590869, 54.807236663898422 ], [ -66.720630348270177, 54.79485353489622 ], [ -66.718469245215616, 54.78370804264992 ], [ -66.726889049140127, 54.782682806443944 ], [ -66.717169519940072, 54.7585962912977 ], [ -66.712799692511169, 54.760658699827857 ], [ -66.708084453571459, 54.756541114571512 ], [ -66.69941990338998, 54.759068921354839 ], [ -66.688302555495213, 54.752380240658582 ], [ -66.691723782774957, 54.751018139979692 ], [ -66.687135291789133, 54.747706688258702 ], [ -66.674640767387572, 54.743822458845514 ], [ -66.67294232102202, 54.739072583744885 ], [ -66.661070788833158, 54.732880135296256 ], [ -66.662158826484443, 54.72021376439637 ], [ -66.667188111645743, 54.712380212300189 ], [ -66.688046059311745, 54.722986258263397 ], [ -66.702166016660527, 54.740326013344749 ], [ -66.707296042804685, 54.733575309300271 ], [ -66.7154963736224, 54.735403745411269 ], [ -66.740245087767292, 54.754125236565642 ], [ -66.758226194341546, 54.759351893486368 ], [ -66.751162627689368, 54.750096363222404 ], [ -66.750047219948144, 54.746764483520622 ], [ -66.752253436551001, 54.746353650173624 ], [ -66.772052811397543, 54.760991172198537 ], [ -66.770967324114196, 54.76957487915103 ], [ -66.778134321792209, 54.772159720605465 ], [ -66.791392857057303, 54.770157582029171 ], [ -66.800476231010677, 54.7779044212798 ], [ -66.818951653243843, 54.786375617062646 ], [ -66.82881208203716, 54.787432381095464 ], [ -66.834470734504194, 54.79348739759876 ], [ -66.854003920345036, 54.800736525273145 ], [ -66.857367113541187, 54.805879270497314 ], [ -66.874885118350946, 54.8133283190447 ], [ -66.882716717163248, 54.812099835708366 ], [ -66.892473584633834, 54.802799385894389 ], [ -66.908666065851079, 54.806685887327227 ], [ -66.91263439437121, 54.804742085918541 ], [ -66.910426367310933, 54.800046472412816 ], [ -66.918031639868445, 54.797571192368423 ], [ -66.93514842173434, 54.799715480441186 ], [ -66.935643638614522, 54.804656186054714 ], [ -66.945112982421094, 54.809463507496019 ], [ -66.943506405084591, 54.814632276397568 ], [ -66.946479561761805, 54.817494962234484 ], [ -67.019247809366462, 54.852301152750073 ], [ -67.026810139002706, 54.858630042061783 ], [ -67.04270916454729, 54.862519077355131 ], [ -67.041792635268806, 54.86513245506665 ], [ -67.048569488851939, 54.872379782073637 ], [ -67.043784126413755, 54.878683687007516 ], [ -67.05920252626855, 54.89182591485536 ], [ -67.079810245301445, 54.90157966853517 ], [ -67.095014595895236, 54.916158250050479 ], [ -67.10183656503537, 54.916324304806622 ], [ -67.116014800730014, 54.929216595615152 ], [ -67.13182093967086, 54.936242214922757 ], [ -67.14014468900092, 54.943935983598848 ], [ -67.139928058940001, 54.947295390532489 ], [ -67.167449415257536, 54.956574209615098 ], [ -67.172712091218656, 54.965744388601941 ], [ -67.189957036633857, 54.97779873673143 ], [ -67.196953611802073, 54.982247133030612 ], [ -67.211482966273081, 54.981694025575138 ], [ -67.2130062940182, 54.987080311269885 ], [ -67.224130774717679, 54.993799337270765 ], [ -67.217825209018741, 54.998576824655871 ], [ -67.224621144506585, 55.004081630684738 ], [ -67.233534893053104, 55.355082713663066 ], [ -66.814355972489665, 55.354047036758111 ], [ -66.816248591529174, 55.352803678676281 ], [ -66.811156939547601, 55.346611022142937 ], [ -66.815101484339849, 55.343805664094688 ], [ -66.809192525677787, 55.338751816049047 ], [ -66.809995186835877, 55.336113336424802 ], [ -66.801482794376696, 55.333968169047345 ] ] ] ] } },
{ "type": "Feature", "properties": { "riding_code": 617, "riding_name": "Repentigny" }, "geometry": { "type": "Polygon", "coordinates": [ [ [ -73.416188319241471, 45.795596583190708 ], [ -73.39352115982409, 45.781177790016642 ], [ -73.419200209863618, 45.753841946751358 ], [ -73.422644159356878, 45.739391092691939 ], [ -73.46091935579939, 45.70378685565894 ], [ -73.474716694147205, 45.700325505192119 ], [ -73.475621519004804, 45.707581971147533 ], [ -73.489455755103933, 45.702299510693379 ], [ -73.497603711082306, 45.704868487823077 ], [ -73.487186844847542, 45.712528432253805 ], [ -73.488348100801531, 45.717165423800985 ], [ -73.497190749328766, 45.722107266088955 ], [ -73.501019049065178, 45.738108237755483 ], [ -73.483268172946993, 45.729442275877872 ], [ -73.478952585813317, 45.741788387796525 ], [ -73.452264464746449, 45.766929677639091 ], [ -73.449992960653589, 45.782965971660566 ], [ -73.438907190129683, 45.789227396369036 ], [ -73.426281108271326, 45.783818445108551 ], [ -73.416188319241471, 45.795596583190708 ] ] ] } },
{ "type": "Feature", "properties": { "riding_code": 137, "riding_name": "Richmond" }, "geometry": { "type": "Polygon", "coordinates": [ [ [ -72.133766625716731, 45.760611589146258 ], [ -72.014156493231127, 45.698838425771804 ], [ -72.001588231455543, 45.710406468425916 ], [ -71.99066888272381, 45.704800676191311 ], [ -71.978751906440294, 45.71500384368467 ], [ -71.937766901174641, 45.694002806110895 ], [ -71.891573352784022, 45.668505218815426 ], [ -71.919886804647589, 45.647939366904346 ], [ -71.831887051619617, 45.600485638047061 ], [ -71.774638864983203, 45.650750642659297 ], [ -71.626244990791946, 45.565441801528586 ], [ -71.705712634720712, 45.496435483974182 ], [ -71.748331264442612, 45.521179501319992 ], [ -71.774291407761993, 45.496731431749815 ], [ -71.792300047097456, 45.485813676375436 ], [ -71.830294459411633, 45.453276407006143 ], [ -71.884149557510966, 45.453226687074718 ], [ -71.884782543360075, 45.445662146797389 ], [ -71.896925940558617, 45.441995799978272 ], [ -71.910840613344206, 45.444326049630199 ], [ -71.916837228263446, 45.439024357131863 ], [ -71.922454585780784, 45.442394915404051 ], [ -71.943903871527709, 45.438226272968144 ], [ -71.956852881201669, 45.439748286296833 ], [ -71.985034355070653, 45.408727947696896 ], [ -71.985076506276158, 45.385049471618174 ], [ -71.958077470272471, 45.384409931063118 ], [ -71.960804415083601, 45.378984579974109 ], [ -71.959056496791192, 45.373328327763645 ], [ -71.964159235539498, 45.368946622582534 ], [ -71.964880279967019, 45.359905889127802 ], [ -71.970616539778845, 45.355576301948098 ], [ -71.969610346106265, 45.353373905721874 ], [ -71.954335783983112, 45.348989114792602 ], [ -71.937065649977754, 45.349864657446723 ], [ -71.942749741919215, 45.338508601812542 ], [ -71.941592130800558, 45.334105297285781 ], [ -71.949741972094913, 45.333695903460452 ], [ -71.948728554120009, 45.307774184361811 ], [ -72.037476242816894, 45.308501640092345 ], [ -72.042551191783076, 45.299889014102313 ], [ -72.108747811781384, 45.301467724416298 ], [ -72.105299816191305, 45.384777545360826 ], [ -72.125556239111489, 45.386558124554121 ], [ -72.12585438288437, 45.381127280518321 ], [ -72.145559709991474, 45.382208772028683 ], [ -72.141218526546254, 45.408587668144165 ], [ -72.14828643771456, 45.430813896981746 ], [ -72.14796133484127, 45.441964980597348 ], [ -72.157535656254041, 45.442890071718651 ], [ -72.157644785939311, 45.453808471822235 ], [ -72.163059906676466, 45.455140785048393 ], [ -72.15078445783233, 45.456796135271809 ], [ -72.150746801559961, 45.462662730886059 ], [ -72.14511539123778, 45.469272972316119 ], [ -72.148689221350409, 45.472779735922394 ], [ -72.136114755567448, 45.47084232226765 ], [ -72.13332295398078, 45.473648373415493 ], [ -72.139170771729582, 45.478348351493558 ], [ -72.140405521634904, 45.485017891777829 ], [ -72.137817973970243, 45.493697683875418 ], [ -72.128804901284042, 45.499055452055849 ], [ -72.130303184997643, 45.508186954454352 ], [ -72.142642997912134, 45.514118491740106 ], [ -72.148264396667869, 45.508681512810455 ], [ -72.183685604598423, 45.530243089907998 ], [ -72.297580717190002, 45.589440420548016 ], [ -72.237089104865973, 45.646276346013288 ], [ -72.310760594819953, 45.688542337920516 ], [ -72.227100208022208, 45.756215286819589 ], [ -72.222293284674834, 45.753622206117853 ], [ -72.221972609813264, 45.747932603204852 ], [ -72.235942511375754, 45.738262596457659 ], [ -72.215314466615354, 45.732317126273344 ], [ -72.212718072042932, 45.725071475099497 ], [ -72.223937008879602, 45.71640431402399 ], [ -72.214680046416717, 45.710893757789435 ], [ -72.206341698916745, 45.696384373603713 ], [ -72.133766625716731, 45.760611589146258 ] ] ] } },
{ "type": "Feature", "properties": { "riding_code": 337, "riding_name": "Camille-Laurin" }, "geometry": { "type": "Polygon", "coordinates": [ [ [ -73.537137337306731, 45.615828340524324 ], [ -73.499455911506644, 45.609370687857364 ], [ -73.500643103959789, 45.597769845722276 ], [ -73.497220065162793, 45.583287645007466 ], [ -73.512173565688016, 45.555364685266284 ], [ -73.55254763751357, 45.56822366395599 ], [ -73.536983798200481, 45.593224636032595 ], [ -73.54539150443658, 45.595604426801756 ], [ -73.544727552018429, 45.601906207664221 ], [ -73.539797947280618, 45.601809534218432 ], [ -73.542182963115124, 45.604182291549527 ], [ -73.536519487064965, 45.602631412148469 ], [ -73.546317866312535, 45.61270310903155 ], [ -73.537137337306731, 45.615828340524324 ] ] ] } },
{ "type": "Feature", "properties": { "riding_code": 179, "riding_name": "Beauharnois" }, "geometry": { "type": "Polygon", "coordinates": [ [ [ -74.168731377364054, 45.352200553803506 ], [ -74.126697220871179, 45.300847198574729 ], [ -74.099494512345487, 45.304295579806784 ], [ -74.078643155198876, 45.294791983482021 ], [ -74.063055554360247, 45.297093182960303 ], [ -74.059320383755235, 45.293881865997157 ], [ -74.043547939326331, 45.295071119607364 ], [ -74.030586359701019, 45.303692108677346 ], [ -73.991606778579154, 45.310554835301325 ], [ -73.965545233413891, 45.32314837345168 ], [ -73.954019881965792, 45.319847467216327 ], [ -73.910473655938446, 45.334833485911211 ], [ -73.882992828992116, 45.33691293089521 ], [ -73.846460612147197, 45.357972292811645 ], [ -73.846510313407663, 45.340815421808337 ], [ -73.837905157851807, 45.339200351382502 ], [ -73.83291184228068, 45.329785868193895 ], [ -73.811585769727586, 45.313846389624779 ], [ -73.81434235197581, 45.311842034994307 ], [ -73.812515467534027, 45.307088533352236 ], [ -73.82527258757402, 45.287273224624272 ], [ -73.823345158712684, 45.28363940565913 ], [ -73.826686610205968, 45.278021063737789 ], [ -73.81936557645686, 45.277287162857718 ], [ -73.819867655115402, 45.27354143330902 ], [ -73.821793979419866, 45.274446195427934 ], [ -73.851356756236157, 45.229286842342191 ], [ -73.859161571735214, 45.235085383522197 ], [ -73.866643090708365, 45.225079651755458 ], [ -73.856582910691984, 45.217431038522371 ], [ -73.873322845643145, 45.208832235271018 ], [ -73.902447376852635, 45.20303891968512 ], [ -73.913123047813372, 45.191724359155387 ], [ -73.910719984543206, 45.18982119243973 ], [ -73.921616276515365, 45.188177375947085 ], [ -73.919689098540857, 45.186527365961268 ], [ -73.927612372104875, 45.183395897927518 ], [ -73.93718119744841, 45.175027993955922 ], [ -73.938281642448885, 45.169810753627416 ], [ -73.950013489350439, 45.162199459488392 ], [ -73.972819004156918, 45.179451378280397 ], [ -74.024184917108542, 45.153314586845738 ], [ -74.124109148129051, 45.145485158733116 ], [ -74.212704406477243, 45.220877901413829 ], [ -74.188288074226008, 45.240741718707 ], [ -74.199362449464573, 45.255059213917782 ], [ -74.197832585622692, 45.262674919489491 ], [ -74.21656160948632, 45.271309419288805 ], [ -74.235410059796322, 45.293367218547537 ], [ -74.242015345185152, 45.289689051693301 ], [ -74.252661668442244, 45.297253193199296 ], [ -74.244694190229822, 45.30701212733652 ], [ -74.219070324716085, 45.323857817008452 ], [ -74.230480935427281, 45.332017868538408 ], [ -74.220334962354073, 45.339490678937786 ], [ -74.207065752066754, 45.330257094201485 ], [ -74.193609402062989, 45.337736829809721 ], [ -74.196362971598944, 45.341143694453407 ], [ -74.168731377364054, 45.352200553803506 ] ] ] } },
{ "type": "Feature", "properties": { "riding_code": 667, "riding_name": "Chapleau" }, "geometry": { "type": "Polygon", "coordinates": [ [ [ -75.647593449381873, 45.511211021176543 ], [ -75.595493207238178, 45.510029550235529 ], [ -75.600376731159656, 45.507535051957497 ], [ -75.598214499945698, 45.501466440424586 ], [ -75.605110495146079, 45.499725807130375 ], [ -75.602168780458982, 45.496445282835211 ], [ -75.607199613992648, 45.494781357600218 ], [ -75.602972600304852, 45.48640349338428 ], [ -75.609681021001947, 45.481361158709959 ], [ -75.612335647364404, 45.4710809185569 ], [ -75.677782531872154, 45.460386586292316 ], [ -75.69261638413721, 45.45361649136381 ], [ -75.705398632828405, 45.458410827836069 ], [ -75.719691473316146, 45.458228772109045 ], [ -75.728203642634355, 45.471458784811531 ], [ -75.735025513478817, 45.475266136368177 ], [ -75.734236203644471, 45.479799290477764 ], [ -75.719509915810093, 45.483757934627612 ], [ -75.718324266611802, 45.489041933298701 ], [ -75.715456054560448, 45.488392337648669 ], [ -75.715268116717652, 45.498293374110261 ], [ -75.707825219802984, 45.503445496460913 ], [ -75.647593449381873, 45.511211021176543 ] ] ] } },
{ "type": "Feature", "properties": { "riding_code": 119, "riding_name": "Saint-François" }, "geometry": { "type": "Polygon", "coordinates": [ [ [ -71.884149557510966, 45.453226687074718 ], [ -71.821567813440851, 45.453331290016152 ], [ -71.820022770616106, 45.407924077133202 ], [ -71.80262882270911, 45.408123794728674 ], [ -71.808693655355697, 45.392853540042225 ], [ -71.815058812161922, 45.388757667790202 ], [ -71.818725319623027, 45.378736066041036 ], [ -71.818394059451109, 45.368424002520904 ], [ -71.812079444310058, 45.3671176004719 ], [ -71.811664418043748, 45.359922308269994 ], [ -71.817694966591233, 45.358085348299078 ], [ -71.815731088910582, 45.306272280054671 ], [ -71.644405637765772, 45.306494208702546 ], [ -71.643057265944464, 45.248351044627078 ], [ -71.605028300534329, 45.248179302399087 ], [ -71.604645846785303, 45.238101453624814 ], [ -71.407500465503617, 45.240973259289177 ], [ -71.421050024823373, 45.232202796529215 ], [ -71.434222249168315, 45.238413904165455 ], [ -71.443022213941489, 45.237958316957098 ], [ -71.443511091617481, 45.234799982091161 ], [ -71.420750020863338, 45.223861106331391 ], [ -71.415361113589142, 45.218083340834099 ], [ -71.40313886695219, 45.215305570683618 ], [ -71.397361091951538, 45.20352777710572 ], [ -71.405861111449639, 45.197694441608334 ], [ -71.404194434647835, 45.194972204179699 ], [ -71.406944433751278, 45.189944446229632 ], [ -71.414416666224099, 45.184777755176839 ], [ -71.41844446024426, 45.170527789390469 ], [ -71.424944457860306, 45.165833334105557 ], [ -71.426388890558997, 45.15266667648833 ], [ -71.437611088750259, 45.141888879278866 ], [ -71.42611108003932, 45.129472238741926 ], [ -71.428388886086282, 45.123694459792809 ], [ -71.440333359844658, 45.113694454080012 ], [ -71.448777783600661, 45.112555579752886 ], [ -71.449305575520853, 45.104472245615661 ], [ -71.458444421630588, 45.098833340409762 ], [ -71.458361130935998, 45.095166678429621 ], [ -71.464388908651642, 45.093361130753948 ], [ -71.467888894278985, 45.083638908308423 ], [ -71.478138859354814, 45.084333322407367 ], [ -71.482638912757324, 45.079000004521674 ], [ -71.487305561491965, 45.078666667616567 ], [ -71.48775002126078, 45.071361129353527 ], [ -71.498055571101332, 45.070194463389377 ], [ -71.495666630877082, 45.064750017210841 ], [ -71.497111132938429, 45.060111106334858 ], [ -71.501277786646867, 45.058722245845864 ], [ -71.497194446208752, 45.055805563880973 ], [ -71.504388865683282, 45.052361115030671 ], [ -71.506611119741081, 45.04755555108872 ], [ -71.493277793814912, 45.045777785085072 ], [ -71.49091665456821, 45.042638881285015 ], [ -71.493555525746373, 45.031999996916277 ], [ -71.499944430268016, 45.026805558035335 ], [ -71.497111105651754, 45.023611108913833 ], [ -71.500166681058857, 45.023499984219129 ], [ -71.500305583373262, 45.013694467757446 ], [ -72.040587862709842, 45.006464845383825 ], [ -72.040675135221093, 45.022537506434638 ], [ -72.074797618526745, 45.02201928561319 ], [ -72.077467677626629, 45.022730518270166 ], [ -72.077684882355115, 45.032610402939483 ], [ -72.09592685700143, 45.033425440815464 ], [ -72.098310498299256, 45.160909480575377 ], [ -71.917104830432976, 45.160102858808237 ], [ -71.920235230746798, 45.305512970809339 ], [ -71.91363929593669, 45.302875297864652 ], [ -71.903700443256596, 45.310801689897808 ], [ -71.898788132116948, 45.310302444879099 ], [ -71.900112663821716, 45.312807926218504 ], [ -71.892355415191687, 45.321848721080542 ], [ -71.884620141668492, 45.324941495944721 ], [ -71.88353237455371, 45.332193549543199 ], [ -71.87200731192884, 45.335306793814112 ], [ -71.867666415803882, 45.343360831073731 ], [ -71.869935562841633, 45.346281154700627 ], [ -71.862858002055916, 45.350460362164831 ], [ -71.875713740502675, 45.350719231230713 ], [ -71.877273078305024, 45.380270085965492 ], [ -71.880309753163772, 45.380468559032195 ], [ -71.882607532088798, 45.385838945734328 ], [ -71.878343171574173, 45.385475690082259 ], [ -71.880488219089344, 45.393586350323936 ], [ -71.892986617546057, 45.409224296725263 ], [ -71.901262168697386, 45.411322316783085 ], [ -71.916837228263446, 45.439024357131863 ], [ -71.912964423618817, 45.444187654972843 ], [ -71.899557335126545, 45.441576621108176 ], [ -71.885913971187776, 45.444883503627672 ], [ -71.883327530540598, 45.447326513121162 ], [ -71.884149557510966, 45.453226687074718 ] ] ] } },
{ "type": "Feature", "properties": { "riding_code": 697, "riding_name": "Laviolette–Saint-Maurice" }, "geometry": { "type": "Polygon", "coordinates": [ [ [ -74.67627127009456, 48.999630071641093 ], [ -74.628529194219681, 48.96793071744716 ], [ -74.61583839914833, 48.970171468106997 ], [ -74.611224925082567, 48.968505967698768 ], [ -74.607682730255206, 48.962219028409315 ], [ -74.597922201116788, 48.963864949808361 ], [ -74.592380025161162, 48.968409622026229 ], [ -74.596286788767387, 48.97118510163525 ], [ -74.595450737961116, 48.975552317505198 ], [ -74.586700761123595, 48.978257171266193 ], [ -74.589514602453946, 48.985590269184257 ], [ -74.586646726489363, 48.994751220525877 ], [ -74.57072054130505, 48.994473249446308 ], [ -74.562769577999632, 49.000921230728295 ], [ -74.554281806041871, 49.000368924899213 ], [ -74.555357352759884, 48.99281946140222 ], [ -74.545728914876662, 48.989003520255523 ], [ -74.548085287908521, 48.98519889157982 ], [ -74.541011084995034, 48.977615278565835 ], [ -74.532508246328746, 48.976828295915688 ], [ -74.533435375579529, 48.966986810981339 ], [ -74.539654936155884, 48.963384358269366 ], [ -74.519271099734098, 48.95304456894155 ], [ -74.523454757580211, 48.946402947000927 ], [ -74.503043842021199, 48.927644368426783 ], [ -74.487415955024673, 48.932472396657971 ], [ -74.473304881637347, 48.94664742385141 ], [ -73.83438549390857, 48.543037015258996 ], [ -73.017743424214302, 47.998586084294388 ], [ -72.123633401822289, 47.998571678040321 ], [ -71.890544293705076, 47.77018122560672 ], [ -72.2394136480752, 47.535907677591091 ], [ -72.230007397994612, 47.530789137166536 ], [ -72.22679135896594, 47.523956229534818 ], [ -72.214409046206612, 47.514988015093145 ], [ -72.205534669719995, 47.500889635332186 ], [ -72.195802977273743, 47.500736031196162 ], [ -72.19428041384073, 47.494877038855648 ], [ -72.198995025544917, 47.491995082006049 ], [ -72.201054043334892, 47.485392696527924 ], [ -72.182830407765721, 47.476776500277694 ], [ -72.171695198404194, 47.476594287768648 ], [ -72.1633010624398, 47.469497405364187 ], [ -72.160967464957125, 47.463788569423052 ], [ -72.167819284439318, 47.464144664759552 ], [ -72.172503793884232, 47.458365142300572 ], [ -72.168599578832129, 47.450345699199502 ], [ -72.173865479554308, 47.439090040833754 ], [ -72.158920793955886, 47.421324353548208 ], [ -72.14391959734975, 47.417494129012553 ], [ -72.141314065907139, 47.410547896999908 ], [ -72.145957029346519, 47.399261358285834 ], [ -72.160186664658752, 47.39190596194188 ], [ -72.161495234231495, 47.386064558752246 ], [ -72.174729218451986, 47.378807654997793 ], [ -72.184490937115612, 47.365934579209203 ], [ -72.201696592282985, 47.360073644401389 ], [ -72.204677391437698, 47.353470338939019 ], [ -72.201216387772035, 47.346136893685156 ], [ -72.207941958461561, 47.325299254471688 ], [ -72.229118604746603, 47.300188477400319 ], [ -72.235799728145409, 47.298247617931231 ], [ -72.239249083601479, 47.289481846706963 ], [ -72.284242562767062, 47.290150314241188 ], [ -72.317572054561623, 47.301429450309023 ], [ -72.340962381433954, 47.278098000218364 ], [ -72.355351241583577, 47.289737791007695 ], [ -72.410633333250175, 47.291042045714129 ], [ -72.412045163396868, 47.345323642672213 ], [ -72.459549533095213, 47.369847293957669 ], [ -72.459303171773783, 47.385762734544386 ], [ -72.485629158649616, 47.367819913875081 ], [ -72.470693374951196, 47.331598870258951 ], [ -72.503380633588037, 47.311928060313576 ], [ -72.510361045568175, 47.268066369644494 ], [ -72.53855038797407, 47.218850702566726 ], [ -72.540780695323988, 47.190653053811822 ], [ -72.514690442901156, 47.143982540373003 ], [ -72.459998955185881, 47.1430711454218 ], [ -72.419969055334391, 47.116015056906981 ], [ -72.413798703307179, 47.119514920455359 ], [ -72.394896349779316, 47.117765240412645 ], [ -72.378898135784027, 47.096495207343771 ], [ -72.459625666214691, 47.043685409602979 ], [ -72.560137156548848, 46.970886930281196 ], [ -72.515607770152386, 46.944972849455944 ], [ -72.545620803864082, 46.923781501626245 ], [ -72.543615919624372, 46.922467710578815 ], [ -72.565113128982858, 46.908341324242571 ], [ -72.612651573158658, 46.94048201180636 ], [ -72.715329202145625, 46.866969656911877 ], [ -72.588109150876861, 46.782677441241844 ], [ -72.640487495968685, 46.743997730261746 ], [ -72.631589269078717, 46.737859205325044 ], [ -72.664301964140051, 46.715688129391552 ], [ -72.673566866433774, 46.721969722178095 ], [ -72.671565696457066, 46.713885051203306 ], [ -72.682450702059555, 46.7065445689828 ], [ -72.64293225040808, 46.679230269999309 ], [ -72.655563005298603, 46.670633324014602 ], [ -72.583126313225279, 46.623994683779443 ], [ -72.614067040503627, 46.602043501569852 ], [ -72.536023016722766, 46.547152665703095 ], [ -72.594293431533217, 46.505794522774245 ], [ -72.604484910319584, 46.505682550021561 ], [ -72.618762144851203, 46.495859530925301 ], [ -72.588754092044084, 46.474482671648325 ], [ -72.679157248738093, 46.410799456630556 ], [ -72.686776661864442, 46.420177790471847 ], [ -72.722632611416699, 46.430670062872075 ], [ -72.741218145370794, 46.449717056686332 ], [ -72.76755549783698, 46.46644370222419 ], [ -72.775413099809924, 46.480439230587116 ], [ -72.774654637742259, 46.506668223512413 ], [ -72.77105752585193, 46.516978239145864 ], [ -72.774501516685831, 46.52498666060881 ], [ -72.771027468417742, 46.53592390571967 ], [ -72.778926800523521, 46.541547655657453 ], [ -72.777209591228242, 46.546049411347859 ], [ -72.76616091807449, 46.546176218843399 ], [ -72.870644321301924, 46.621851278050201 ], [ -72.851470071121312, 46.633759483946157 ], [ -72.896695757175507, 46.665015916074921 ], [ -72.893644872276283, 46.66712092147737 ], [ -72.88574005047731, 46.66176024794806 ], [ -72.869147602142078, 46.663564397414589 ], [ -72.865271252970985, 46.66104269404525 ], [ -72.859677715930061, 46.664292393845308 ], [ -72.874755704023485, 46.675333604069934 ], [ -72.878087369397605, 46.673330188642133 ], [ -72.90900805879545, 46.724013752577569 ], [ -72.926998963076443, 46.7336845612937 ], [ -72.99381554846876, 46.745617245710172 ], [ -73.011469770087729, 46.736282375454429 ], [ -72.98426359512591, 46.677456920208016 ], [ -72.986058708823634, 46.667043293261614 ], [ -72.999397714892169, 46.64893754630625 ], [ -73.031988114822553, 46.653092436616184 ], [ -73.064092617460631, 46.706694648859454 ], [ -73.10695019661955, 46.704162972301752 ], [ -73.178886134061841, 46.750832813524646 ], [ -73.169273949348536, 46.764489031302233 ], [ -73.143672372707115, 46.770603900341207 ], [ -73.132263016682785, 46.786675460399898 ], [ -73.132268158904139, 46.83462597235841 ], [ -73.16187244625597, 46.846396473450611 ], [ -73.176503536076865, 46.846100385087816 ], [ -73.188557340494171, 46.839841224179928 ], [ -73.207007234642035, 46.844080667649003 ], [ -73.218560356273372, 46.852963713000079 ], [ -73.226398133343977, 46.854441494176442 ], [ -73.224880490376805, 46.861203713547752 ], [ -73.227625450744142, 46.864223595509586 ], [ -73.248209452029755, 46.867097879506794 ], [ -73.241849320958195, 46.880521710044739 ], [ -73.244770217445549, 46.883598375324716 ], [ -73.267552754983242, 46.889586145392066 ], [ -73.276914352162507, 46.884629895059227 ], [ -73.275824735336244, 46.881030930957238 ], [ -73.288326168240346, 46.882440366393155 ], [ -73.307068846457625, 46.870217396792015 ], [ -73.323482023656396, 46.876416540086026 ], [ -73.325902209536224, 46.880010033008261 ], [ -73.32725310164497, 46.881222486596698 ], [ -73.3448323331842, 46.881042546746031 ], [ -73.363982228503957, 46.889244522299755 ], [ -73.372388062666445, 46.886722442604068 ], [ -73.381542966270487, 46.889951699304 ], [ -73.386883626417756, 46.884106409400921 ], [ -73.403480267298093, 46.883948018169356 ], [ -73.412517521705325, 46.880466482335464 ], [ -73.423581872106126, 46.892281807403194 ], [ -73.442190549697642, 46.896334160219503 ], [ -73.459895500767843, 46.908609718980998 ], [ -73.479755213572091, 46.906600405408092 ], [ -73.495081588163188, 46.912358763222137 ], [ -73.500798914810261, 46.909558800548886 ], [ -73.497931906958897, 46.907549352955321 ], [ -73.498570458882597, 46.900538453994642 ], [ -73.51425859366266, 46.897103065533386 ], [ -73.528564596963562, 46.880691740271587 ], [ -73.527461734346403, 46.874997495973162 ], [ -73.530387543943704, 46.870221232465525 ], [ -73.525943813824711, 46.862495702079102 ], [ -73.546678661109695, 46.86791490912406 ], [ -73.556734284689469, 46.876038072737074 ], [ -73.558172857564301, 46.882163329275087 ], [ -73.563986734151698, 46.883438648534415 ], [ -73.571207429508362, 46.879073984120041 ], [ -73.573036415051078, 46.870367580281396 ], [ -73.602171775815407, 46.872481657541165 ], [ -73.608307214150344, 46.857880415714362 ], [ -73.618364403771949, 46.858421179786902 ], [ -73.628086697682818, 46.866125365554872 ], [ -73.646568400698811, 46.863454717323876 ], [ -73.655188142908401, 46.866157094543141 ], [ -73.659939750354496, 46.860415688818861 ], [ -73.660967423020082, 46.866536220829161 ], [ -73.665447810873275, 46.863902915172304 ], [ -73.673524375761119, 46.872180515663096 ], [ -73.673837932688969, 46.877250758371098 ], [ -73.669786092746179, 46.882483030554056 ], [ -73.662738870320098, 46.882613270784503 ], [ -73.669362718338419, 46.888118965242107 ], [ -73.668049077787302, 46.890017333418726 ], [ -73.65867520856942, 46.891287138944719 ], [ -73.664209727908244, 46.928432472133267 ], [ -73.65012276253168, 46.938098137058255 ], [ -73.646112238077919, 46.935056861434482 ], [ -73.645918405127148, 46.93739585307717 ], [ -73.754780374627074, 47.066610871993724 ], [ -73.853245988866874, 47.151078421754441 ], [ -73.862229748734435, 47.143022401985462 ], [ -73.861166292253131, 47.141130101066892 ], [ -73.910584161775503, 47.099077700730689 ], [ -74.028575423664549, 47.177832638770894 ], [ -74.005588958378951, 47.315869619616478 ], [ -74.002797601334166, 47.314724974952547 ], [ -73.995270224675622, 47.323227640869419 ], [ -73.997049917443249, 47.326390736077059 ], [ -73.993065468961888, 47.332902534904683 ], [ -73.995834514551305, 47.333228639143364 ], [ -73.993136451526368, 47.337991477658328 ], [ -73.998984793546228, 47.345651966968006 ], [ -73.994431867410086, 47.353770474517773 ], [ -73.988447488044585, 47.351970831950474 ], [ -73.985140124777587, 47.360612599419376 ], [ -73.974923764661241, 47.364918046370157 ], [ -73.967475956951461, 47.374623630074417 ], [ -73.968132068192219, 47.377673085888219 ], [ -73.958025008390806, 47.379810357933927 ], [ -73.963209881069844, 47.383622062902852 ], [ -73.957423661711886, 47.388166702777994 ], [ -74.51151599973312, 47.762908362146774 ], [ -75.521084551084044, 47.762784199243313 ], [ -75.520554080750543, 49.000070218143918 ], [ -74.67627127009456, 48.999630071641093 ] ] ] } },
{ "type": "Feature", "properties": { "riding_code": 709, "riding_name": "Louis-Hébert" }, "geometry": { "type": "Polygon", "coordinates": [ [ [ -71.419460388100887, 46.828516200077004 ], [ -71.410435730983949, 46.826773799513795 ], [ -71.350257039309454, 46.785615986850928 ], [ -71.333308048098033, 46.778801782235284 ], [ -71.339663625976101, 46.772892836455689 ], [ -71.309787291275597, 46.751399386427678 ], [ -71.296400070058567, 46.749738895409649 ], [ -71.294994793736663, 46.744961691436373 ], [ -71.330205774464034, 46.739507255875658 ], [ -71.362234936906958, 46.725340781315793 ], [ -71.44753734452091, 46.71491436715997 ], [ -71.506252085081201, 46.703227731206248 ], [ -71.606650420041603, 46.776156071842337 ], [ -71.501968707295774, 46.792469369856903 ], [ -71.512888442400254, 46.799992066794559 ], [ -71.440718270018905, 46.81319265180273 ], [ -71.419460388100887, 46.828516200077004 ] ] ] } },
{ "type": "Feature", "properties": { "riding_code": 767, "riding_name": "Charlesbourg" }, "geometry": { "type": "Polygon", "coordinates": [ [ [ -71.263209913171266, 46.91784555255186 ], [ -71.221927634701231, 46.87173940184848 ], [ -71.232363661675009, 46.867368409006417 ], [ -71.241199024094755, 46.873950444818696 ], [ -71.251452955339985, 46.869490402655586 ], [ -71.232930891270499, 46.850936077098083 ], [ -71.239687212472859, 46.847971837203367 ], [ -71.237763872005729, 46.84610557009659 ], [ -71.262606527740274, 46.83542036442212 ], [ -71.312962315427299, 46.88635753730798 ], [ -71.311095646873852, 46.887230948600418 ], [ -71.316015474383633, 46.894848724278575 ], [ -71.304639029930826, 46.899487285552745 ], [ -71.307044905594068, 46.901727448293428 ], [ -71.263209913171266, 46.91784555255186 ] ] ] } },
{ "type": "Feature", "properties": { "riding_code": 257, "riding_name": "Marquette" }, "geometry": { "type": "Polygon", "coordinates": [ [ [ -73.764415280338454, 45.4903928334111 ], [ -73.77420079555651, 45.481812685147432 ], [ -73.766160215523286, 45.476759109220794 ], [ -73.768387716906958, 45.474962252398932 ], [ -73.762756720114425, 45.468248978932486 ], [ -73.750752881531184, 45.460604760559136 ], [ -73.722467673004516, 45.482752749388958 ], [ -73.694871566670273, 45.464613703677877 ], [ -73.693304723817832, 45.470326217759307 ], [ -73.681287964433167, 45.462153037098226 ], [ -73.687233627359376, 45.455402307446256 ], [ -73.671789070687595, 45.452691190182996 ], [ -73.668167453683466, 45.456549926349012 ], [ -73.644812374884339, 45.447596472289497 ], [ -73.629145109168377, 45.448425327581241 ], [ -73.665859450100143, 45.432101469531482 ], [ -73.665308087990667, 45.421627813969309 ], [ -73.697202142254454, 45.423069551711315 ], [ -73.767954845134128, 45.418680687364748 ], [ -73.782282936745389, 45.454450327717794 ], [ -73.780020178370563, 45.454868676344837 ], [ -73.784596139010915, 45.465066610801962 ], [ -73.780270009272613, 45.467174881546285 ], [ -73.79456605234688, 45.481791624260936 ], [ -73.768426749104322, 45.494448371092176 ], [ -73.764415280338454, 45.4903928334111 ] ] ] } },
{ "type": "Feature", "properties": { "riding_code": 627, "riding_name": "Berthier" }, "geometry": { "type": "Polygon", "coordinates": [ [ [ -74.51151599973312, 47.762908362146774 ], [ -73.957423661711886, 47.388166702777994 ], [ -73.963209881069844, 47.383622062902852 ], [ -73.958025008390806, 47.379810357933927 ], [ -73.968132068192219, 47.377673085888219 ], [ -73.967475956951461, 47.374623630074417 ], [ -73.974923764661241, 47.364918046370157 ], [ -73.985140124777587, 47.360612599419376 ], [ -73.988447488044585, 47.351970831950474 ], [ -73.994431867410086, 47.353770474517773 ], [ -73.998984793546228, 47.345651966968006 ], [ -73.993136451526368, 47.337991477658328 ], [ -73.995834514551305, 47.333228639143364 ], [ -73.993065468961888, 47.332902534904683 ], [ -73.997049917443249, 47.326390736077059 ], [ -73.995270224675622, 47.323227640869419 ], [ -74.002797601334166, 47.314724974952547 ], [ -74.005588958378951, 47.315869619616478 ], [ -74.028575423664549, 47.177832638770894 ], [ -73.910584161775503, 47.099077700730689 ], [ -73.861166292253131, 47.141130101066892 ], [ -73.862229748734435, 47.143022401985462 ], [ -73.853245988866874, 47.151078421754441 ], [ -73.754780374627074, 47.066610871993724 ], [ -73.645918405127148, 46.93739585307717 ], [ -73.646112238077919, 46.935056861434482 ], [ -73.65012276253168, 46.938098137058255 ], [ -73.664209727908244, 46.928432472133267 ], [ -73.65867520856942, 46.891287138944719 ], [ -73.668049077787302, 46.890017333418726 ], [ -73.669362718338419, 46.888118965242107 ], [ -73.666264982943147, 46.887778224991251 ], [ -73.662738870320098, 46.882613270784503 ], [ -73.669786092746179, 46.882483030554056 ], [ -73.673837932688969, 46.877250758371098 ], [ -73.673524375761119, 46.872180515663096 ], [ -73.665447810873275, 46.863902915172304 ], [ -73.660967423020082, 46.866536220829161 ], [ -73.659939750354496, 46.860415688818861 ], [ -73.655188142908401, 46.866157094543141 ], [ -73.646568400698811, 46.863454717323876 ], [ -73.628086697682818, 46.866125365554872 ], [ -73.618364403771949, 46.858421179786902 ], [ -73.608307214150344, 46.857880415714362 ], [ -73.602171775815407, 46.872481657541165 ], [ -73.573036415051078, 46.870367580281396 ], [ -73.571207429508362, 46.879073984120041 ], [ -73.563986734151698, 46.883438648534415 ], [ -73.558172857564301, 46.882163329275087 ], [ -73.556734284689469, 46.876038072737074 ], [ -73.546678661109695, 46.86791490912406 ], [ -73.525943813824711, 46.862495702079102 ], [ -73.530387543943704, 46.870221232465525 ], [ -73.527461734346403, 46.874997495973162 ], [ -73.528564596963562, 46.880691740271587 ], [ -73.51425859366266, 46.897103065533386 ], [ -73.498570458882597, 46.900538453994642 ], [ -73.497931906958897, 46.907549352955321 ], [ -73.500798914810261, 46.909558800548886 ], [ -73.495081588163188, 46.912358763222137 ], [ -73.479755213572091, 46.906600405408092 ], [ -73.459895500767843, 46.908609718980998 ], [ -73.442190549697642, 46.896334160219503 ], [ -73.421233698164471, 46.890299769171001 ], [ -73.441506196418672, 46.843684818495589 ], [ -73.436339678450707, 46.829241909102628 ], [ -73.456934279555639, 46.786325090363412 ], [ -73.447674132147128, 46.766379202443645 ], [ -73.450075817989187, 46.751126182569777 ], [ -73.466955570704386, 46.709484858743565 ], [ -73.441988993760205, 46.668657237223869 ], [ -73.446012489696685, 46.596264646789955 ], [ -73.402204839684416, 46.598822869646284 ], [ -73.361844158893931, 46.616239639712468 ], [ -73.336512557958883, 46.601263369347656 ], [ -73.312224574106466, 46.573685540091795 ], [ -73.306956940594347, 46.555152888705379 ], [ -73.283006840730124, 46.533307041602924 ], [ -73.333119362629944, 46.498712989830729 ], [ -73.167314107724835, 46.382992773353095 ], [ -73.174607893354477, 46.378290871995311 ], [ -73.16913233895103, 46.374384795695008 ], [ -73.180934104315483, 46.366114753076182 ], [ -73.187809346043849, 46.37037574016562 ], [ -73.203926256063639, 46.359061227433983 ], [ -73.192070436641913, 46.350251720779227 ], [ -73.203658452527009, 46.3420474141802 ], [ -73.176107581859256, 46.323530668136776 ], [ -73.196977224578717, 46.321248369647343 ], [ -73.201790163896163, 46.321748834241433 ], [ -73.202557467188981, 46.324788618535301 ], [ -73.206219747595242, 46.321918177017722 ], [ -73.213822102837241, 46.325130453068034 ], [ -73.228139991122021, 46.317051348078394 ], [ -73.195678726716167, 46.294176919080876 ], [ -73.216418016853737, 46.279333462856997 ], [ -73.036707925796591, 46.156588068151827 ], [ -73.007746178781829, 46.165095798009453 ], [ -72.992612867793241, 46.163064547951457 ], [ -72.977630187539773, 46.167906605870279 ], [ -72.936244866203836, 46.151237512816117 ], [ -72.959829988680966, 46.119179853277814 ], [ -72.969914115621563, 46.111707814967758 ], [ -72.981137184556772, 46.109902526430439 ], [ -73.011647182008545, 46.113287925991038 ], [ -73.042753905545325, 46.106828593909434 ], [ -73.076522333519421, 46.071994391561049 ], [ -73.087991226469569, 46.064021609302337 ], [ -73.11038333005952, 46.056920155535003 ], [ -73.145584607286281, 46.051314742043978 ], [ -73.156100647850167, 46.04630625817083 ], [ -73.167726124990736, 46.030765254490063 ], [ -73.191328523686309, 45.975474610055585 ], [ -73.21018368337765, 45.954101840779295 ], [ -73.234670837533542, 45.918017838310618 ], [ -73.242860368287992, 45.893104069304144 ], [ -73.328577878318242, 45.952987055055281 ], [ -73.333315171795292, 45.960800532909829 ], [ -73.321569986581309, 45.972323393247116 ], [ -73.312021842973678, 45.975268931567797 ], [ -73.322165476137414, 45.982476117724623 ], [ -73.311559829119957, 45.986608181088847 ], [ -73.295845244930462, 46.00412494985828 ], [ -73.284352211627606, 46.014037116206374 ], [ -73.281305097330588, 46.01324053631388 ], [ -73.274103764614921, 46.026863611091507 ], [ -73.269870712635083, 46.025727958335217 ], [ -73.269712467989123, 46.033198402707711 ], [ -73.259493342828762, 46.044376722194926 ], [ -73.249189562896248, 46.045484421075763 ], [ -73.244396870493475, 46.052914148995804 ], [ -73.233762735802756, 46.055055447327071 ], [ -73.257625125418372, 46.072038782060879 ], [ -73.262917452716536, 46.070338812060392 ], [ -73.282890105460524, 46.075418074944729 ], [ -73.287350841458192, 46.073210050153428 ], [ -73.291877845489523, 46.076130468694735 ], [ -73.292222777404788, 46.065327688328253 ], [ -73.296707094673252, 46.064607966702589 ], [ -73.296613961192563, 46.062210851171606 ], [ -73.298962566489877, 46.064743283072396 ], [ -73.303584226108384, 46.063059909435033 ], [ -73.305461990511517, 46.068541096633652 ], [ -73.311830595051532, 46.060899807002819 ], [ -73.311872119106681, 46.07677265890144 ], [ -73.315278336420675, 46.076791356613498 ], [ -73.315263725147332, 46.06620934222245 ], [ -73.32179908153249, 46.067471342294866 ], [ -73.321907238073933, 46.055404621426575 ], [ -73.341298038037323, 46.060242847654045 ], [ -73.348120317485979, 46.056248179196196 ], [ -73.364336798815941, 46.05738427175983 ], [ -73.394774310000855, 46.068345519475415 ], [ -73.412121861350968, 46.069307612632208 ], [ -73.411861868514407, 46.083328034657399 ], [ -73.402788154110098, 46.083707020097478 ], [ -73.397186926046587, 46.07905135935578 ], [ -73.39684106464243, 46.100361437701672 ], [ -73.402477969335223, 46.104501484411806 ], [ -73.399898261360519, 46.106499786523081 ], [ -73.40387444532125, 46.117724893061485 ], [ -73.418074925840926, 46.120069795523449 ], [ -73.418068773648059, 46.115116760200934 ], [ -73.468632596842937, 46.114905639634962 ], [ -73.466371577280199, 46.124306773362086 ], [ -73.460095090806462, 46.129669312625325 ], [ -73.453438742833384, 46.129570075908447 ], [ -73.445702656093971, 46.13398411626455 ], [ -73.443152446590815, 46.131431570360078 ], [ -73.44576670335428, 46.125528099208502 ], [ -73.43545262404281, 46.125232486511734 ], [ -73.435247091023996, 46.131898929762187 ], [ -73.445015822948832, 46.141113745032136 ], [ -73.449779244783883, 46.137351497682523 ], [ -73.455774192673616, 46.138647889413903 ], [ -73.464261125494289, 46.148311823243773 ], [ -73.474049317303141, 46.146089691042881 ], [ -73.464914181672142, 46.142205931664421 ], [ -73.466029962537874, 46.137405857830643 ], [ -73.486025687264103, 46.140864246485052 ], [ -73.493644715954559, 46.152630928340827 ], [ -73.482383621038878, 46.161397657457279 ], [ -73.490477719357798, 46.167069103892736 ], [ -73.479505884126084, 46.16778278731794 ], [ -73.481997760667426, 46.170623060941764 ], [ -73.481061830745162, 46.179533398833861 ], [ -73.486549791815165, 46.177009674205159 ], [ -73.520271379318643, 46.188540658854322 ], [ -73.526199731923398, 46.191066609951037 ], [ -73.521281467928929, 46.192869147166888 ], [ -73.5239182559597, 46.194718753177838 ], [ -73.548091241101119, 46.194566725294656 ], [ -73.561046626967581, 46.205834609793705 ], [ -73.567178359433129, 46.204180552292335 ], [ -73.564317911385075, 46.202158417890175 ], [ -73.584931910166404, 46.188868769972522 ], [ -73.564648763913397, 46.173239357064475 ], [ -73.599902578854156, 46.15015049952158 ], [ -73.566875121015656, 46.125531874649631 ], [ -73.637927887252857, 46.078908361877488 ], [ -73.943277746010438, 46.287007212103475 ], [ -74.260010689727252, 46.491520505462667 ], [ -74.444615685422889, 46.620777325065553 ], [ -74.44997721987076, 46.616687118151241 ], [ -74.451007699702473, 46.607605805230456 ], [ -74.466777992663211, 46.610690200455899 ], [ -74.477010258827548, 46.608244022494034 ], [ -74.495141533020103, 46.590686098060871 ], [ -74.499893746944252, 46.593992906008687 ], [ -74.496852973695525, 46.635894117712041 ], [ -74.508673311451972, 46.643161338728177 ], [ -74.508976010993422, 46.646574424413927 ], [ -74.501144110869646, 46.654993878036606 ], [ -74.509580246815929, 46.665074734310153 ], [ -74.514479700824495, 46.679244727692087 ], [ -74.502865310639777, 46.685130875706832 ], [ -74.497474103754385, 46.697688174592741 ], [ -74.501559236168816, 46.704905718075089 ], [ -74.490610104820277, 46.710384772733022 ], [ -74.4880573619388, 46.71474192911451 ], [ -74.499051345599582, 46.718573669119614 ], [ -74.495174061704091, 46.725246322624173 ], [ -74.487945549922671, 46.726879800193515 ], [ -74.487554504829077, 46.731546206074782 ], [ -74.489951093143176, 46.734299176691501 ], [ -74.500952127327096, 46.733685864710445 ], [ -74.496973780364542, 46.739803514662576 ], [ -74.499972710753127, 46.75980373400909 ], [ -74.492444875355403, 46.759970618932968 ], [ -74.483531594151998, 46.768241716576789 ], [ -74.483637475777371, 46.790241253857033 ], [ -74.471694072294142, 46.78977185400371 ], [ -74.471465899081238, 46.797938556779798 ], [ -74.476390287235247, 46.809740302285306 ], [ -74.47585592105996, 46.827464505948882 ], [ -74.484248795736136, 46.838631933340274 ], [ -74.482412970049438, 46.852605217612137 ], [ -74.484726873266894, 46.866998726379762 ], [ -74.478637550286876, 46.87316428538827 ], [ -74.474890970077695, 46.866327743654907 ], [ -74.467503656331701, 46.865855791861946 ], [ -74.453147211032231, 46.879199118913263 ], [ -74.456469483921452, 46.884610934786295 ], [ -74.438191638371293, 46.895051480201346 ], [ -74.427393781929354, 46.896587156439239 ], [ -74.574710312996828, 46.997502317458988 ], [ -74.484086238811358, 47.053100160354767 ], [ -74.415170846112986, 47.100720996371969 ], [ -74.466048628271082, 47.135695357489318 ], [ -74.434522209255334, 47.157527474019858 ], [ -74.489745926091828, 47.224558852259264 ], [ -74.654081443294174, 47.233949954792955 ], [ -74.654100069116922, 47.241315259741597 ], [ -74.656982306207183, 47.24395597795008 ], [ -74.646602528058381, 47.253064953971474 ], [ -74.63066861801552, 47.248083874630694 ], [ -74.624700217015345, 47.251717531247287 ], [ -74.618233210677047, 47.250900014185 ], [ -74.613189655391878, 47.270931206452047 ], [ -74.604204314176712, 47.281873184028477 ], [ -74.604938897409824, 47.28721603798337 ], [ -74.592215204464807, 47.288986670910475 ], [ -74.586206707700967, 47.296027201103833 ], [ -74.5860386157308, 47.298648447463904 ], [ -74.589365089836221, 47.297900764399003 ], [ -74.589697798724458, 47.311672067187921 ], [ -74.586966027366174, 47.316497551233901 ], [ -74.583907049424894, 47.302756237594323 ], [ -74.580473361795953, 47.302444476248141 ], [ -74.575502492375179, 47.30532324127681 ], [ -74.573494250981639, 47.312229107476732 ], [ -74.56107129689947, 47.328019443498931 ], [ -74.55579805674364, 47.329440164718996 ], [ -74.554302931110158, 47.326588670694804 ], [ -74.559174915711935, 47.325130506802395 ], [ -74.553088472686383, 47.32131864091378 ], [ -74.542720864231342, 47.319174360890898 ], [ -74.542099955739232, 47.31782020116357 ], [ -74.543037032917837, 47.315033063630445 ], [ -74.542476030058822, 47.313441461657284 ], [ -74.544755630827709, 47.313142822814029 ], [ -74.545108186512451, 47.312623190455639 ], [ -74.542100221504384, 47.313402881874893 ], [ -74.539632513589481, 47.321470389572269 ], [ -74.548716370416329, 47.321043607003894 ], [ -74.552379854255108, 47.324132106215636 ], [ -74.551565393703669, 47.328961043652839 ], [ -74.533730461698511, 47.357109651814042 ], [ -74.529353295347519, 47.358961057000435 ], [ -74.528957733674716, 47.373256853514917 ], [ -74.522779881822473, 47.381761758571081 ], [ -74.522087447231243, 47.390181757787147 ], [ -74.513720404684832, 47.406282447651449 ], [ -74.496454213432585, 47.425845388536253 ], [ -74.490481935836712, 47.426532657917967 ], [ -74.46376977946943, 47.44986199204552 ], [ -74.461789663064351, 47.448776554159608 ], [ -74.452368808040902, 47.463290421792671 ], [ -74.441457768855955, 47.473020702708737 ], [ -74.446273579938577, 47.478980236856557 ], [ -74.426025986983205, 47.505371318125576 ], [ -74.445454791421611, 47.509328217340133 ], [ -74.440550922069235, 47.510962223655817 ], [ -74.441634891765091, 47.514633976346836 ], [ -74.433009171136831, 47.514735730144423 ], [ -74.436671651490599, 47.519171822090414 ], [ -74.445041684883805, 47.515726311551163 ], [ -74.44531587387246, 47.509891674051303 ], [ -74.456760863756799, 47.501510777836629 ], [ -74.471931519363665, 47.509190861304006 ], [ -74.479488804546619, 47.50608048588991 ], [ -74.486070710636611, 47.509300026425194 ], [ -74.487426534057761, 47.514069262074848 ], [ -74.508841435016691, 47.510129832505577 ], [ -74.507059789767695, 47.498436321588386 ], [ -74.523397126366902, 47.506594762122816 ], [ -74.539628372768092, 47.509959094652139 ], [ -74.543424767036086, 47.515810912036848 ], [ -74.55652472533562, 47.524104020053279 ], [ -74.553451537548582, 47.529591126760465 ], [ -74.560893066860686, 47.534322997674764 ], [ -74.558181881569141, 47.535450243863067 ], [ -74.580554368088571, 47.541746067200798 ], [ -74.587745635182685, 47.552950595537268 ], [ -74.598121720089168, 47.556760205594955 ], [ -74.615074654785033, 47.575231387191337 ], [ -74.621015137790025, 47.582428031897287 ], [ -74.61992945218833, 47.584906268552395 ], [ -74.622102624470813, 47.583420611431194 ], [ -74.622293500799287, 47.587073821499537 ], [ -74.626711589720557, 47.589697696486773 ], [ -74.629989202718448, 47.588500753590466 ], [ -74.627768356668454, 47.592449533324775 ], [ -74.653881078005838, 47.617097765028205 ], [ -74.68719260950752, 47.629562225823946 ], [ -74.690195321329696, 47.636770508987368 ], [ -74.698508693763259, 47.633394624662017 ], [ -74.88941155271678, 47.762625268389037 ], [ -74.51151599973312, 47.762908362146774 ] ] ] } },
{ "type": "Feature", "properties": { "riding_code": 291, "riding_name": "Westmount–Saint-Louis" }, "geometry": { "type": "Polygon", "coordinates": [ [ [ -73.585686428119658, 45.517323565193166 ], [ -73.561587001673388, 45.508826862520905 ], [ -73.55908502438875, 45.511743150884904 ], [ -73.555051708022802, 45.509874453855574 ], [ -73.561632370384615, 45.501723467229503 ], [ -73.552881853515885, 45.498736792212732 ], [ -73.553300071360781, 45.493401290382863 ], [ -73.561342616509634, 45.498299888664562 ], [ -73.567212469660547, 45.490107529750141 ], [ -73.573046293015153, 45.492893775628104 ], [ -73.598473373403991, 45.47410312441297 ], [ -73.61434022304887, 45.480671110633153 ], [ -73.612377639153678, 45.482606942732943 ], [ -73.617217592138928, 45.484788958527609 ], [ -73.615291739622791, 45.486788535852405 ], [ -73.618408243022856, 45.488976366529705 ], [ -73.594216222786812, 45.50322267772988 ], [ -73.591092744556477, 45.509222826270118 ], [ -73.596673289368454, 45.512264117484179 ], [ -73.589500406523726, 45.512944382117439 ], [ -73.590872110989409, 45.515293868592607 ], [ -73.585686428119658, 45.517323565193166 ] ] ] } },
{ "type": "Feature", "properties": { "riding_code": 637, "riding_name": "Prévost" }, "geometry": { "type": "Polygon", "coordinates": [ [ [ -74.002333918157632, 45.996972202528113 ], [ -73.947903172034529, 45.957598718459074 ], [ -73.953294124743991, 45.953976793852412 ], [ -73.934561756244022, 45.944819287542003 ], [ -73.950371863853434, 45.933506935039873 ], [ -73.882653052260792, 45.888318444233882 ], [ -73.900937241179392, 45.884590758793983 ], [ -73.807785967102717, 45.821462704503233 ], [ -73.868965066455928, 45.808849336147489 ], [ -73.860180257996007, 45.802357247340638 ], [ -73.913574790472282, 45.766558987697707 ], [ -74.023456020209878, 45.841776943662985 ], [ -74.038403906036677, 45.83746935417382 ], [ -74.029115479178444, 45.833322873599563 ], [ -74.029725343487655, 45.829234730738762 ], [ -74.033842070279377, 45.828535004571705 ], [ -74.031525461312427, 45.82482854932497 ], [ -74.022122497926375, 45.824374418623314 ], [ -74.024420273394242, 45.81845672262002 ], [ -74.026457262060106, 45.820712001889241 ], [ -74.05001926069437, 45.818115017402732 ], [ -74.064738495327092, 45.837876512309421 ], [ -74.063768895742356, 45.84501070364847 ], [ -74.067678040996839, 45.850395993419397 ], [ -74.090722569847301, 45.847406275503573 ], [ -74.089251841613972, 45.84060530739827 ], [ -74.096353761198984, 45.837052375867231 ], [ -74.090759110700972, 45.830616951523837 ], [ -74.106150833092371, 45.8285622142538 ], [ -74.108541856442571, 45.832015586678082 ], [ -74.126088240091704, 45.831474097136002 ], [ -74.143327570657902, 45.819714328803414 ], [ -74.224418903251504, 45.847107417618432 ], [ -74.227161756124104, 45.845022173035062 ], [ -74.22644572077516, 45.847603881268029 ], [ -74.263311555706139, 45.859644667213757 ], [ -74.17635507252119, 45.921580201482357 ], [ -74.16486741927956, 45.913553653742589 ], [ -74.158447262788172, 45.915918655250863 ], [ -74.148066112044049, 45.912822828154368 ], [ -74.142343099789059, 45.918508160765199 ], [ -74.139841563544252, 45.91754647757012 ], [ -74.139757730621724, 45.923126328801139 ], [ -74.126784222819566, 45.914360532577604 ], [ -74.071212028078023, 45.952816231625633 ], [ -74.068212906102772, 45.950755911561906 ], [ -74.063928181085274, 45.953170936821202 ], [ -74.002333918157632, 45.996972202528113 ] ] ] } },
{ "type": "Feature", "properties": { "riding_code": 357, "riding_name": "Fabre" }, "geometry": { "type": "Polygon", "coordinates": [ [ [ -73.837682764368665, 45.580844517111004 ], [ -73.809076223742679, 45.554568505722862 ], [ -73.791661585434923, 45.559667434684513 ], [ -73.775193467439891, 45.545041225967346 ], [ -73.770461563292187, 45.538001980472103 ], [ -73.784015282380224, 45.530945940752929 ], [ -73.764718821596873, 45.511626939100353 ], [ -73.794960236413317, 45.512373427894403 ], [ -73.810651924513792, 45.51773561094771 ], [ -73.820148773497053, 45.515901070949369 ], [ -73.830257388837921, 45.518717406767436 ], [ -73.844371442548152, 45.518555157352324 ], [ -73.853178589995949, 45.5114863709506 ], [ -73.86356928926871, 45.519980029132917 ], [ -73.890077132762983, 45.522012801506968 ], [ -73.896139098910041, 45.525545707486309 ], [ -73.880899701237809, 45.536371493775704 ], [ -73.88630167750145, 45.549140146902076 ], [ -73.884313785820837, 45.558945693394037 ], [ -73.865334870033664, 45.565155140162048 ], [ -73.849146871923367, 45.577135309559033 ], [ -73.837682764368665, 45.580844517111004 ] ] ] } },
{ "type": "Feature", "properties": { "riding_code": 649, "riding_name": "Labelle" }, "geometry": { "type": "Polygon", "coordinates": [ [ [ -75.538610951916965, 47.763261467276614 ], [ -74.88941155271678, 47.762625268389037 ], [ -74.698508693763259, 47.633394624662017 ], [ -74.690195321329696, 47.636770508987368 ], [ -74.68719260950752, 47.629562225823946 ], [ -74.653881078005838, 47.617097765028205 ], [ -74.627768356668454, 47.592449533324775 ], [ -74.629989202718448, 47.588500753590466 ], [ -74.626711589720557, 47.589697696486773 ], [ -74.622293500799287, 47.587073821499537 ], [ -74.622102624470813, 47.583420611431194 ], [ -74.61992945218833, 47.584906268552395 ], [ -74.621015137790025, 47.582428031897287 ], [ -74.615074654785033, 47.575231387191337 ], [ -74.598121720089168, 47.556760205594955 ], [ -74.587745635182685, 47.552950595537268 ], [ -74.580554368088571, 47.541746067200798 ], [ -74.558181881569141, 47.535450243863067 ], [ -74.560893066860686, 47.534322997674764 ], [ -74.553451537548582, 47.529591126760465 ], [ -74.55652472533562, 47.524104020053279 ], [ -74.543424767036086, 47.515810912036848 ], [ -74.539628372768092, 47.509959094652139 ], [ -74.523397126366902, 47.506594762122816 ], [ -74.507059789767695, 47.498436321588386 ], [ -74.508841435016691, 47.510129832505577 ], [ -74.487426534057761, 47.514069262074848 ], [ -74.486070710636611, 47.509300026425194 ], [ -74.479488804546619, 47.50608048588991 ], [ -74.471931519363665, 47.509190861304006 ], [ -74.456760863756799, 47.501510777836629 ], [ -74.44531587387246, 47.509891674051303 ], [ -74.445041684883805, 47.515726311551163 ], [ -74.436671651490599, 47.519171822090414 ], [ -74.433009171136831, 47.514735730144423 ], [ -74.441634891765091, 47.514633976346836 ], [ -74.440550922069235, 47.510962223655817 ], [ -74.445454791421611, 47.509328217340133 ], [ -74.426281304651781, 47.506028822097221 ], [ -74.446273579938577, 47.478980236856557 ], [ -74.441205592689073, 47.474112298555013 ], [ -74.445550531349909, 47.467199821323305 ], [ -74.452198701677474, 47.463485955386318 ], [ -74.461789663064351, 47.448776554159608 ], [ -74.46376977946943, 47.44986199204552 ], [ -74.490481935836712, 47.426532657917967 ], [ -74.496454213432585, 47.425845388536253 ], [ -74.513720404684832, 47.406282447651449 ], [ -74.522087447231243, 47.390181757787147 ], [ -74.522779881822473, 47.381761758571081 ], [ -74.528957733674716, 47.373256853514917 ], [ -74.529353295347519, 47.358961057000435 ], [ -74.533730461698511, 47.357109651814042 ], [ -74.551565393703669, 47.328961043652839 ], [ -74.552379854255108, 47.324132106215636 ], [ -74.548716370416329, 47.321043607003894 ], [ -74.539632513589481, 47.321470389572269 ], [ -74.542100221504384, 47.313402881874893 ], [ -74.545108186512451, 47.312623190455639 ], [ -74.542476030058822, 47.313441461657284 ], [ -74.542720864231342, 47.319174360890898 ], [ -74.553088472686383, 47.32131864091378 ], [ -74.559174915711935, 47.325130506802395 ], [ -74.554302931110158, 47.326588670694804 ], [ -74.55579805674364, 47.329440164718996 ], [ -74.56107129689947, 47.328019443498931 ], [ -74.573494250981639, 47.312229107476732 ], [ -74.575502492375179, 47.30532324127681 ], [ -74.580473361795953, 47.302444476248141 ], [ -74.583907049424894, 47.302756237594323 ], [ -74.586966027366174, 47.316497551233901 ], [ -74.589697798724458, 47.311672067187921 ], [ -74.589365089836221, 47.297900764399003 ], [ -74.5860386157308, 47.298648447463904 ], [ -74.586206707700967, 47.296027201103833 ], [ -74.592215204464807, 47.288986670910475 ], [ -74.604938897409824, 47.28721603798337 ], [ -74.604204314176712, 47.281873184028477 ], [ -74.613189655391878, 47.270931206452047 ], [ -74.618233210677047, 47.250900014185 ], [ -74.624700217015345, 47.251717531247287 ], [ -74.63066861801552, 47.248083874630694 ], [ -74.646602528058381, 47.253064953971474 ], [ -74.656982306207183, 47.24395597795008 ], [ -74.654100069116922, 47.241315259741597 ], [ -74.654081443294174, 47.233949954792955 ], [ -74.489745926091828, 47.224558852259264 ], [ -74.434522209255334, 47.157527474019858 ], [ -74.466048628271082, 47.135695357489318 ], [ -74.415170846112986, 47.100720996371969 ], [ -74.484086238811358, 47.053100160354767 ], [ -74.574710312996828, 46.997502317458988 ], [ -74.427393781929354, 46.896587156439239 ], [ -74.438191638371293, 46.895051480201346 ], [ -74.456469483921452, 46.884610934786295 ], [ -74.453147211032231, 46.879199118913263 ], [ -74.467503656331701, 46.865855791861946 ], [ -74.474890970077695, 46.866327743654907 ], [ -74.478637550286876, 46.87316428538827 ], [ -74.484726873266894, 46.866998726379762 ], [ -74.482412970049438, 46.852605217612137 ], [ -74.484248795736136, 46.838631933340274 ], [ -74.47585592105996, 46.827464505948882 ], [ -74.476390287235247, 46.809740302285306 ], [ -74.471465899081238, 46.797938556779798 ], [ -74.471694072294142, 46.78977185400371 ], [ -74.483637475777371, 46.790241253857033 ], [ -74.483531594151998, 46.768241716576789 ], [ -74.492444875355403, 46.759970618932968 ], [ -74.499972710753127, 46.75980373400909 ], [ -74.496973780364542, 46.739803514662576 ], [ -74.500952127327096, 46.733685864710445 ], [ -74.489951093143176, 46.734299176691501 ], [ -74.487554504829077, 46.731546206074782 ], [ -74.487945549922671, 46.726879800193515 ], [ -74.495174061704091, 46.725246322624173 ], [ -74.499051345599582, 46.718573669119614 ], [ -74.4880573619388, 46.71474192911451 ], [ -74.490610104820277, 46.710384772733022 ], [ -74.501559236168816, 46.704905718075089 ], [ -74.497474103754385, 46.697688174592741 ], [ -74.502865310639777, 46.685130875706832 ], [ -74.514479700824495, 46.679244727692087 ], [ -74.509580246815929, 46.665074734310153 ], [ -74.501144110869646, 46.654993878036606 ], [ -74.508976010993422, 46.646574424413927 ], [ -74.508673311451972, 46.643161338728177 ], [ -74.496852973695525, 46.635894117712041 ], [ -74.500338415117426, 46.594776578810112 ], [ -74.495141533020103, 46.590686098060871 ], [ -74.480842157092283, 46.606548422376171 ], [ -74.467727739501342, 46.610633992199119 ], [ -74.451788268179513, 46.607240994531807 ], [ -74.44997721987076, 46.616687118151241 ], [ -74.444615685422889, 46.620777325065553 ], [ -74.343610116610847, 46.549301930408745 ], [ -74.47748652311806, 46.454092084388826 ], [ -74.33404129426907, 46.353923738107753 ], [ -74.475059918203442, 46.2543415911585 ], [ -74.443275986281236, 46.232428698873306 ], [ -74.458984649822753, 46.221155247018935 ], [ -74.368135874549935, 46.158712643406979 ], [ -74.3928769046056, 46.089335035753763 ], [ -74.396270594710387, 46.06834719559788 ], [ -74.412889635838937, 46.071280487573659 ], [ -74.41610651147812, 46.055643566487639 ], [ -74.399077029516093, 46.053961033133781 ], [ -74.407630435378977, 46.018673249644046 ], [ -74.430726463920365, 46.026808304271924 ], [ -74.571070851211701, 46.038940654921525 ], [ -74.616380404560701, 46.051121698783831 ], [ -74.627432904385529, 46.052580247428246 ], [ -74.617104913736952, 46.049631814429212 ], [ -74.617610622037844, 46.045861548685416 ], [ -74.623673665959174, 46.042003199944567 ], [ -74.613515890080393, 46.037041183049212 ], [ -74.618957736283804, 46.030395977902707 ], [ -74.630248657121186, 46.029737368535457 ], [ -74.626913067769237, 46.015390415029422 ], [ -74.637068234650712, 45.999196914222793 ], [ -74.633080277414223, 45.983933390493206 ], [ -74.620795113823391, 45.976134653563143 ], [ -74.629782716940966, 45.977419292781015 ], [ -74.633366679458589, 45.974047527429931 ], [ -74.63276848032929, 45.970088605328684 ], [ -74.64090327330895, 45.969485350705945 ], [ -74.64345300456192, 45.962975916965732 ], [ -74.652525109200397, 45.959142320777204 ], [ -74.657545731063834, 45.947153503056889 ], [ -74.671619710976799, 45.944152457836481 ], [ -74.673720397312906, 45.936539542947905 ], [ -74.670617968027159, 45.929207664058836 ], [ -74.71029009515614, 45.931879495976688 ], [ -74.698241258406412, 45.971781675241523 ], [ -74.763220180107595, 45.97274672631648 ], [ -74.764242459754001, 45.946256188484377 ], [ -74.80172264405806, 45.94475832476224 ], [ -74.800905651673716, 45.958900574495253 ], [ -74.806465020639223, 45.958619034420465 ], [ -74.808901294784405, 45.973024201927636 ], [ -74.831731825156155, 45.973121111092858 ], [ -74.831384052440981, 46.003059916918048 ], [ -74.837606219231873, 46.00305181448023 ], [ -74.837629930921622, 46.016769915185094 ], [ -74.85797175472932, 46.016768012011056 ], [ -74.858617771403388, 46.060743382640219 ], [ -74.939450909645728, 46.06172879785808 ], [ -74.939544281009816, 46.105533126858177 ], [ -75.089902598994939, 46.103251383631289 ], [ -75.075233381799265, 46.215283392223185 ], [ -75.116838125469499, 46.215283073785898 ], [ -75.116555451000238, 46.184781677039261 ], [ -75.137640853215345, 46.184941840144717 ], [ -75.137272258479683, 46.160567403091747 ], [ -75.156312767355729, 46.160602612162322 ], [ -75.155932180237045, 46.132296469980346 ], [ -75.176984765145065, 46.132305858865067 ], [ -75.176355550963535, 46.103406851125257 ], [ -75.213057892046095, 46.104235469023862 ], [ -75.213184479128486, 46.098070727459962 ], [ -75.407157560368319, 46.097862164192954 ], [ -75.407209763992867, 45.972950632408754 ], [ -75.599159460067114, 45.971449855896722 ], [ -75.599152889767794, 45.99465154915589 ], [ -75.62076673771125, 45.994712571730794 ], [ -75.620863419145294, 45.982734239350471 ], [ -75.663129600362083, 45.981938906438188 ], [ -75.663210586324908, 45.974791926078893 ], [ -75.66752840178188, 45.970355464690833 ], [ -75.74575353342766, 45.973000339162333 ], [ -75.766424715222726, 45.956514722880634 ], [ -75.777249706312062, 45.952889542085977 ], [ -75.784676088783357, 45.959275247785143 ], [ -75.78485848941186, 45.963966735385803 ], [ -75.776663697756732, 45.964639888589012 ], [ -75.77483872273136, 45.967630985477101 ], [ -75.775865844540476, 45.972250290531946 ], [ -75.782771983358131, 45.970057349467737 ], [ -75.782453988705711, 45.97370960496454 ], [ -75.775350124105501, 45.977790224696712 ], [ -75.781198352371533, 45.98018195 ], [ -75.776790423704739, 45.981079768796263 ], [ -75.776331778736633, 45.985704887205848 ], [ -75.768275529748166, 45.985648294130272 ], [ -75.748227004308703, 45.999035606344975 ], [ -75.746676596453113, 46.001119333687612 ], [ -75.750000935130075, 46.003391796201065 ], [ -75.740246261873438, 46.005631715121375 ], [ -75.745519530882888, 46.007594585519421 ], [ -75.739981789143812, 46.007034149411936 ], [ -75.727202640183904, 46.01526722504488 ], [ -75.716818429950337, 46.015389618968079 ], [ -75.699217803911779, 46.022912806327618 ], [ -75.763486586619138, 46.022735310878033 ], [ -75.768311301034899, 46.174176288927733 ], [ -75.790095334114, 46.174170055759653 ], [ -75.794413548524233, 46.170174177273637 ], [ -75.799013490355676, 46.174121625887935 ], [ -75.800076042000171, 46.178652056363596 ], [ -75.797181484894864, 46.181003875990065 ], [ -75.805390238046542, 46.183016487248153 ], [ -75.810299613713966, 46.195382610322092 ], [ -75.810104756763351, 46.208652345979552 ], [ -75.802477527630217, 46.216827647903003 ], [ -75.813144848914561, 46.224916672711622 ], [ -75.81194327447713, 46.233393826023665 ], [ -75.798168175333473, 46.246186835746784 ], [ -75.795816558566884, 46.258636029934998 ], [ -75.78303323055961, 46.282010327359068 ], [ -75.788354737659958, 46.293465455641282 ], [ -75.807616513499539, 46.300224088203322 ], [ -75.814570299708208, 46.306351083873352 ], [ -75.707042199238799, 46.30916581990126 ], [ -75.705593228518893, 46.438815713371191 ], [ -75.745210657235475, 46.438256738680799 ], [ -75.751212209918322, 46.6669922848913 ], [ -75.74862528007786, 46.664896346404767 ], [ -75.747543745713614, 46.844825792739918 ], [ -75.81095858728429, 46.844887848714251 ], [ -75.814324095609706, 46.833648709259059 ], [ -75.825872888184847, 46.825450204324277 ], [ -75.846282791519343, 46.820732477994802 ], [ -75.858779143712354, 46.81416007872425 ], [ -75.872097157538093, 46.817243801886256 ], [ -75.890006238591184, 46.815501388097552 ], [ -75.89941574864298, 46.820647191019717 ], [ -75.912007793942792, 46.842331131364979 ], [ -75.951023827751456, 46.869068776958919 ], [ -75.971083525404296, 46.878391196783923 ], [ -75.987805985605632, 46.882039868912912 ], [ -75.995248165707068, 46.887979043414589 ], [ -76.019724122255667, 46.886136670791785 ], [ -76.017280799523263, 46.889751501530533 ], [ -76.019944932442399, 46.894058417488267 ], [ -76.014565846373642, 46.893886941659233 ], [ -76.015724774921154, 46.897010913783667 ], [ -76.028049768921136, 46.895158953892398 ], [ -76.036651505221087, 46.890011320141681 ], [ -76.050486870028621, 46.896397271250599 ], [ -76.049088506827914, 46.901084871648905 ], [ -76.052065122749553, 46.903045651854619 ], [ -76.06525086859584, 46.900998109001321 ], [ -76.080379273468026, 46.908611168468035 ], [ -76.083321557340426, 46.905571693049893 ], [ -76.08442456086668, 46.911705116030632 ], [ -76.092119758515523, 46.910809504189814 ], [ -76.097067185722167, 46.913600458105329 ], [ -76.091879781490249, 46.917051260069037 ], [ -76.094114181319597, 46.917236258890071 ], [ -76.091693054105932, 46.919886669555744 ], [ -76.092658548539049, 46.921631093618778 ], [ -76.095292171048015, 46.916369513787203 ], [ -76.105601956951134, 46.911882405041489 ], [ -76.114839637191622, 46.919512776605231 ], [ -76.12816419778693, 46.921024817428986 ], [ -76.133630799468094, 46.935622835220371 ], [ -76.137267860644087, 46.937428465616989 ], [ -76.133631646706178, 46.953407092085534 ], [ -76.136449765464604, 46.961739097300764 ], [ -76.132913714198381, 46.97010217264031 ], [ -76.139122642091735, 46.975739614394087 ], [ -76.138688560417989, 46.979248652913711 ], [ -76.128443780489917, 46.984844914153058 ], [ -76.1398008428379, 46.994561810545221 ], [ -76.139076168512176, 47.001128170125199 ], [ -76.148467136135537, 47.006168193816301 ], [ -76.145597729332749, 47.011100103784244 ], [ -76.14006160437043, 47.011728142066708 ], [ -76.130442583077667, 47.019565275932003 ], [ -76.118981057162756, 47.020099121412997 ], [ -76.102350782039963, 47.030481347044478 ], [ -76.106132846604794, 47.033950496320323 ], [ -76.102186993286608, 47.036466531300775 ], [ -76.102919737931302, 47.047440218044549 ], [ -76.097908118520138, 47.05034809494682 ], [ -76.100638289056434, 47.063632653341337 ], [ -76.097312918298044, 47.078934743169327 ], [ -76.099465470754069, 47.100555971808468 ], [ -76.094978861254333, 47.126750395942231 ], [ -76.09103392132117, 47.130559545353215 ], [ -76.093212662817734, 47.142954402427634 ], [ -76.099522987205305, 47.150574542656926 ], [ -76.098144235622627, 47.155560485185326 ], [ -76.101276703191431, 47.16292039917959 ], [ -76.097972564076628, 47.167856763347039 ], [ -76.103179870423503, 47.173252772491125 ], [ -76.100947101727982, 47.17977447120429 ], [ -76.097740855241867, 47.179081616990153 ], [ -76.095717998022479, 47.182629958361666 ], [ -76.100672166350648, 47.18288555645902 ], [ -76.090565916762131, 47.182745896429992 ], [ -76.094232546035173, 47.187630150247465 ], [ -76.077474171981962, 47.188371749853722 ], [ -76.055043585174673, 47.1984789146304 ], [ -76.041462167542505, 47.19785270105131 ], [ -76.039994362454522, 47.193733690670122 ], [ -76.029663421336792, 47.195215722367521 ], [ -76.032256818638487, 47.190130615087021 ], [ -76.027796741570384, 47.188427080034295 ], [ -76.008548224068107, 47.194374244545308 ], [ -76.002936676207199, 47.199366667350596 ], [ -75.997023009166597, 47.197812326664049 ], [ -75.994087829002169, 47.201443478243426 ], [ -75.990324850407205, 47.201200487171491 ], [ -75.991321265761329, 47.198675025682036 ], [ -75.985399180347571, 47.199818782193859 ], [ -75.98689627480897, 47.202366728467105 ], [ -75.980957278343922, 47.202094843489412 ], [ -75.98049290659165, 47.20475538795629 ], [ -75.97619086037858, 47.20315966886939 ], [ -75.971167270801359, 47.208931571914356 ], [ -75.967225537458589, 47.20897775932518 ], [ -75.966967575968425, 47.213693635708765 ], [ -75.952899225384641, 47.222569502773617 ], [ -75.95148668555079, 47.228673207949761 ], [ -75.942046904199586, 47.232844091801624 ], [ -75.941902768644695, 47.23683175956171 ], [ -75.932698986522865, 47.239120738915211 ], [ -75.934286655378898, 47.240852190164254 ], [ -75.929738994651473, 47.244584285837469 ], [ -75.924495895886722, 47.244516574429149 ], [ -75.919976325674313, 47.246620989419313 ], [ -75.924384282626917, 47.247743829667591 ], [ -75.901826549768771, 47.267067204674731 ], [ -75.893501750491424, 47.268963985259539 ], [ -75.893897710527725, 47.271668225962053 ], [ -75.883220164105154, 47.277784865065819 ], [ -75.877723922587549, 47.285291191305575 ], [ -75.865871632604239, 47.292802547064134 ], [ -75.858733254184969, 47.291954204835328 ], [ -75.826987382185379, 47.312799635511844 ], [ -75.798864584502041, 47.318875291639188 ], [ -75.746884087339538, 47.293054479824612 ], [ -75.747829587463769, 47.272917519261163 ], [ -75.739001337860742, 47.274142798204167 ], [ -75.726028418074279, 47.26815816775855 ], [ -75.724601801040677, 47.270874283299833 ], [ -75.712916003844214, 47.269011765624356 ], [ -75.711338673472667, 47.275822984889807 ], [ -75.714390291256308, 47.285676893580565 ], [ -75.69148162410103, 47.277699902191102 ], [ -75.683817940593016, 47.278311013744023 ], [ -75.678596892387262, 47.285566804506644 ], [ -75.647843206431901, 47.281746573852224 ], [ -75.649067093349572, 47.272327880434204 ], [ -75.652197738380153, 47.270493435153085 ], [ -75.648145669588217, 47.266608508578564 ], [ -75.646693576199752, 47.253505739680911 ], [ -75.639092971488964, 47.250113683126898 ], [ -75.634092271639361, 47.239363180651452 ], [ -75.622163029856296, 47.228569875865702 ], [ -75.629015455394722, 47.218854036264396 ], [ -75.625370947065903, 47.213277918052803 ], [ -75.62658128429301, 47.207280503944332 ], [ -75.62228609018166, 47.205636109834465 ], [ -75.620450611215475, 47.200114804149479 ], [ -75.628802798627774, 47.199237875369541 ], [ -75.625832083521345, 47.180933382712432 ], [ -75.594827192435901, 47.185433987057998 ], [ -75.572591774914741, 47.206727855825285 ], [ -75.559346952672712, 47.207308766897661 ], [ -75.54266521697329, 47.222735737035237 ], [ -75.520809847294458, 47.252633670721139 ], [ -75.512577250778889, 47.258395252442163 ], [ -75.503913156187963, 47.259691769737302 ], [ -75.492522194410071, 47.272904809022371 ], [ -75.479018251219557, 47.276492166787008 ], [ -75.473456820145273, 47.282382023297458 ], [ -75.46697936165971, 47.293494884473489 ], [ -75.466117291282927, 47.306573261727259 ], [ -75.457363823519856, 47.317516019385906 ], [ -75.461768476630809, 47.327047214944287 ], [ -75.467603940808758, 47.329436594161336 ], [ -75.473849790979898, 47.338913970762199 ], [ -75.460443776954776, 47.36789136492856 ], [ -75.454783319244768, 47.3751109327183 ], [ -75.430829281358584, 47.389109118851252 ], [ -75.422252635824975, 47.402475512360681 ], [ -75.389041760582586, 47.428200060797195 ], [ -75.383246641698207, 47.440456461340688 ], [ -75.38224523902457, 47.460287456144883 ], [ -75.377611740983085, 47.471215580355029 ], [ -75.367348307502894, 47.480488445202134 ], [ -75.367985484859204, 47.485249224024194 ], [ -75.355427041485655, 47.493726070077955 ], [ -75.349073699767999, 47.504842192487452 ], [ -75.308028528910725, 47.54747042653743 ], [ -75.310228774668616, 47.555332745624831 ], [ -75.318972151932343, 47.553399061817473 ], [ -75.329319180016341, 47.562837417267183 ], [ -75.339136146251505, 47.56395661302637 ], [ -75.344755003723577, 47.571955378091786 ], [ -75.355500490602907, 47.566912492995463 ], [ -75.36029273451426, 47.570213489447099 ], [ -75.364855772719153, 47.577630846565519 ], [ -75.365600381565415, 47.594176346836569 ], [ -75.354094609966182, 47.610027325332446 ], [ -75.369600712902979, 47.627141437926895 ], [ -75.379947551177651, 47.622025247556344 ], [ -75.381391695962321, 47.61623707905855 ], [ -75.395660985650693, 47.601252973599358 ], [ -75.390527288668082, 47.589416297949931 ], [ -75.402692930983832, 47.586620302891056 ], [ -75.414196315408759, 47.588626240240394 ], [ -75.428935211014291, 47.616152929023897 ], [ -75.419349007916253, 47.629799527813624 ], [ -75.421747166327449, 47.634638612776818 ], [ -75.445672058081527, 47.655339109549338 ], [ -75.446512177623305, 47.663617214503198 ], [ -75.454181411515592, 47.667463663083218 ], [ -75.4558145554399, 47.672464553358857 ], [ -75.473007648412036, 47.6723617092143 ], [ -75.473932565085505, 47.678984941692256 ], [ -75.486477240536402, 47.690371296481651 ], [ -75.493222372237796, 47.690976564570505 ], [ -75.505576599315162, 47.698229771265261 ], [ -75.508115305500127, 47.705532221525409 ], [ -75.513699666262127, 47.710170834973034 ], [ -75.524269820993553, 47.710516291829208 ], [ -75.529195607135463, 47.723883093133736 ], [ -75.524885145424506, 47.730497864374414 ], [ -75.533600672784829, 47.734731578148214 ], [ -75.529477658448229, 47.740597394513564 ], [ -75.530847010176785, 47.745782260415851 ], [ -75.54208464040056, 47.75555909131684 ], [ -75.541772482348151, 47.759273477005316 ], [ -75.538610951916965, 47.763261467276614 ] ] ] } },
{ "type": "Feature", "properties": { "riding_code": 809, "riding_name": "Gaspé" }, "geometry": { "type": "Polygon", "coordinates": [ [ [ -63.462646913438483, 48.896604896932722 ], [ -63.318801564474285, 48.828984613767034 ], [ -63.214307476321515, 48.783960772921276 ], [ -62.999128277483486, 48.701789435208937 ], [ -62.999142894000897, 47.157145197494266 ], [ -63.481064640199719, 47.807586721270354 ], [ -63.791655416053018, 48.220575940290026 ], [ -64.421962346855295, 48.220576163804814 ], [ -64.570566452788398, 48.361499003491275 ], [ -64.581666159834285, 48.378090282594258 ], [ -64.599144285991443, 48.385811844689705 ], [ -64.593160952379662, 48.39514145275988 ], [ -64.604590914176555, 48.409487666728126 ], [ -64.573316065891319, 48.419802262417647 ], [ -64.636887599243565, 48.502891159402431 ], [ -64.820255948164004, 48.441984217775058 ], [ -64.809564527043946, 48.427285711234681 ], [ -64.958044157786716, 48.328598102220106 ], [ -65.500810680044751, 48.679699333625976 ], [ -65.948498213218514, 48.567089137442579 ], [ -66.006813635464667, 48.6083631261628 ], [ -66.537315125299287, 48.957826526726627 ], [ -66.704415216140362, 48.90287333196882 ], [ -66.714595075654259, 48.909423599911889 ], [ -66.709101629459809, 48.916599191739863 ], [ -66.695573803505269, 48.920828079401055 ], [ -66.700332370220522, 48.92749936828239 ], [ -66.693937881403428, 48.934208297633703 ], [ -66.698758873407158, 48.938261458866236 ], [ -66.695038647784457, 48.943540832806953 ], [ -66.69837298627543, 48.949019483807049 ], [ -66.694469547178102, 48.952277306039917 ], [ -66.700678825990039, 48.956459598530927 ], [ -66.696470194407837, 48.964796374041377 ], [ -66.700349433256463, 48.969281512947852 ], [ -66.696817094188631, 48.971244283977789 ], [ -66.704499352607726, 48.9784574796033 ], [ -66.701256042746181, 48.979950417165711 ], [ -66.702256770985159, 48.98559771540355 ], [ -66.699367252013943, 48.988802841376014 ], [ -66.706713849059398, 48.994484119491133 ], [ -66.706177455656942, 49.000006629951471 ], [ -66.733501413304779, 49.017502404556282 ], [ -66.832404398861925, 48.985140300225503 ], [ -67.153345882050814, 49.189066262968197 ], [ -66.815663305740287, 49.385426131952357 ], [ -66.651235711687363, 49.488921707100417 ], [ -66.563427838755644, 49.539175456890028 ], [ -66.470645748645012, 49.582593098230888 ], [ -66.329639614852269, 49.634813166156654 ], [ -66.247662364899924, 49.658033473949033 ], [ -66.157550568055754, 49.678648819684142 ], [ -66.032570139776411, 49.699451789628064 ], [ -65.943622455769017, 49.709369110363539 ], [ -65.81858417920985, 49.71703606787419 ], [ -65.700103336285139, 49.718812746861687 ], [ -65.585296866270284, 49.715447472197013 ], [ -65.47796092965217, 49.708174169253773 ], [ -65.251761487968068, 49.680754608614571 ], [ -65.095085941135025, 49.652754471506164 ], [ -64.974356251552877, 49.626141691953165 ], [ -64.850077055694726, 49.59350430136967 ], [ -64.722523090393224, 49.554308299685545 ], [ -64.595651089311943, 49.509723241300904 ], [ -64.484808925787945, 49.465973437232691 ], [ -64.261280140512881, 49.368528338504028 ], [ -64.163776236342585, 49.319944249735613 ], [ -63.900846684007362, 49.149323909631299 ], [ -63.749686178761863, 49.055775417453141 ], [ -63.600506135016474, 48.968994010240628 ], [ -63.462646913438483, 48.896604896932722 ] ] ] } },
{ "type": "Feature", "properties": { "riding_code": 171, "riding_name": "Huntingdon" }, "geometry": { "type": "Polygon", "coordinates": [ [ [ -73.411237938096477, 45.33021491075371 ], [ -73.369497929850212, 45.309660353012468 ], [ -73.382435984451462, 45.295135793185928 ], [ -73.379510969772596, 45.280688412138559 ], [ -73.389498602285286, 45.268064352288199 ], [ -73.400948085657475, 45.26605983305155 ], [ -73.411898206288484, 45.254267316289969 ], [ -73.383083649059714, 45.259620750629111 ], [ -73.385748404821271, 45.257162274521846 ], [ -73.367526533009197, 45.244475864293179 ], [ -73.356827607299905, 45.252393750978463 ], [ -73.361599055596983, 45.255587020202576 ], [ -73.355418277631045, 45.257364416618323 ], [ -73.343981930573946, 45.268586032313991 ], [ -73.347608740815318, 45.270753053447272 ], [ -73.343918836179853, 45.269831032439562 ], [ -73.34400014520287, 45.272609401655799 ], [ -73.296183454318523, 45.238158110872767 ], [ -73.296287045707118, 45.259227439678206 ], [ -73.273471815969486, 45.2594279839319 ], [ -73.273357373677484, 45.23366842898087 ], [ -73.246218556900033, 45.23394148947628 ], [ -73.25315110271319, 45.213725173639027 ], [ -73.257428942567586, 45.173049326824142 ], [ -73.25425782984928, 45.155106730189125 ], [ -73.256768406386527, 45.143267893557308 ], [ -73.253532871993031, 45.135299716043782 ], [ -73.254956338303813, 45.128030140862087 ], [ -73.273769433549774, 45.115053953655348 ], [ -73.278698158894741, 45.106948846129725 ], [ -73.290834834418987, 45.103999067494954 ], [ -73.320760317131572, 45.081362257753227 ], [ -73.322829749919322, 45.070913331274419 ], [ -73.331402579637569, 45.062577537678493 ], [ -73.329000213692098, 45.053155882481462 ], [ -73.342469209082722, 45.027189514713406 ], [ -73.343167139264139, 45.010711468862134 ], [ -73.650247244088874, 45.003002782723378 ], [ -73.841416678887967, 45.002136121160355 ], [ -74.150133321992854, 44.991358325413309 ], [ -74.33654719626179, 44.992016653076355 ], [ -74.465375015940623, 44.997225008575953 ], [ -74.663055561249323, 44.998916673636778 ], [ -74.669800813548051, 45.005561611610695 ], [ -74.652393585167403, 45.030018539797595 ], [ -74.625752399646515, 45.030074422015296 ], [ -74.601445187223732, 45.0396301009322 ], [ -74.565692763923408, 45.046296950968355 ], [ -74.510577520867059, 45.076741769523117 ], [ -74.495215244831826, 45.064741936202104 ], [ -74.442324460833518, 45.131213207152314 ], [ -74.377042757607214, 45.155213055501605 ], [ -74.319518763242272, 45.188509166906044 ], [ -74.246700261926094, 45.20480591462551 ], [ -74.212704406477243, 45.220877901413829 ], [ -74.124109148129051, 45.145485158733116 ], [ -74.024184917108542, 45.153314586845738 ], [ -73.972819004156918, 45.179451378280397 ], [ -73.950013489350439, 45.162199459488392 ], [ -73.938281642448885, 45.169810753627416 ], [ -73.93718119744841, 45.175027993955922 ], [ -73.927612372104875, 45.183395897927518 ], [ -73.919689098540857, 45.186527365961268 ], [ -73.921616276515365, 45.188177375947085 ], [ -73.910719984543206, 45.18982119243973 ], [ -73.913123047813372, 45.191724359155387 ], [ -73.902447376852635, 45.20303891968512 ], [ -73.873322845643145, 45.208832235271018 ], [ -73.856582910691984, 45.217431038522371 ], [ -73.866643090708365, 45.225079651755458 ], [ -73.859161571735214, 45.235085383522197 ], [ -73.851356756236157, 45.229286842342191 ], [ -73.821793979419866, 45.274446195427934 ], [ -73.819867655115402, 45.27354143330902 ], [ -73.81936557645686, 45.277287162857718 ], [ -73.826686610205968, 45.278021063737789 ], [ -73.823345158712684, 45.28363940565913 ], [ -73.82527258757402, 45.287273224624272 ], [ -73.812515467534027, 45.307088533352236 ], [ -73.81434235197581, 45.311842034994307 ], [ -73.811585769727586, 45.313846389624779 ], [ -73.639240533704978, 45.18461697053722 ], [ -73.61398758143946, 45.220749033090613 ], [ -73.605275697557275, 45.218075274456957 ], [ -73.598208024486908, 45.229481744465744 ], [ -73.60310035750453, 45.231030625276347 ], [ -73.589724210185551, 45.252097722039203 ], [ -73.585021060594556, 45.250748783506182 ], [ -73.583237364705752, 45.253868325970679 ], [ -73.586326863189868, 45.255090396445169 ], [ -73.580232217590662, 45.26204270761405 ], [ -73.578775957143634, 45.269157660309702 ], [ -73.582672168066878, 45.275863356302835 ], [ -73.577679383448057, 45.286407231728809 ], [ -73.571773810734967, 45.288356269600385 ], [ -73.576914065268198, 45.289889863911085 ], [ -73.570951878358784, 45.28980541417355 ], [ -73.568901682401176, 45.295697530831745 ], [ -73.547592550436462, 45.289721676761822 ], [ -73.550037970239572, 45.293200378320527 ], [ -73.537063817973959, 45.290413909555824 ], [ -73.53661725987665, 45.292769107415246 ], [ -73.530419254691438, 45.292771508815655 ], [ -73.515298327916312, 45.286750944927753 ], [ -73.517405894342971, 45.280299804012628 ], [ -73.510423266555932, 45.277583598608793 ], [ -73.507077659917343, 45.279418696581061 ], [ -73.510288779984549, 45.280656963550889 ], [ -73.508725494659728, 45.283678545476633 ], [ -73.502718463848353, 45.284883131002225 ], [ -73.493754983983607, 45.296821156552284 ], [ -73.493050342987061, 45.296928236473398 ], [ -73.492075237090887, 45.295840554862458 ], [ -73.493632878510667, 45.295235817800183 ], [ -73.492652240759966, 45.294723516800182 ], [ -73.493671241095626, 45.293942341050965 ], [ -73.49316653849543, 45.292759696378681 ], [ -73.478626139318422, 45.294064521534558 ], [ -73.47710342553907, 45.29179267461766 ], [ -73.480056105751586, 45.290310149195733 ], [ -73.477049439447811, 45.286893004396774 ], [ -73.479820554669345, 45.285527366886257 ], [ -73.476194063887363, 45.28142900495741 ], [ -73.460690847495911, 45.289034586582915 ], [ -73.463956411417101, 45.294072183117407 ], [ -73.443472279030516, 45.303795380107381 ], [ -73.443849103362069, 45.310579607212425 ], [ -73.424798754485536, 45.319278000033911 ], [ -73.421568675723222, 45.315777776360029 ], [ -73.411237938096477, 45.33021491075371 ] ] ] } },
{ "type": "Feature", "properties": { "riding_code": 317, "riding_name": "Hochelaga-Maisonneuve" }, "geometry": { "type": "Polygon", "coordinates": [ [ [ -73.540231327718033, 45.529294474982578 ], [ -73.563012925556748, 45.537393018175464 ], [ -73.554406141972649, 45.5557204561579 ], [ -73.55254763751357, 45.56822366395599 ], [ -73.512173565688016, 45.555364685266284 ], [ -73.530887744141211, 45.534674657755609 ], [ -73.540231327718033, 45.529294474982578 ] ] ] } },
{ "type": "Feature", "properties": { "riding_code": 691, "riding_name": "Trois-Rivières" }, "geometry": { "type": "Polygon", "coordinates": [ [ [ -72.681373979932516, 46.412942309139822 ], [ -72.645488299508216, 46.393316915842078 ], [ -72.624817257730641, 46.397172570050998 ], [ -72.604460016303307, 46.375259838152168 ], [ -72.558320276356866, 46.366838199976179 ], [ -72.53773157024969, 46.36799648575861 ], [ -72.531893985681364, 46.361261691185923 ], [ -72.494585836865198, 46.355291115528701 ], [ -72.528702528463754, 46.337009031278946 ], [ -72.560513039828621, 46.306761374715407 ], [ -72.642531373588866, 46.355964738749229 ], [ -72.723389587269565, 46.411626814022434 ], [ -72.704910542901601, 46.424249328222281 ], [ -72.686776661864442, 46.420177790471847 ], [ -72.681373979932516, 46.412942309139822 ] ] ] } },
{ "type": "Feature", "properties": { "riding_code": 829, "riding_name": "Roberval" }, "geometry": { "type": "Polygon", "coordinates": [ [ [ -72.074190306265734, 51.15078314881336 ], [ -72.044050898146338, 51.145351993274645 ], [ -72.050966398245791, 51.139019622651354 ], [ -72.049537975935593, 51.12851456192147 ], [ -72.052242356689618, 51.115828989669872 ], [ -72.04791476635306, 51.113098305086119 ], [ -72.051790246296264, 51.108514746451867 ], [ -72.047827553002193, 51.10559824984999 ], [ -72.049604361708816, 51.075354382940418 ], [ -72.054142167080983, 51.07004924460994 ], [ -72.049978803609051, 51.065645141727444 ], [ -72.053577689444595, 51.061398491165008 ], [ -72.051858064185609, 51.051067508798774 ], [ -72.056253923557634, 51.047840545988407 ], [ -72.072259144028138, 51.048495496636043 ], [ -72.07522042298649, 51.044410757662149 ], [ -72.074609448039425, 51.033441729521556 ], [ -72.088967710840507, 51.026350540533784 ], [ -72.092302297139057, 51.015754449448892 ], [ -72.09011769333668, 51.005054832138249 ], [ -72.096165829049369, 50.987456915832652 ], [ -72.101859510422656, 50.981167774513175 ], [ -72.095575112600372, 50.97406083231585 ], [ -72.10764800091097, 50.954767359882624 ], [ -72.104042596147906, 50.938160170838557 ], [ -72.107143407919963, 50.919793734480002 ], [ -72.104325183682221, 50.90916626524146 ], [ -72.107056785715457, 50.901670253284415 ], [ -72.101412461477778, 50.886787618504819 ], [ -72.107545956442621, 50.855165120917711 ], [ -72.139072086607896, 50.839778660963724 ], [ -72.145765548909367, 50.839336683792347 ], [ -72.150335457931774, 50.829316969241574 ], [ -72.155819081203788, 50.826262815361595 ], [ -72.154030586029933, 50.814979411952187 ], [ -72.15885453374689, 50.809879298670729 ], [ -72.151867823206388, 50.80100635378281 ], [ -72.155989249621115, 50.796386215600037 ], [ -72.148939797308756, 50.77475203707872 ], [ -72.15402326152801, 50.751500921873038 ], [ -72.150941998336066, 50.739736682508884 ], [ -72.154589614567598, 50.737640154049757 ], [ -72.156914560402413, 50.729339687858676 ], [ -72.164938135167063, 50.726993801971965 ], [ -72.162653523114841, 50.720770793361638 ], [ -72.166804703663274, 50.710602354791313 ], [ -72.165119198568078, 50.706749345045083 ], [ -72.171375443518016, 50.699753092142679 ], [ -72.17676947365446, 50.685454966147589 ], [ -72.182401976547027, 50.680733296101224 ], [ -72.183418184439617, 50.675914774002102 ], [ -72.179840933142955, 50.670873862565607 ], [ -72.188698753358722, 50.634533859668146 ], [ -72.186475157874725, 50.62557658925909 ], [ -72.192472470940544, 50.614968187922493 ], [ -72.187994914111641, 50.608666956794536 ], [ -72.190911630028211, 50.593287748926848 ], [ -72.188470328834654, 50.584162860948211 ], [ -72.183217732036155, 50.580688798549339 ], [ -72.182360990445929, 50.565206143999269 ], [ -72.175271172271991, 50.557486234799029 ], [ -72.176338312395515, 50.552567782673322 ], [ -72.161714746035599, 50.537394783941515 ], [ -72.166239425305008, 50.530598349109056 ], [ -72.162281472686857, 50.525590024934914 ], [ -72.163580750295992, 50.517619419800759 ], [ -72.159085213955407, 50.508062505734131 ], [ -72.162164653401774, 50.502756938137452 ], [ -72.153266985785947, 50.483056596580674 ], [ -72.160993881474866, 50.478037202625572 ], [ -72.156605496338258, 50.469223994546432 ], [ -72.159349319523358, 50.443794542809663 ], [ -72.16451211717613, 50.434433326274252 ], [ -72.161616379916808, 50.430997180595881 ], [ -72.164985710360625, 50.419598990390078 ], [ -72.162452567031949, 50.416084594884843 ], [ -72.183549486429911, 50.382212568916081 ], [ -72.181967104750044, 50.352489274848139 ], [ -72.171343387547338, 50.349021635972726 ], [ -72.172943616425741, 50.34448858840625 ], [ -72.169837151403982, 50.341936083523535 ], [ -72.162079310456434, 50.341545768076607 ], [ -72.160946918114121, 50.334291758632304 ], [ -72.15617896579424, 50.330654425883871 ], [ -72.164092578303752, 50.327240224561358 ], [ -72.156362424644868, 50.32100364380215 ], [ -72.164034372237168, 50.316613210726686 ], [ -72.156768213359442, 50.310053565895771 ], [ -72.162043334431317, 50.305471736890723 ], [ -72.150522228543139, 50.305921161226436 ], [ -72.159564922720861, 50.29986121553555 ], [ -72.158021513309592, 50.28894590126523 ], [ -72.160403313334683, 50.282437712768683 ], [ -72.153157711684017, 50.273656227629999 ], [ -72.161829776358275, 50.270794545535914 ], [ -72.163236277409524, 50.260617007451437 ], [ -72.159831990983719, 50.256848108083766 ], [ -72.147901274908108, 50.254066730202574 ], [ -72.157936983427376, 50.246873258871489 ], [ -72.152697099268039, 50.238946177111274 ], [ -72.159927171175426, 50.235957171450671 ], [ -72.148281702066882, 50.232174143982782 ], [ -72.161155687891721, 50.226187220528523 ], [ -72.157146418454957, 50.217213607434772 ], [ -72.17058351459228, 50.218733547980882 ], [ -72.172510434410583, 50.215389758796327 ], [ -72.169765017814612, 50.212210755466032 ], [ -72.15564186835644, 50.215154183984836 ], [ -72.152839550774644, 50.21259673206329 ], [ -72.170952389563908, 50.208933861972355 ], [ -72.172848104449841, 50.202003307668285 ], [ -72.178165126283602, 50.198363542107884 ], [ -72.172541865503774, 50.192790564357828 ], [ -72.161898977452452, 50.19575323840467 ], [ -72.164436116573626, 50.188450414665283 ], [ -72.174134553866566, 50.184408380492677 ], [ -72.16771143378655, 50.178148412031931 ], [ -72.170775255700732, 50.172328191037593 ], [ -72.167629653574252, 50.164444796799806 ], [ -72.170111315592166, 50.156539897935289 ], [ -72.159907813502301, 50.150492352817174 ], [ -72.165947617684537, 50.126992461017764 ], [ -72.175363213545424, 50.120311697437977 ], [ -72.165836323000462, 50.115456715677212 ], [ -72.165820883892323, 50.112246285759248 ], [ -72.177252699437631, 50.105069466752035 ], [ -72.174089987271444, 50.101502880317454 ], [ -72.164845412398549, 50.101121039674041 ], [ -72.163924703894523, 50.081631092925697 ], [ -72.157924712802526, 50.065452945606538 ], [ -72.161633128285857, 50.060168810678029 ], [ -72.173482152229525, 50.055412596935689 ], [ -72.160309025380499, 50.041945662735088 ], [ -72.131133417194121, 49.949506620417267 ], [ -72.096645974255708, 49.888955608847311 ], [ -72.091624589990957, 49.871171626830723 ], [ -72.078055110567007, 49.845459643743368 ], [ -72.063262900756826, 49.835894351209255 ], [ -72.058738957896935, 49.827732866067819 ], [ -72.059983998724718, 49.822171045403437 ], [ -72.050589540090314, 49.81617176900712 ], [ -72.035085251216572, 49.814395686794128 ], [ -72.032061697011741, 49.808420832238362 ], [ -72.031429107928616, 49.784684334996463 ], [ -72.036589612791474, 49.773595561137526 ], [ -72.026646673659698, 49.767837218564786 ], [ -72.029236277491648, 49.762890818240216 ], [ -72.027428295756039, 49.755617473679244 ], [ -72.032281703448717, 49.74933766213347 ], [ -72.019536575748219, 49.741782583798937 ], [ -72.001945790763401, 49.719169217133505 ], [ -71.993638980848459, 49.712984354194148 ], [ -72.00160786831502, 49.694446477764899 ], [ -72.018427393402817, 49.695448013813362 ], [ -72.025343552850259, 49.686091790606497 ], [ -72.023590621846466, 49.677036182560691 ], [ -72.037447542867909, 49.68030756814494 ], [ -72.046649688917356, 49.66973152031585 ], [ -72.033820811063833, 49.652815265963596 ], [ -72.038153978366751, 49.644230324514304 ], [ -72.035344345646507, 49.640230410959553 ], [ -72.038204692039912, 49.631869826701646 ], [ -72.027895980820958, 49.60304324474037 ], [ -72.027644836521802, 49.593420706731699 ], [ -72.031397058865224, 49.587670771845843 ], [ -72.020284696396772, 49.581842919324956 ], [ -72.007681838552045, 49.567725424603601 ], [ -71.995914487434092, 49.56155520562551 ], [ -71.992833853299146, 49.55538151090483 ], [ -71.971870447338162, 49.545206833543034 ], [ -71.948818055418286, 49.512004746329353 ], [ -71.934470093542075, 49.509307764793732 ], [ -71.936167977308827, 49.499985962397844 ], [ -71.931019451141594, 49.492549599884811 ], [ -71.934262799420338, 49.484939672423408 ], [ -71.929417948300426, 49.473853599825723 ], [ -71.934174107159961, 49.457545789764943 ], [ -71.928207189372657, 49.435511620487055 ], [ -71.943539200983139, 49.405686748397763 ], [ -71.944311699895508, 49.385719107259014 ], [ -71.949654417896085, 49.381672299452333 ], [ -71.965741882049201, 49.381468696812085 ], [ -71.975952961849913, 49.367064534704575 ], [ -71.987530900006632, 49.367868339342095 ], [ -71.989454970145673, 49.375798449128631 ], [ -71.992554660403783, 49.377150338561513 ], [ -72.001037939450882, 49.376340583767373 ], [ -72.007176078128438, 49.369920102399639 ], [ -72.01504430604416, 49.37234165543493 ], [ -72.017171009280034, 49.38828396378544 ], [ -72.025261132955137, 49.399230209577134 ], [ -72.033284073662102, 49.39275893140978 ], [ -72.035899886761413, 49.380396230010497 ], [ -72.042627057031751, 49.377751113659343 ], [ -72.04886883415972, 49.37839057558601 ], [ -72.04881369897609, 49.385174859763623 ], [ -72.055148604441001, 49.38911351483268 ], [ -72.057147121565592, 49.394810174823967 ], [ -72.068794243097415, 49.392114225558274 ], [ -72.079849609297895, 49.374141551170581 ], [ -72.086127294951609, 49.373310951126996 ], [ -72.092965400169774, 49.378030302377738 ], [ -72.104738598771874, 49.356757005594055 ], [ -72.116521197163195, 49.347368600519367 ], [ -72.13001509522617, 49.327114149851084 ], [ -72.155775886009252, 49.252886966027411 ], [ -72.139003993837463, 49.237301239001859 ], [ -72.135236885390597, 49.228497715456264 ], [ -72.113177819345367, 49.208639985782284 ], [ -72.1034921707124, 49.186469661621409 ], [ -72.092307234641197, 49.177950391031914 ], [ -72.092036377560163, 49.173383135855524 ], [ -72.080144893714419, 49.159565085817256 ], [ -72.079757789763462, 49.154524173777851 ], [ -72.089621224462391, 49.145205967405808 ], [ -72.091738767760219, 49.135674337534937 ], [ -71.874987960619976, 49.135749482254269 ], [ -71.875774265081176, 49.130628399257738 ], [ -71.868435955921299, 49.12190158127423 ], [ -71.869829649386205, 49.117792765528009 ], [ -71.865546860452795, 49.107510929214328 ], [ -71.890269262729149, 49.080479492239498 ], [ -71.882336204008411, 49.078739892002012 ], [ -71.881498218843902, 49.070232774030003 ], [ -71.878756195023186, 49.069582561957318 ], [ -71.880254085978947, 49.06386281557235 ], [ -71.86935224189358, 49.058148523411127 ], [ -71.860281292366878, 49.047633997385688 ], [ -71.843627335292538, 49.039923866584495 ], [ -71.840500681724592, 49.027414882110115 ], [ -71.84271981143182, 49.024961150896829 ], [ -71.845077830267215, 49.026732302316603 ], [ -71.84773420033504, 49.022294065827552 ], [ -71.842908317236279, 49.02235076635953 ], [ -71.844556309118389, 49.016430865448264 ], [ -71.838946742673613, 49.007755170417376 ], [ -71.840807235530434, 49.001723698837239 ], [ -71.855174300284247, 48.996646375678225 ], [ -71.853786319133548, 48.994616894760838 ], [ -71.85927476987969, 48.989526014196215 ], [ -71.857636830186408, 48.986627458156441 ], [ -71.862591484800532, 48.9826343321891 ], [ -71.858413711884211, 48.978687743995735 ], [ -71.868930549467777, 48.977322623826609 ], [ -71.871296738253889, 48.96995085296718 ], [ -71.878225931628833, 48.966978501429011 ], [ -71.877372507856109, 48.956094000257458 ], [ -71.884681037744627, 48.944997892882611 ], [ -71.90164948455714, 48.938793678495585 ], [ -71.918014613762949, 48.937688741435558 ], [ -71.912660996811923, 48.935913375571111 ], [ -71.918896656043799, 48.934651030930802 ], [ -71.932260093713623, 48.917908046956953 ], [ -71.924984868633871, 48.913681661917479 ], [ -71.928323963373657, 48.911682175974242 ], [ -71.92453554904867, 48.896760942777995 ], [ -71.932424681726204, 48.89531734598075 ], [ -71.945340980008424, 48.882935831473318 ], [ -71.971672362285261, 48.870515600848741 ], [ -71.76828696242778, 48.834489578393935 ], [ -71.778832954081281, 48.832799507189343 ], [ -71.781689808556237, 48.825638090432086 ], [ -71.80912560034615, 48.818709911991888 ], [ -71.823530890875844, 48.808855436570376 ], [ -71.827765612549385, 48.787524038260734 ], [ -71.824656030177849, 48.780921780139238 ], [ -71.814173939078529, 48.774552222003102 ], [ -71.813229846728504, 48.769797204930462 ], [ -71.85896946980084, 48.742023587205786 ], [ -71.893366380435623, 48.734989960279229 ], [ -71.90784057504635, 48.728381164664988 ], [ -71.932958539823915, 48.726356747740596 ], [ -71.989562470534466, 48.736410501898582 ], [ -72.023852701549316, 48.753271519920894 ], [ -72.052906592904748, 48.761214913731294 ], [ -72.080710352522871, 48.755663595328329 ], [ -72.104357032654079, 48.744185813508452 ], [ -72.000000342593111, 48.497517740352237 ], [ -71.961157421663074, 48.413661406952336 ], [ -71.971351325718018, 48.403407191945035 ], [ -71.970797688828711, 48.397790993999017 ], [ -71.977184383249281, 48.395540041602189 ], [ -71.977077611084255, 48.389259333548281 ], [ -71.966532139966958, 48.384190611878076 ], [ -71.965058505928681, 48.379229727494057 ], [ -71.901897699403676, 48.366297558282099 ], [ -71.908280540789946, 48.352286017063271 ], [ -71.905028666560526, 48.351646358002689 ], [ -71.928190486956765, 48.303825820903292 ], [ -71.887496682052443, 48.297152431435613 ], [ -71.910262602095514, 48.241438338391589 ], [ -71.958703562155094, 48.250222150051847 ], [ -71.944190056846054, 48.232058873908599 ], [ -71.944421211064309, 48.22497075579053 ], [ -71.926011436231647, 48.209635602194275 ], [ -71.931777182328844, 48.201059671121271 ], [ -71.924980130318872, 48.191046862968761 ], [ -71.9168610674635, 48.184494403557316 ], [ -71.89568510663922, 48.184448181422404 ], [ -71.895716570011103, 48.181252221257026 ], [ -71.886786254250254, 48.176681691249009 ], [ -71.88179180489071, 48.164116591572885 ], [ -71.886478440463634, 48.146207704004603 ], [ -71.894736220660889, 48.142903424716202 ], [ -71.898720535774018, 48.133486044317365 ], [ -71.905978805232905, 48.130845678199684 ], [ -71.908854964537539, 48.120625370926717 ], [ -71.922024877202759, 48.106400311783588 ], [ -71.933742378940408, 48.10274695678892 ], [ -71.933277139508562, 48.09856907555303 ], [ -71.939928936164165, 48.092524650805146 ], [ -71.961928680517659, 48.085175243527978 ], [ -71.969030788076253, 48.063558028091435 ], [ -71.974021257872522, 48.060276846011817 ], [ -71.973878053193118, 48.052303113188636 ], [ -71.983315266124777, 48.05015168431796 ], [ -71.994374994847618, 48.042065501337333 ], [ -71.999764600392822, 48.044320899819731 ], [ -72.006991170305653, 48.041314355896859 ], [ -72.01485396721931, 48.031571503045832 ], [ -72.023128074196151, 48.031434678709367 ], [ -72.023428616204839, 48.02776645507565 ], [ -72.031192412906421, 48.023155274907793 ], [ -72.037020690289225, 48.029740335130782 ], [ -72.046530621095187, 48.032335135557162 ], [ -72.050024829248486, 48.0236309273809 ], [ -72.046487974391766, 48.016689551471856 ], [ -72.050438206381074, 48.010047618518428 ], [ -72.049883784856362, 48.004521236403413 ], [ -72.058248397038213, 48.006406766881859 ], [ -72.067962552859825, 47.998732613593603 ], [ -72.073672648473917, 48.004310611317173 ], [ -72.087582154225814, 47.998620836238324 ], [ -73.017743424214302, 47.998586084294388 ], [ -73.83438549390857, 48.543037015258996 ], [ -74.473304881637347, 48.94664742385141 ], [ -74.466761599574355, 48.954368444607688 ], [ -74.459850342950773, 48.954353353369882 ], [ -74.453610449959541, 48.971793934280306 ], [ -74.440930984474178, 48.974410836207966 ], [ -74.436780578617928, 48.971712720353764 ], [ -74.440436221207719, 48.960634139888491 ], [ -74.435926002354989, 48.958669492699379 ], [ -74.436137586761205, 48.952020082946476 ], [ -74.446621499608113, 48.949873217983196 ], [ -74.45015321664755, 48.943494250950806 ], [ -74.441205023362002, 48.932065324871076 ], [ -74.433547190632055, 48.936158997053887 ], [ -74.41712599511402, 48.934816598557482 ], [ -74.411462736097093, 48.925677255008928 ], [ -74.402052048612532, 48.922228744759018 ], [ -74.399215444122788, 48.926219448493882 ], [ -74.391470566140697, 48.927114713484286 ], [ -74.389725996731727, 48.936191129200822 ], [ -74.369503546470824, 48.938976277926713 ], [ -74.368086476369484, 48.936172671418134 ], [ -74.354738572949401, 48.935076728119199 ], [ -74.355164917082746, 48.928094774316364 ], [ -74.36318269360271, 48.923362189269376 ], [ -74.363021352897633, 48.918305048886026 ], [ -74.345923392445499, 48.923177233328211 ], [ -74.332182552849332, 48.921587202688606 ], [ -74.330621656655026, 48.933585031861327 ], [ -74.334697291846055, 48.935019342758686 ], [ -74.336283102095564, 48.940772303370196 ], [ -74.329790201072569, 48.948356473023871 ], [ -74.335080663334011, 48.950232821073222 ], [ -74.338269609135622, 48.95712551531868 ], [ -74.334258527764646, 48.968455688311955 ], [ -74.329596356491052, 48.967872145690478 ], [ -74.324947093912769, 48.971773779740566 ], [ -74.314300084550226, 48.970671718568582 ], [ -74.311024577603902, 48.977216515879512 ], [ -74.296156723709856, 48.97653855195523 ], [ -74.29397528173277, 48.987295533611515 ], [ -74.28517319334324, 48.990384509091172 ], [ -74.283222039144903, 48.99921379246247 ], [ -74.2890866622853, 49.003133905855485 ], [ -74.288154676413157, 49.009592954798826 ], [ -74.302919618172652, 49.013150668159348 ], [ -74.297797538978571, 49.020258230450629 ], [ -74.297600236317095, 49.026004969961512 ], [ -74.303163092421769, 49.027936225790739 ], [ -74.306832679630105, 49.041604665578149 ], [ -74.296882647709538, 49.040960783480728 ], [ -74.287217198064553, 49.044963889661545 ], [ -74.290545736394506, 49.048005070734568 ], [ -74.290200439177823, 49.063991686816323 ], [ -74.287217419722168, 49.070704694195811 ], [ -74.277782452171294, 49.070365138584584 ], [ -74.279262997868912, 49.078798278157493 ], [ -74.273394555030848, 49.089364654881457 ], [ -74.280224355786004, 49.099556807804042 ], [ -74.278203385393823, 49.102910405760412 ], [ -74.274101385603728, 49.101303165279589 ], [ -74.266664989829025, 49.105376077935944 ], [ -74.270933559699756, 49.112860389079472 ], [ -74.264025979609954, 49.119796757230901 ], [ -74.264280288926344, 49.1369682419367 ], [ -74.252976222383182, 49.138549611334831 ], [ -74.250622716266292, 49.135716568767037 ], [ -74.244265123290717, 49.136036782667752 ], [ -74.250447723975739, 49.160237061338862 ], [ -74.243980786946537, 49.16583127521276 ], [ -74.253406376354945, 49.170570631180532 ], [ -74.24917151876457, 49.181472342954308 ], [ -74.241876425567199, 49.187564896929864 ], [ -74.239336810366098, 49.195782667671523 ], [ -74.243125615591495, 49.202249086502007 ], [ -74.239910597188342, 49.209643905533014 ], [ -74.229208994746841, 49.211075088073649 ], [ -74.227404011270252, 49.218094838256576 ], [ -74.229995989073913, 49.224893064856012 ], [ -74.227792174872704, 49.254214282890047 ], [ -74.230561890356043, 49.259339561490215 ], [ -74.227848560174607, 49.262445223416925 ], [ -74.232547090069403, 49.267916162247595 ], [ -74.229468512908738, 49.279620700917818 ], [ -74.230562061964733, 49.283292965835329 ], [ -74.235771208479747, 49.283988241331564 ], [ -74.235711139072933, 49.287368499543447 ], [ -74.249496303784795, 49.28982619612519 ], [ -74.250266127541465, 49.283114005744075 ], [ -74.260945443704387, 49.273917885582854 ], [ -74.271074995793029, 49.275334168668877 ], [ -74.270421666842182, 49.286790060040097 ], [ -74.283988290923503, 49.286810833606879 ], [ -74.289143658765937, 49.280082231878147 ], [ -74.293934865280391, 49.289925330336189 ], [ -74.303134758048458, 49.283958993959153 ], [ -74.305256926656739, 49.27525984703199 ], [ -74.302157932716227, 49.270409757116276 ], [ -74.306003469357464, 49.259350258957113 ], [ -74.311979316149348, 49.258257315219879 ], [ -74.315034470376744, 49.260334236296238 ], [ -74.312785490697181, 49.270894809576454 ], [ -74.32464221738293, 49.273648178313032 ], [ -74.336012930945643, 49.272185174605475 ], [ -74.330321907805484, 49.282538324779644 ], [ -74.334267362269514, 49.286456727345318 ], [ -74.349270321064296, 49.29066845769529 ], [ -74.36162979097827, 49.30105843505212 ], [ -74.381732940452991, 49.302203970387467 ], [ -74.374278953279571, 49.310607450659937 ], [ -74.374862657347023, 49.3165317296599 ], [ -74.385125739516795, 49.31963676710366 ], [ -74.392498310377107, 49.31664113458811 ], [ -74.41992045760567, 49.319273648506027 ], [ -74.433015476987791, 49.323845032725622 ], [ -74.418016108175678, 49.344363854067566 ], [ -74.409737865180972, 49.350916945601675 ], [ -74.40925910935276, 49.357422424873747 ], [ -74.393909739531523, 49.369742470500718 ], [ -74.394754246876261, 49.37262169615439 ], [ -74.402074675456745, 49.374762814554451 ], [ -74.412904951074211, 49.37507873503403 ], [ -74.416211480223836, 49.381774904817313 ], [ -74.407275360567908, 49.387829808619635 ], [ -74.404652484219241, 49.394270376118769 ], [ -74.407346078419508, 49.410033753160711 ], [ -74.405492066769852, 49.428103099761515 ], [ -74.394665304788077, 49.434740730153898 ], [ -74.383918876876621, 49.433175556238695 ], [ -74.377385792714364, 49.44141823851141 ], [ -74.379508419796437, 49.444843148690943 ], [ -74.37686851697967, 49.454652770216221 ], [ -74.387678397774664, 49.457233058244242 ], [ -74.3938749234634, 49.474326526253556 ], [ -74.387604521069505, 49.482153202431107 ], [ -74.373347307431985, 49.482285967165566 ], [ -74.358736907431009, 49.497922561865622 ], [ -74.340199232934481, 49.504576470135433 ], [ -74.340365880961059, 49.502031041634922 ], [ -74.321408191187118, 49.492293724129226 ], [ -74.334489989238705, 49.484131342722513 ], [ -74.336333014906984, 49.477785092679909 ], [ -74.318352907289309, 49.47768640348086 ], [ -74.295681676893139, 49.486088636566087 ], [ -74.288765405745806, 49.495428754585689 ], [ -74.281025833407128, 49.497429284503838 ], [ -74.267349285773719, 49.508336739398111 ], [ -74.253053130163678, 49.512805278654852 ], [ -74.253285249515983, 49.51783231999574 ], [ -74.268122111848371, 49.524071444282683 ], [ -74.257452771373309, 49.534480561542509 ], [ -74.252412640418854, 49.544902951058191 ], [ -74.250488850905739, 49.551421615450948 ], [ -74.253363861711279, 49.553488565948747 ], [ -74.250855080709556, 49.558515312801603 ], [ -74.252816273547822, 49.566938096304206 ], [ -74.250472295483675, 49.570166070412412 ], [ -74.228117761335298, 49.568993526493642 ], [ -74.22515322131494, 49.587202507357141 ], [ -74.19835972556514, 49.611464289784379 ], [ -74.19887545374867, 49.619596587922068 ], [ -74.194675613116601, 49.62060083516711 ], [ -74.193931442819832, 49.630740807270357 ], [ -74.184578740392283, 49.646067225768007 ], [ -74.191522702863267, 49.655278211181539 ], [ -74.183404639436915, 49.668011017764229 ], [ -74.178491812181989, 49.683755324706411 ], [ -74.173815483536771, 49.685612714161685 ], [ -74.161502374873706, 49.680758604294674 ], [ -74.155564061022858, 49.682624126323518 ], [ -74.151406812386725, 49.678347295821446 ], [ -74.141540831063153, 49.679709387206763 ], [ -74.122277525346348, 49.693339045487654 ], [ -74.117913489546694, 49.703369360892161 ], [ -74.11060116965119, 49.70580217569298 ], [ -74.106597456260801, 49.716053117685213 ], [ -74.111226469725409, 49.720486563348288 ], [ -74.098490979487181, 49.735388013759724 ], [ -74.016613921789627, 49.73532935035179 ], [ -74.016583658119359, 49.801934791264998 ], [ -74.00038639754878, 49.807784046179911 ], [ -73.983776980624995, 49.833055943805036 ], [ -73.969174949611329, 49.841251087569574 ], [ -73.955963733451384, 49.84195221426954 ], [ -73.945290642660765, 49.860825883566889 ], [ -73.923126999715265, 49.881085319555879 ], [ -73.921450169383391, 49.890746634659941 ], [ -73.913363186228551, 49.891741147342977 ], [ -73.907494896618147, 49.899000665925414 ], [ -73.907934669321961, 49.905486294643623 ], [ -73.904200987639612, 49.910496721206968 ], [ -73.908648846772707, 49.913160044503798 ], [ -73.910039861419136, 49.927834460058193 ], [ -73.896354357868177, 49.954640388979747 ], [ -73.888748998830934, 49.961226290528799 ], [ -73.877781297613197, 49.960520973725188 ], [ -73.869472810916491, 49.965821966811085 ], [ -73.854998662916856, 49.996905476780171 ], [ -73.847601352866846, 49.999655748510669 ], [ -73.852930454762728, 50.004443459859523 ], [ -73.851636765001459, 50.011362692438652 ], [ -73.835829602283098, 50.00962072353947 ], [ -73.832162295776698, 50.01368074694237 ], [ -73.829105325681624, 50.010979731173471 ], [ -73.822750300637807, 50.013532063529404 ], [ -73.81210686735767, 50.030452329161726 ], [ -73.804373802545783, 50.030023531628288 ], [ -73.801076088356254, 50.042064347842825 ], [ -73.794446320591803, 50.044183287251485 ], [ -73.793366446462613, 50.050536334773035 ], [ -73.787595844511671, 50.056056445116624 ], [ -73.783764084826103, 50.078580722759547 ], [ -73.779336709106147, 50.078297374490631 ], [ -73.777999473339335, 50.083514876005253 ], [ -73.781582381908962, 50.085733299949517 ], [ -73.781072662466386, 50.090969684661076 ], [ -73.788083419666876, 50.094465022536006 ], [ -73.78998781705279, 50.102181570098139 ], [ -73.778664688122049, 50.109667903696682 ], [ -73.780778407321094, 50.11553280785072 ], [ -73.774955491516408, 50.119936915148294 ], [ -73.783171319495764, 50.125240754439297 ], [ -73.781232130523776, 50.131187437124908 ], [ -73.792407126132133, 50.135415783645833 ], [ -73.784700237547838, 50.146900989450785 ], [ -73.774333560551398, 50.149252887229473 ], [ -73.769801645607089, 50.155209019393737 ], [ -73.778843003707976, 50.160792552548529 ], [ -73.775939700726241, 50.167003940676963 ], [ -73.784620131944124, 50.172041307151027 ], [ -73.783115732004973, 50.182231782843999 ], [ -73.778801235224535, 50.186669432751408 ], [ -73.784113445835885, 50.190146879170548 ], [ -73.769949070969318, 50.215981171112666 ], [ -73.746869774408566, 50.23197575405667 ], [ -73.73895921048053, 50.228856197504591 ], [ -73.738084089362232, 50.221549106492638 ], [ -73.732766022354781, 50.216513233560278 ], [ -73.716563764555019, 50.217222746316224 ], [ -73.708432089649733, 50.212587949835402 ], [ -73.696584742054739, 50.214878520756905 ], [ -73.684971956360869, 50.211482814323446 ], [ -73.682678059543321, 50.218158869744727 ], [ -73.671902464272591, 50.228477662282764 ], [ -73.672658994736125, 50.245463205989616 ], [ -73.655128967806135, 50.25755141242329 ], [ -73.641109485523359, 50.278917456617087 ], [ -73.630690885446484, 50.283497089374855 ], [ -73.631266276410017, 50.292657781475839 ], [ -73.626171582673209, 50.301512811408301 ], [ -73.618788226242899, 50.305415782159137 ], [ -73.616078304887381, 50.323070885789235 ], [ -73.609514564247277, 50.331527623742424 ], [ -73.613292565172202, 50.333780417538108 ], [ -73.612028584319134, 50.33877667318815 ], [ -73.598952797386602, 50.345889757360574 ], [ -73.608133780909739, 50.351075513753756 ], [ -73.611309809502686, 50.358916273531456 ], [ -73.610446704828234, 50.385710206149604 ], [ -73.587956051863685, 50.406328693206078 ], [ -73.580742559182085, 50.406255108977312 ], [ -73.574306473304361, 50.396738059490779 ], [ -73.584007755272367, 50.371249545223236 ], [ -73.576370026969343, 50.363900764212026 ], [ -73.570321323746299, 50.363315469904236 ], [ -73.560040669204753, 50.370529409126604 ], [ -73.553307615691693, 50.364573825676786 ], [ -73.541648069839724, 50.366528184308031 ], [ -73.530603514757857, 50.378080379780286 ], [ -73.51681734705862, 50.378690360414296 ], [ -73.507295857501433, 50.38624670392096 ], [ -73.494108869092585, 50.385631657353372 ], [ -73.49183464113797, 50.397429481924725 ], [ -73.483767194702651, 50.400558969699873 ], [ -73.479771935499343, 50.386658162410633 ], [ -73.4827196999168, 50.381391410008334 ], [ -73.477831978632935, 50.368342969791478 ], [ -73.459120535037115, 50.370699379686478 ], [ -73.456092442157029, 50.376660794910677 ], [ -73.458626289321046, 50.378495507614929 ], [ -73.457182988074067, 50.383799863107548 ], [ -73.453083380411869, 50.388137140692045 ], [ -73.459632130666435, 50.392006222031519 ], [ -73.458682517501146, 50.400931247799178 ], [ -73.442975285746328, 50.420867187616629 ], [ -73.43479753590259, 50.443311710928803 ], [ -73.42603793135396, 50.443353023485706 ], [ -73.411006994025144, 50.466718757016537 ], [ -73.403061209666859, 50.465342103662621 ], [ -73.400312295502786, 50.467587043729139 ], [ -73.398187569616269, 50.476390585263843 ], [ -73.401743711611743, 50.480734515577169 ], [ -73.398854206677072, 50.48481881635265 ], [ -73.394652323953423, 50.484612564304911 ], [ -73.385136165342914, 50.515931942684595 ], [ -73.381086521467694, 50.515316081246731 ], [ -73.370659949903299, 50.522281799539343 ], [ -73.373851832939224, 50.530332991687324 ], [ -73.355800778854743, 50.529693007320198 ], [ -73.345495313170403, 50.55241145233083 ], [ -73.34558419274677, 50.564687358395673 ], [ -73.333105382042888, 50.581167870026462 ], [ -73.326021934580439, 50.57920420444141 ], [ -73.308674644736953, 50.582341625962137 ], [ -73.30673070965301, 50.587431344635256 ], [ -73.311269706923269, 50.59188556716726 ], [ -73.305924564439223, 50.611125267572511 ], [ -73.297257516864292, 50.614006195090234 ], [ -73.294477138523533, 50.629020783324769 ], [ -73.260200440666566, 50.65192807527059 ], [ -73.268137746176947, 50.659583234841342 ], [ -73.254191112699417, 50.678375791365383 ], [ -73.258121865879644, 50.682120005648429 ], [ -73.2502229361627, 50.692988396498414 ], [ -73.233177435738966, 50.694504903619141 ], [ -73.226039404560765, 50.701762654397058 ], [ -73.205336264557346, 50.702824253708066 ], [ -73.204561350946648, 50.705920312917705 ], [ -73.182462720949204, 50.70318344893456 ], [ -73.178055559395744, 50.708362450254228 ], [ -73.173817791737164, 50.726870765482346 ], [ -73.150732610290234, 50.74874741528739 ], [ -73.147142878475279, 50.750225631394748 ], [ -73.129246135490646, 50.743431708412082 ], [ -73.126462491754623, 50.748205796704049 ], [ -73.109646133581364, 50.75231551780476 ], [ -73.10573957530201, 50.751300147179037 ], [ -73.109360503315429, 50.7467117430879 ], [ -73.103857505197738, 50.737950907293865 ], [ -73.089935316965708, 50.740527176367628 ], [ -73.081202994901105, 50.73213545430081 ], [ -73.067478802581121, 50.726565771948827 ], [ -73.080117826177229, 50.709071702425462 ], [ -73.075174545684348, 50.707938256185486 ], [ -73.074614292484696, 50.703744519635784 ], [ -73.068386861504422, 50.70424365885146 ], [ -73.063300982681454, 50.708949366113501 ], [ -73.053197864504611, 50.705436095748794 ], [ -73.055139579522645, 50.703192826047378 ], [ -73.050856215454843, 50.70105270033708 ], [ -73.03856742743821, 50.70379850974301 ], [ -73.033372217205894, 50.697867747694588 ], [ -73.022502091949789, 50.697932494979874 ], [ -73.030825338721158, 50.688993324311248 ], [ -73.040187867968683, 50.669030543156246 ], [ -73.04853697455637, 50.667670111228645 ], [ -73.05139056557752, 50.656025369434545 ], [ -73.04521316757247, 50.6544990282285 ], [ -73.041450436341364, 50.659961963164676 ], [ -73.028979174197971, 50.661668010410423 ], [ -73.025955736570111, 50.66975591907746 ], [ -73.012833171242747, 50.673544552761065 ], [ -72.999887410008185, 50.669666243577495 ], [ -72.992980849710577, 50.673100675667335 ], [ -72.985331152202747, 50.688979539855808 ], [ -72.978984377896737, 50.689351780811748 ], [ -72.978066647459244, 50.692629433638828 ], [ -72.96796817743666, 50.696059247589801 ], [ -72.963831929478275, 50.704423796941825 ], [ -72.954953658993261, 50.708156529130989 ], [ -72.95155849558472, 50.714551161150162 ], [ -72.940106073348687, 50.714154820482271 ], [ -72.929191506337446, 50.747343408518233 ], [ -72.928474689434921, 50.758778788382315 ], [ -72.934443038392075, 50.762825005469217 ], [ -72.924931131139076, 50.768250699547806 ], [ -72.902956730268187, 50.76827364086823 ], [ -72.894531413618864, 50.775361855382144 ], [ -72.89376346265469, 50.786591178267983 ], [ -72.88034008153582, 50.793670767637281 ], [ -72.878263474832906, 50.806081157926791 ], [ -72.86557092172788, 50.806660243991026 ], [ -72.857535164076396, 50.812872539444335 ], [ -72.85234602505804, 50.8095504111838 ], [ -72.82798244086031, 50.816368308552136 ], [ -72.824412359173223, 50.814022999291431 ], [ -72.799444915632236, 50.820075266155349 ], [ -72.784213247400189, 50.819750676878115 ], [ -72.780569938554194, 50.825811947623428 ], [ -72.752399013356808, 50.821040861550728 ], [ -72.75000592324723, 50.819135551148008 ], [ -72.753510408706404, 50.814598005688971 ], [ -72.744420607346783, 50.810146179637648 ], [ -72.750252561222126, 50.807623676143585 ], [ -72.748536012099933, 50.806142853724857 ], [ -72.751390658615563, 50.802644124147079 ], [ -72.741803449254235, 50.800927984608613 ], [ -72.741870909070073, 50.796566640221414 ], [ -72.73336941814047, 50.799257969582236 ], [ -72.725752365710363, 50.795968059563023 ], [ -72.727928518995228, 50.78997663510988 ], [ -72.722844843102664, 50.788337655537575 ], [ -72.7224564540698, 50.783914794486293 ], [ -72.73331157461152, 50.775176062007887 ], [ -72.730277811036032, 50.774407371512829 ], [ -72.728768075321241, 50.76565819579227 ], [ -72.720270771055738, 50.765309388954613 ], [ -72.711616226564018, 50.776659499416184 ], [ -72.707457622353886, 50.776329511196032 ], [ -72.702883388149658, 50.781267413884585 ], [ -72.684842655090819, 50.768561005473124 ], [ -72.684957453701159, 50.75259243911583 ], [ -72.676791033890069, 50.749671279660539 ], [ -72.675901019333921, 50.743767390709088 ], [ -72.670089645618248, 50.742177617019166 ], [ -72.662285957943581, 50.752094061962758 ], [ -72.658517525962083, 50.752626086338495 ], [ -72.654568098763207, 50.747776808583595 ], [ -72.644278142647622, 50.760271850724372 ], [ -72.63843187852504, 50.774584853732492 ], [ -72.625058621386358, 50.77845195556791 ], [ -72.621581871056819, 50.793206932219483 ], [ -72.608911578178081, 50.805578038584876 ], [ -72.60377287107579, 50.817742706258102 ], [ -72.603204672413938, 50.825997667934843 ], [ -72.609868271991971, 50.831184875902473 ], [ -72.600056473758656, 50.832167569951402 ], [ -72.606747769090845, 50.83599754049385 ], [ -72.59970158825594, 50.83720976071821 ], [ -72.597575426829152, 50.844472631969701 ], [ -72.587972672481371, 50.849449591587316 ], [ -72.58450969813903, 50.85778377572133 ], [ -72.578090786350785, 50.859672595394336 ], [ -72.574743509679806, 50.868641625734327 ], [ -72.568436125686887, 50.872649303911459 ], [ -72.573761399938661, 50.873965355577084 ], [ -72.575159032323853, 50.879454852441043 ], [ -72.567558769192431, 50.885403939608302 ], [ -72.558346831738632, 50.880987197176815 ], [ -72.553619248923383, 50.864224401718346 ], [ -72.555674058540546, 50.861170290860599 ], [ -72.549221933726542, 50.859444808820534 ], [ -72.552155614985679, 50.850924912679879 ], [ -72.563700183429262, 50.841757221394204 ], [ -72.560603937516746, 50.838757832220402 ], [ -72.567987270416353, 50.828552395864747 ], [ -72.559507484588437, 50.826232488483711 ], [ -72.563162342066008, 50.807746251079216 ], [ -72.556032608780541, 50.802431462587336 ], [ -72.563721370718454, 50.785973241281297 ], [ -72.561959020298417, 50.769398092872152 ], [ -72.574720737199613, 50.754394858007153 ], [ -72.57258550168649, 50.748570392225744 ], [ -72.568619895004488, 50.747800346358822 ], [ -72.564301029017543, 50.753797678741805 ], [ -72.556103321768362, 50.753394746105712 ], [ -72.533516494862582, 50.767603870070459 ], [ -72.529613867901972, 50.76669640744862 ], [ -72.532330864205619, 50.761982709069287 ], [ -72.530459182561287, 50.757572190565419 ], [ -72.517917312233749, 50.754551845044539 ], [ -72.506800746865807, 50.759393931885725 ], [ -72.511372067083656, 50.751532660501169 ], [ -72.495697482210929, 50.757302537132055 ], [ -72.481181047291955, 50.753851391711052 ], [ -72.478448422716752, 50.770123187102591 ], [ -72.466937703145305, 50.787490153238046 ], [ -72.460292046973834, 50.789269492302331 ], [ -72.449200341024849, 50.781575145091281 ], [ -72.434210247720316, 50.783799145403826 ], [ -72.43555530504311, 50.793138198250617 ], [ -72.425159831604986, 50.792843090353848 ], [ -72.421950583789723, 50.802749111085873 ], [ -72.397644563548297, 50.813243805500022 ], [ -72.397520162266133, 50.821991271125277 ], [ -72.385795407352475, 50.83090454161502 ], [ -72.387055072378629, 50.834897583648463 ], [ -72.375949822202045, 50.856909697546122 ], [ -72.375808149192835, 50.86128952968982 ], [ -72.385277908155771, 50.869399540109477 ], [ -72.375744252566946, 50.88798293726969 ], [ -72.339661159635796, 50.885455529727039 ], [ -72.329164952855308, 50.897707717553082 ], [ -72.321330441634885, 50.900904196590623 ], [ -72.32045360685305, 50.9078589081454 ], [ -72.31430015424435, 50.907553280314765 ], [ -72.3077994780854, 50.914955772087566 ], [ -72.301922485969669, 50.916649167015279 ], [ -72.300131055992537, 50.920573950897747 ], [ -72.302454494362394, 50.924610390133502 ], [ -72.296808907893265, 50.937234789557856 ], [ -72.299451808918533, 50.942002289012372 ], [ -72.294014160232109, 50.953705513958411 ], [ -72.286446254441543, 50.954018777730539 ], [ -72.2752010876887, 50.947516102940284 ], [ -72.269664505975797, 50.951097113399555 ], [ -72.260012299559804, 50.972097105681691 ], [ -72.26054595379405, 50.980227951310013 ], [ -72.264414907863042, 50.983508828799572 ], [ -72.260804075479996, 50.993729652189458 ], [ -72.267440833669227, 50.998360439037022 ], [ -72.264008820543523, 51.002018383204792 ], [ -72.257434836311788, 51.005500023752219 ], [ -72.230731823082863, 51.007393013475642 ], [ -72.225615761192643, 51.023488816117116 ], [ -72.221133021859302, 51.025493669327794 ], [ -72.212530811179718, 51.022747716291732 ], [ -72.204607235207092, 51.024885869193561 ], [ -72.203297300046941, 51.028054320497503 ], [ -72.194426009354132, 51.026586988109926 ], [ -72.192506371283557, 51.02982934631806 ], [ -72.187111921153885, 51.026807959054814 ], [ -72.190349164889923, 51.025285587186509 ], [ -72.191241663634642, 51.017919946815006 ], [ -72.18576337843362, 51.014549135702708 ], [ -72.198064696352461, 50.991119392888166 ], [ -72.189076827175924, 50.989770405451615 ], [ -72.190085509116088, 50.985295956021233 ], [ -72.186286976322862, 50.983773387689972 ], [ -72.156482170125201, 50.978705751332967 ], [ -72.153526990152898, 50.983987672289068 ], [ -72.161271775985711, 50.990400566049495 ], [ -72.152188252169807, 51.005208052986973 ], [ -72.159566437801104, 51.011960092235405 ], [ -72.152797756758574, 51.025405284558026 ], [ -72.155868664593172, 51.033266491628957 ], [ -72.147726042509632, 51.041208508185747 ], [ -72.146282014267513, 51.047541403481652 ], [ -72.137899157708162, 51.053007470871485 ], [ -72.142138342174263, 51.062511547484625 ], [ -72.146695063375816, 51.065297089298696 ], [ -72.145115853998561, 51.069242727776476 ], [ -72.130908052640066, 51.074028243546579 ], [ -72.117059352611236, 51.102138085454484 ], [ -72.108108864799604, 51.103667984095395 ], [ -72.10535195603326, 51.119410694086682 ], [ -72.09508419056894, 51.121608151047575 ], [ -72.092358568692944, 51.13059365686329 ], [ -72.084859794769699, 51.135150277036587 ], [ -72.074190306265734, 51.15078314881336 ] ] ] } },
{ "type": "Feature", "properties": { "riding_code": 301, "riding_name": "Maurice-Richard" }, "geometry": { "type": "Polygon", "coordinates": [ [ [ -73.640746612181658, 45.542961496088814 ], [ -73.679693037680082, 45.553044315381172 ], [ -73.667643753682569, 45.566416872348206 ], [ -73.666282379452838, 45.57697987407596 ], [ -73.646838384327012, 45.599135761007034 ], [ -73.64259207332708, 45.595832431422998 ], [ -73.650320917786416, 45.583897094530741 ], [ -73.636277190115052, 45.575835630015057 ], [ -73.645379491115875, 45.564733768763304 ], [ -73.621619035877899, 45.554538756697205 ], [ -73.635548965497733, 45.548784101702793 ], [ -73.640746612181658, 45.542961496088814 ] ] ] } },
{ "type": "Feature", "properties": { "riding_code": 327, "riding_name": "Bourassa-Sauvé" }, "geometry": { "type": "Polygon", "coordinates": [ [ [ -73.60341492682528, 45.611040860825554 ], [ -73.609255595888726, 45.608083997255306 ], [ -73.636515232367799, 45.575937381628343 ], [ -73.650320917786416, 45.583897094530741 ], [ -73.64259207332708, 45.595832431422998 ], [ -73.646838384327012, 45.599135761007034 ], [ -73.638317042494052, 45.617425241477562 ], [ -73.625014639506318, 45.63337204958593 ], [ -73.60341492682528, 45.611040860825554 ] ] ] } },
{ "type": "Feature", "properties": { "riding_code": 819, "riding_name": "Dubuc" }, "geometry": { "type": "Polygon", "coordinates": [ [ [ -70.031493251979043, 52.832656250445787 ], [ -70.025663093388189, 52.75008749869761 ], [ -70.024528245470123, 52.500086605402025 ], [ -70.024756973290891, 50.000051138125691 ], [ -70.021641366024724, 49.796609274596811 ], [ -70.010418001760328, 49.796529400235364 ], [ -70.00799313047483, 48.357004982911789 ], [ -70.077881388874957, 48.252831335049855 ], [ -70.016466727304973, 48.256537212511866 ], [ -69.977621328151528, 48.246790061316794 ], [ -69.958459253347158, 48.235843116918339 ], [ -69.898130463579136, 48.227480981526398 ], [ -69.888069258417872, 48.221920427708675 ], [ -69.883848342683493, 48.206257781144387 ], [ -69.871082591511595, 48.186177473986895 ], [ -69.956151180373453, 48.056790720828275 ], [ -70.171875252673544, 48.124825944377108 ], [ -70.263649369076248, 47.992928209003836 ], [ -70.503867417334249, 47.997939003923833 ], [ -70.529451445133844, 47.997707854113294 ], [ -70.529720113974506, 47.995385729850781 ], [ -71.159780520561341, 47.998180336325362 ], [ -71.159787750240127, 48.000397089636301 ], [ -71.421346684339525, 47.995737885198004 ], [ -71.433353836522272, 48.002628301116331 ], [ -71.446047377247609, 48.022531607628714 ], [ -71.460203990554419, 48.031155851449093 ], [ -71.479291388957762, 48.051954600460668 ], [ -71.509633626580012, 48.072757429751292 ], [ -71.513141743579197, 48.081558561316356 ], [ -71.520942324570086, 48.084614416997518 ], [ -71.54441674844611, 48.114526251787325 ], [ -71.56707087694835, 48.123441297735177 ], [ -71.574795134268399, 48.135008729062392 ], [ -71.636219589516614, 48.182435276214989 ], [ -71.571084747954913, 48.34589250116035 ], [ -71.543125149803117, 48.34056262593834 ], [ -71.539671209008247, 48.349671879880063 ], [ -71.358049005870711, 48.313653133545827 ], [ -71.273910727168499, 48.302758795762948 ], [ -71.255368410599985, 48.316709553019265 ], [ -71.220841100862401, 48.352449042968388 ], [ -71.208297156350326, 48.346840534744778 ], [ -71.182924026544612, 48.372990630780549 ], [ -71.098063762401765, 48.335098041733339 ], [ -71.064191388504668, 48.365962151309411 ], [ -71.026298403140501, 48.348343756566891 ], [ -70.990299555911037, 48.382483141534841 ], [ -70.966382184037997, 48.370787637532594 ], [ -70.902203331842912, 48.430272676831066 ], [ -70.986251941476212, 48.454250496901672 ], [ -71.000521321432458, 48.453367577406787 ], [ -71.020114820492495, 48.44352525801925 ], [ -71.052602762390563, 48.451433532150538 ], [ -71.048384085344466, 48.46146453580868 ], [ -71.074128196686203, 48.466910886653331 ], [ -71.077925750634563, 48.457581147943948 ], [ -71.11206722392059, 48.466119832990103 ], [ -71.121777743345348, 48.441173485129084 ], [ -71.1794214735325, 48.454890031102735 ], [ -71.209848990328268, 48.445161644223113 ], [ -71.21731126228444, 48.449855110538202 ], [ -71.258733106889792, 48.45386704996865 ], [ -71.273910578310392, 48.46221179236916 ], [ -71.333208011366224, 48.478544731592812 ], [ -71.404294753084258, 48.484824498000108 ], [ -71.483263997789933, 48.513980651283106 ], [ -71.372798249232659, 48.780628390266791 ], [ -71.320929180398224, 48.771446183716776 ], [ -71.364597751008503, 48.800827098168554 ], [ -71.382931545989067, 48.815826732709837 ], [ -71.392573832993364, 48.828129552575952 ], [ -71.411172920422189, 48.839748401933136 ], [ -71.464511957476518, 48.846932335604833 ], [ -71.456636865830887, 48.859769191114921 ], [ -71.448064866152478, 48.890668441262562 ], [ -71.439809437244861, 48.894054709503379 ], [ -71.39254804386178, 48.931769996326928 ], [ -71.374602702077723, 48.940827804788547 ], [ -71.367084169132539, 48.965416130597028 ], [ -71.341312098039168, 48.983080387295345 ], [ -71.336576543448672, 48.990125740687901 ], [ -71.334810520638825, 49.005584884717905 ], [ -71.336983513293092, 49.014395643212595 ], [ -71.332626819547372, 49.031774575904059 ], [ -71.324718488901439, 49.037577390797864 ], [ -71.317942137576097, 49.05220226204618 ], [ -71.307645179591304, 49.063771609109452 ], [ -71.290399145801118, 49.074732126978084 ], [ -71.265415579803332, 49.120627430986183 ], [ -71.264522457926162, 49.152332857179026 ], [ -71.257529800792668, 49.172838366164591 ], [ -71.252484590504153, 49.217281337499429 ], [ -71.255338711371238, 49.242053382235206 ], [ -71.253879215164801, 49.261851566842488 ], [ -71.258178360022598, 49.281551729453618 ], [ -71.25001487021278, 49.301169113504479 ], [ -71.25187212170917, 49.3111346467497 ], [ -71.240471649873385, 49.32475825773799 ], [ -71.226113184116912, 49.35741855139419 ], [ -71.206796344909236, 49.381176820842732 ], [ -71.203693865301688, 49.401780638931257 ], [ -71.20643624434588, 49.416099825405169 ], [ -71.180580602753324, 49.470016436367388 ], [ -71.174500794999418, 49.474988678004976 ], [ -71.16912744456026, 49.490242815911074 ], [ -71.185779391533998, 49.511916719023553 ], [ -71.200804961214729, 49.519823864381642 ], [ -71.211550310348002, 49.538567331570412 ], [ -71.199875766068217, 49.583243983192716 ], [ -71.193170345638535, 49.588033534558846 ], [ -71.188864081432072, 49.624638186986743 ], [ -71.184991870411238, 49.628859038592161 ], [ -71.19161906703944, 49.6356193839624 ], [ -71.189503021115911, 49.64334843042564 ], [ -71.199608606392871, 49.662754439702901 ], [ -71.197181294190571, 49.666709336431119 ], [ -71.199033496090706, 49.673444401678374 ], [ -71.193718197742001, 49.685900392396128 ], [ -71.192832030864139, 49.7045802286355 ], [ -71.19794300208163, 49.724007841140526 ], [ -71.19282905732021, 49.742226477222324 ], [ -71.189011554277059, 49.745087908310232 ], [ -71.189780622763053, 49.750602382737959 ], [ -71.185500966602561, 49.755051662982375 ], [ -71.182876171391143, 49.769044729942436 ], [ -71.185195483784952, 49.779012293984486 ], [ -71.179999115480143, 49.785368537031317 ], [ -71.179017492290455, 49.796169563819255 ], [ -71.164861542554547, 49.81221730220922 ], [ -71.159205132837613, 49.826588849374247 ], [ -71.162959557811035, 49.834375698849001 ], [ -71.184819038200388, 49.839205790884179 ], [ -71.20603857951383, 49.849630799045364 ], [ -71.209491768955758, 49.864145261672782 ], [ -71.219594629512216, 49.863089588986817 ], [ -71.227819676714063, 49.877914242329027 ], [ -71.236210581358662, 49.880732921396927 ], [ -71.239380166495764, 49.885609391894228 ], [ -71.243046326252838, 49.885859219181725 ], [ -71.246534070375802, 49.878979042894386 ], [ -71.266545338210364, 49.889901572586155 ], [ -71.264273484611621, 49.895833781408861 ], [ -71.258104669805235, 49.899081546524904 ], [ -71.249699902317985, 49.910276257011979 ], [ -71.250144830931006, 49.941851642150986 ], [ -71.238747650189055, 49.965951642490907 ], [ -71.218246877065212, 49.989478403223409 ], [ -71.192212595520118, 50.007076034325408 ], [ -71.195856317607465, 50.062812381435783 ], [ -71.199003493830276, 50.07800331780102 ], [ -71.206409537828392, 50.091253487680966 ], [ -71.25524103902606, 50.128342492503151 ], [ -71.263370787843115, 50.138389642218861 ], [ -71.261997028826059, 50.159702797962908 ], [ -71.25194369664672, 50.207645195706561 ], [ -71.255242534811927, 50.226121358753375 ], [ -71.270946634059683, 50.266788606613794 ], [ -71.280700138804249, 50.282165206793181 ], [ -71.344153988617322, 50.321799897216806 ], [ -71.347781121798391, 50.343584757261496 ], [ -71.339931272625662, 50.36696334333935 ], [ -71.340425576196921, 50.382005533875798 ], [ -71.360806688044079, 50.414515023680231 ], [ -71.355054521603051, 50.421707447845087 ], [ -71.344498606122187, 50.425178014588504 ], [ -71.341762873070024, 50.441450529709144 ], [ -71.345298018667364, 50.452350015044082 ], [ -71.327939629872816, 50.463813702542936 ], [ -71.328218600101238, 50.474146800450882 ], [ -71.3138669283708, 50.486285462383258 ], [ -71.286175727844139, 50.494069986831995 ], [ -71.277414228515298, 50.499591894709248 ], [ -71.282006249448116, 50.535188258750431 ], [ -71.278909760935136, 50.55269263794726 ], [ -71.287777195122558, 50.557901018361719 ], [ -71.288412593067818, 50.561632474101607 ], [ -71.282981818082845, 50.568170471315582 ], [ -71.257229324585836, 50.583053075900445 ], [ -71.243571837086222, 50.596665725131764 ], [ -71.253197008012947, 50.604789347456631 ], [ -71.257079053528699, 50.61359238117894 ], [ -71.273782550983242, 50.620984800420828 ], [ -71.282501949665814, 50.637311395600435 ], [ -71.280678409511026, 50.661648267571479 ], [ -71.285858250138787, 50.677463621915678 ], [ -71.27581534592035, 50.692063865536213 ], [ -71.272757884920196, 50.702331328001677 ], [ -71.281108926843345, 50.71756421964723 ], [ -71.302053435449892, 50.712623857568296 ], [ -71.305322868030558, 50.71581508011198 ], [ -71.308824051619638, 50.766267542851899 ], [ -71.290103046062697, 50.788679256173069 ], [ -71.29115816925146, 50.800125035040907 ], [ -71.285413733538306, 50.81568477724673 ], [ -71.288102490045503, 50.824102018377751 ], [ -71.283870236010173, 50.836285655257697 ], [ -71.292086703909575, 50.845434643469495 ], [ -71.292435818641422, 50.866652377803305 ], [ -71.307739720638963, 50.87987562587513 ], [ -71.304099705995398, 50.891881772928791 ], [ -71.319450346043851, 50.902731666953954 ], [ -71.319248309592822, 50.920450412667144 ], [ -71.34594472873566, 50.932988491004153 ], [ -71.345267956755634, 50.959407937734227 ], [ -71.337828311380136, 50.97910137792018 ], [ -71.338054207549149, 50.98934838501836 ], [ -71.33001080856377, 51.021578436865546 ], [ -71.339328520208397, 51.039262647319035 ], [ -71.35224530853263, 51.056466621806372 ], [ -71.357093540962282, 51.068755371476961 ], [ -71.370206788154519, 51.070701900709892 ], [ -71.379268119965403, 51.090523836566476 ], [ -71.387058228646268, 51.096103218538275 ], [ -71.400134580669544, 51.099412493963086 ], [ -71.405917458373494, 51.10698110701955 ], [ -71.405611558625779, 51.111664957694714 ], [ -71.415686266263933, 51.116075230368885 ], [ -71.425784316769452, 51.129018405747573 ], [ -71.426283920614679, 51.1484316682592 ], [ -71.438375822448492, 51.156500101093343 ], [ -71.433918994179876, 51.166603258816153 ], [ -71.442136590318839, 51.171060762731848 ], [ -71.445296095152656, 51.17731064705022 ], [ -71.449965643350623, 51.17629424956511 ], [ -71.465299181288714, 51.184356849450907 ], [ -71.464241949349329, 51.188159868671555 ], [ -71.485882783579399, 51.194267888666317 ], [ -71.493688994972331, 51.207312641186242 ], [ -71.497799676179838, 51.222333910071988 ], [ -71.507605317605211, 51.230862530324167 ], [ -71.486050412044591, 51.25235672060937 ], [ -71.463332647129306, 51.258809108247569 ], [ -71.443702476809975, 51.297926728636234 ], [ -71.457750206048303, 51.335272030411822 ], [ -71.455356446170384, 51.34621938906708 ], [ -71.460464312906467, 51.35768922434405 ], [ -71.457388771405959, 51.360329782759365 ], [ -71.460230159615236, 51.371278928780747 ], [ -71.467937345125065, 51.380803841565395 ], [ -71.470585712537414, 51.390012441685464 ], [ -71.46665907922447, 51.395842317813482 ], [ -71.46510090336416, 51.407883307879437 ], [ -71.458544812938911, 51.40992790317194 ], [ -71.453271955574081, 51.417928068244798 ], [ -71.453561209316703, 51.43035184987162 ], [ -71.445275508547468, 51.436706564742323 ], [ -71.450557036593949, 51.457053829410114 ], [ -71.444480785843666, 51.469120932064783 ], [ -71.453401959720694, 51.481755728852292 ], [ -71.451277661302413, 51.489987201639515 ], [ -71.447881995264382, 51.497137945478322 ], [ -71.432492964397127, 51.504895253949037 ], [ -71.42293600138369, 51.513965409322445 ], [ -71.42701337690977, 51.517564006683187 ], [ -71.429420216650797, 51.526899720048377 ], [ -71.423903686959804, 51.530160103843151 ], [ -71.434527175754639, 51.535028356653029 ], [ -71.434854287536382, 51.543059415134522 ], [ -71.429475968580121, 51.552458272818463 ], [ -71.431601253646619, 51.558080848640998 ], [ -71.428193929179074, 51.560715113152376 ], [ -71.42865960749522, 51.567667074508741 ], [ -71.424088599771153, 51.573303809867255 ], [ -71.430440655929473, 51.581983148997978 ], [ -71.419414807437576, 51.606778333041447 ], [ -71.429387850822749, 51.607122009935573 ], [ -71.432396612529686, 51.610345579195297 ], [ -71.421836958635581, 51.613052364570947 ], [ -71.425350691884304, 51.620221058432918 ], [ -71.410003080489233, 51.625944042862727 ], [ -71.405735153875028, 51.635858084497073 ], [ -71.39104138360689, 51.638025459431432 ], [ -71.379608138023983, 51.647309024551049 ], [ -71.371114122417168, 51.662564311890215 ], [ -71.35181180334196, 51.672623075922395 ], [ -71.350057488116505, 51.680567547687374 ], [ -71.338740807244463, 51.685869406928028 ], [ -71.331078337714771, 51.697476884136663 ], [ -71.321277329285167, 51.702958404855607 ], [ -71.320939000832396, 51.70952251419682 ], [ -71.312876299270144, 51.714230345510686 ], [ -71.315520567068404, 51.720009511014979 ], [ -71.307805928724974, 51.723815742736569 ], [ -71.312091548458397, 51.737314236855006 ], [ -71.301287984575509, 51.747193452389006 ], [ -71.302651375250775, 51.754277757034821 ], [ -71.293117055848072, 51.766924750836338 ], [ -71.305792135276903, 51.771332852789897 ], [ -71.308069663203526, 51.77841690892749 ], [ -71.30697969712196, 51.794618479070301 ], [ -71.301979220006473, 51.803394063247531 ], [ -71.293698367165007, 51.812472699671659 ], [ -71.291115397119853, 51.820280133871414 ], [ -71.273066368191976, 51.830364093820364 ], [ -71.267071327674046, 51.839139342224883 ], [ -71.257317068433792, 51.842862987071797 ], [ -71.243760318108372, 51.856864227918372 ], [ -71.23875875239429, 51.867421345362544 ], [ -71.240002282070236, 51.877889362334578 ], [ -71.23376354698577, 51.882779685762173 ], [ -71.224476141557233, 51.90674867139645 ], [ -71.201396788375447, 51.929834997676956 ], [ -71.195873058979515, 51.943329381973975 ], [ -71.180345188939384, 51.960587170374019 ], [ -71.180533581358432, 51.966443810975875 ], [ -71.170620101289529, 51.982669206236544 ], [ -71.160398714148087, 51.984137079680309 ], [ -71.158673543675661, 51.989724005558976 ], [ -71.143971290906862, 52.003137235072927 ], [ -71.128666887268494, 52.025947787496207 ], [ -71.125136506419935, 52.042028956793452 ], [ -71.121447294017102, 52.044142493624122 ], [ -71.118221856028597, 52.054864599366063 ], [ -71.110477317127419, 52.061563304346947 ], [ -71.111254826896683, 52.071172895734264 ], [ -71.094531187172649, 52.097145911421634 ], [ -71.092636611608953, 52.11103055536816 ], [ -71.095228297514083, 52.116614026881336 ], [ -71.077768824965062, 52.118398240533047 ], [ -71.078769637514242, 52.122057575915328 ], [ -71.067713498709111, 52.124807981332687 ], [ -71.070656883880346, 52.127392580255602 ], [ -71.064992986900421, 52.139944723793874 ], [ -71.045326721586534, 52.144559795126753 ], [ -71.040548432694621, 52.140670152032136 ], [ -71.043391514310301, 52.138090234725453 ], [ -71.041721799391226, 52.133727278057897 ], [ -71.031800482478872, 52.135980196020085 ], [ -71.028302214611728, 52.139982191374642 ], [ -71.034804499735159, 52.14203645126328 ], [ -71.025296630206526, 52.152671580473275 ], [ -71.026435967162115, 52.156788065444296 ], [ -71.01960557337685, 52.153839152761755 ], [ -71.012832973283466, 52.157616273486326 ], [ -71.013467212706772, 52.160732136806175 ], [ -71.003750015084847, 52.16114241151044 ], [ -70.987016228700924, 52.17211914576135 ], [ -70.965472186185792, 52.176448853829754 ], [ -70.963972728801437, 52.180172801438978 ], [ -70.952765708766762, 52.185227521526279 ], [ -70.938129439042967, 52.201364750786801 ], [ -70.937850391074804, 52.205698339910029 ], [ -70.932205464620338, 52.209642661633758 ], [ -70.927069485725013, 52.208998487914059 ], [ -70.920274776018459, 52.217694277595442 ], [ -70.910792784018469, 52.221942155708973 ], [ -70.89285671572425, 52.240303611513525 ], [ -70.892408447225662, 52.245947918611805 ], [ -70.883318732352421, 52.245087671776723 ], [ -70.878132964274272, 52.256082690569315 ], [ -70.871349852134742, 52.256722417456217 ], [ -70.870739600436494, 52.260142866374174 ], [ -70.863187801163903, 52.264364836256476 ], [ -70.846049202290573, 52.266284522670979 ], [ -70.844817431099827, 52.268534646059145 ], [ -70.84986750926943, 52.270589770847273 ], [ -70.834666858749515, 52.27558733649974 ], [ -70.81950172661935, 52.271069020952254 ], [ -70.807544737501445, 52.273693593419715 ], [ -70.804722865872378, 52.265048666199277 ], [ -70.807272747875459, 52.258575799196642 ], [ -70.825704876962277, 52.247919144134514 ], [ -70.813135545473912, 52.243400988249014 ], [ -70.806725780670135, 52.234258994425161 ], [ -70.797372555670577, 52.233933353416276 ], [ -70.778673611861009, 52.244390201292788 ], [ -70.772333309004779, 52.242617710224728 ], [ -70.769326360229542, 52.246358757715939 ], [ -70.756025247999091, 52.246824927105401 ], [ -70.730401814387633, 52.256455376248773 ], [ -70.715308541294618, 52.271024350099793 ], [ -70.702593145324627, 52.27510458265904 ], [ -70.698303519227878, 52.280651752598807 ], [ -70.678484477018316, 52.280025867478557 ], [ -70.666309009463191, 52.285390048327692 ], [ -70.647899835857345, 52.283217867124812 ], [ -70.621675008510479, 52.293688881750676 ], [ -70.603448527105499, 52.295552875991859 ], [ -70.596950376648408, 52.303349647470256 ], [ -70.58200185360397, 52.30452240148157 ], [ -70.580141772552594, 52.309032401763538 ], [ -70.563917259224169, 52.317579447474337 ], [ -70.548520093745552, 52.315970624473763 ], [ -70.539363973901487, 52.305922985425156 ], [ -70.531944928337097, 52.305695209863828 ], [ -70.526745130279693, 52.301161229670626 ], [ -70.522062492422478, 52.300956618446051 ], [ -70.518841911659493, 52.305929271365258 ], [ -70.504170623422553, 52.308848593214194 ], [ -70.494519671377745, 52.314698020861933 ], [ -70.476441730873049, 52.30649096134195 ], [ -70.465875938008466, 52.307651355698546 ], [ -70.454748738152432, 52.314220441571187 ], [ -70.453359843897189, 52.318860172992302 ], [ -70.433329963074101, 52.326973654388141 ], [ -70.412735068611099, 52.331436298161705 ], [ -70.402584273068257, 52.330393248220282 ], [ -70.370492447511239, 52.340247688016795 ], [ -70.344363112528725, 52.338268282267656 ], [ -70.326214286663784, 52.340504752063687 ], [ -70.298912204848889, 52.347323584212496 ], [ -70.287231099976808, 52.357294191483746 ], [ -70.274260549806058, 52.357753231302823 ], [ -70.264648917012636, 52.364713586848794 ], [ -70.26611514006666, 52.367793968611736 ], [ -70.261214248139183, 52.371337069068232 ], [ -70.260732939543004, 52.377012930064367 ], [ -70.267321408639432, 52.386511927753268 ], [ -70.251545886236215, 52.398629170849894 ], [ -70.251404812806214, 52.40227841568467 ], [ -70.23287701751606, 52.408204224030108 ], [ -70.235260216586482, 52.415766538370669 ], [ -70.231645124716422, 52.41710942277367 ], [ -70.270386088943098, 52.412656583101445 ], [ -70.273754132124168, 52.414397472023182 ], [ -70.273196994504687, 52.422171318525059 ], [ -70.284094368756527, 52.420032001888579 ], [ -70.284429380866158, 52.422030151374791 ], [ -70.26120285525991, 52.440781187233021 ], [ -70.259528721675053, 52.453567382346726 ], [ -70.241578847063693, 52.46145629066762 ], [ -70.231380802698837, 52.461752873114918 ], [ -70.217833028535011, 52.474058774852935 ], [ -70.215559355967358, 52.487392173474213 ], [ -70.210744885006861, 52.490841724478685 ], [ -70.210411790135353, 52.495315600682368 ], [ -70.195656770981429, 52.510703219104052 ], [ -70.188596224769782, 52.511977391274527 ], [ -70.177937277926972, 52.54090874959978 ], [ -70.205363581341658, 52.540015672648863 ], [ -70.202098275599326, 52.54617018780155 ], [ -70.207824357265338, 52.551153423207865 ], [ -70.207694144006439, 52.554953253117809 ], [ -70.21844559564984, 52.5555987923195 ], [ -70.226712900094313, 52.549991018797193 ], [ -70.241582877077732, 52.562332135013776 ], [ -70.236274459479006, 52.571422163535935 ], [ -70.22333916853816, 52.579664458547306 ], [ -70.200744862083383, 52.584156866778393 ], [ -70.200877925511747, 52.594382182099373 ], [ -70.190240576988145, 52.60241119874869 ], [ -70.173792491785704, 52.600821682501731 ], [ -70.16594701472637, 52.605152128496719 ], [ -70.168086777520031, 52.610526521443667 ], [ -70.174963195711726, 52.614971480646666 ], [ -70.175336797720163, 52.620195542975672 ], [ -70.192200227389549, 52.62095093913026 ], [ -70.201958717810399, 52.626913499871399 ], [ -70.211375627641075, 52.625006570568758 ], [ -70.229285913216614, 52.634268924450204 ], [ -70.224455280101679, 52.643876046526074 ], [ -70.227513623006658, 52.648476125723953 ], [ -70.225125373799202, 52.654485569133826 ], [ -70.206803801966956, 52.663280717142719 ], [ -70.20648606051239, 52.651703018992706 ], [ -70.197426945178393, 52.648660979445239 ], [ -70.186756378970657, 52.655560340254034 ], [ -70.180779497541437, 52.664691296401216 ], [ -70.184900608545831, 52.666756037697155 ], [ -70.184279000910863, 52.670215514364948 ], [ -70.192433206609493, 52.674316946924897 ], [ -70.190865411357962, 52.680215451746314 ], [ -70.198234803897591, 52.68291055908275 ], [ -70.196851388388708, 52.687043207460619 ], [ -70.20204802494743, 52.692008306606439 ], [ -70.198870922297345, 52.697542316370892 ], [ -70.201252919156488, 52.702673861681689 ], [ -70.222522053789021, 52.705129180623572 ], [ -70.219866638569073, 52.711469123106646 ], [ -70.203298290421429, 52.715107577470697 ], [ -70.188235496881205, 52.726376044527989 ], [ -70.17260233628987, 52.721748520477497 ], [ -70.160911996027835, 52.73385057479554 ], [ -70.145243369010927, 52.740904194520354 ], [ -70.143646994529092, 52.745313448456272 ], [ -70.123128501829598, 52.752288508861604 ], [ -70.140184158011834, 52.75227938147836 ], [ -70.1428840127451, 52.756201601254119 ], [ -70.139746147598586, 52.759251442426411 ], [ -70.154539841439785, 52.761930746347872 ], [ -70.156396409758543, 52.765037704693924 ], [ -70.153811706439754, 52.769897164570494 ], [ -70.155469149967672, 52.779669558705656 ], [ -70.115940706118849, 52.802110959508411 ], [ -70.113971398962278, 52.806413112752843 ], [ -70.124586564462362, 52.806671925379142 ], [ -70.126119741622119, 52.810665697231315 ], [ -70.110908196465786, 52.817928051190393 ], [ -70.100572678420193, 52.81871625342599 ], [ -70.099163750221905, 52.823412205724217 ], [ -70.087698707948547, 52.829117944375184 ], [ -70.059556514130335, 52.823248133439492 ], [ -70.053910649172195, 52.825176771541784 ], [ -70.055819951580446, 52.827246058813692 ], [ -70.050233911516827, 52.831314970600133 ], [ -70.031493251979043, 52.832656250445787 ] ] ] } },
{ "type": "Feature", "properties": { "riding_code": 297, "riding_name": "Mont-Royal–Outremont" }, "geometry": { "type": "Polygon", "coordinates": [ [ [ -73.623079991257214, 45.523443047487753 ], [ -73.61727923404014, 45.527775008706051 ], [ -73.589084915647263, 45.513255137115408 ], [ -73.596673289368454, 45.512264117484179 ], [ -73.591092744556477, 45.509222826270118 ], [ -73.594325867541428, 45.503129027899625 ], [ -73.618005929074144, 45.489418735052645 ], [ -73.629956078527982, 45.490948002731336 ], [ -73.624304726108306, 45.497233884931461 ], [ -73.640191191962032, 45.50443094164865 ], [ -73.655792057232304, 45.486876258512034 ], [ -73.655962846143822, 45.478961152382944 ], [ -73.669756098539281, 45.483714192567057 ], [ -73.674635405684754, 45.48196113754706 ], [ -73.68583542234785, 45.489456820471197 ], [ -73.664335714869253, 45.504746015483448 ], [ -73.648190051761432, 45.530719879318788 ], [ -73.623079991257214, 45.523443047487753 ] ] ] } },
{ "type": "Feature", "properties": { "riding_code": 121, "riding_name": "Sherbrooke" }, "geometry": { "type": "Polygon", "coordinates": [ [ [ -71.916837228263446, 45.439024357131863 ], [ -71.901029057556627, 45.411030930910066 ], [ -71.892986617546057, 45.409224296725263 ], [ -71.880993307423495, 45.394577083359458 ], [ -71.878343171574173, 45.385475690082259 ], [ -71.882607532088798, 45.385838945734328 ], [ -71.880309753163772, 45.380468559032195 ], [ -71.877273078305024, 45.380270085965492 ], [ -71.876177410739601, 45.3594962694876 ], [ -71.904754446831774, 45.360395451167904 ], [ -71.904802162698417, 45.362539785915281 ], [ -71.929547621091444, 45.360460492433006 ], [ -71.937065649977754, 45.349864657446723 ], [ -71.965223172706814, 45.350532697274261 ], [ -71.970616539778845, 45.355576301948098 ], [ -71.96521307153273, 45.359073921181356 ], [ -71.964159235539498, 45.368946622582534 ], [ -71.959056496791192, 45.373328327763645 ], [ -71.960804415083601, 45.378984579974109 ], [ -71.958077470272471, 45.384409931063118 ], [ -71.985076506276158, 45.385049471618174 ], [ -71.985034355070653, 45.408727947696896 ], [ -71.956852881201669, 45.439748286296833 ], [ -71.943903871527709, 45.438226272968144 ], [ -71.922454585780784, 45.442394915404051 ], [ -71.916837228263446, 45.439024357131863 ] ] ] } },
{ "type": "Feature", "properties": { "riding_code": 147, "riding_name": "Arthabaska-L'Érable" }, "geometry": { "type": "Polygon", "coordinates": [ [ [ -71.881161673049832, 46.450756135957775 ], [ -71.760158016428306, 46.363787343208557 ], [ -71.695938188800724, 46.40569727410989 ], [ -71.617549124157804, 46.451586861894612 ], [ -71.565531453631223, 46.412848436456997 ], [ -71.531408280118896, 46.434387076522029 ], [ -71.478982779178594, 46.395865102518648 ], [ -71.508141914731837, 46.376578141810235 ], [ -71.481428695249036, 46.356011937865183 ], [ -71.508493118141033, 46.338389450681774 ], [ -71.371931079909459, 46.267810915463201 ], [ -71.419268006025533, 46.223291903605222 ], [ -71.434587072571503, 46.230834136751788 ], [ -71.445487209010395, 46.220213318138676 ], [ -71.466821724381177, 46.231194078537712 ], [ -71.485439767630311, 46.213823818263741 ], [ -71.488003935762649, 46.2090821693414 ], [ -71.483257693975077, 46.206644173724328 ], [ -71.529479137107742, 46.163135637890605 ], [ -71.523121925575865, 46.159974922362416 ], [ -71.533884397297626, 46.149153232805496 ], [ -71.509701913428785, 46.137345263190433 ], [ -71.682473374339494, 45.970233680707103 ], [ -71.808862996877664, 46.034234530655752 ], [ -71.878436842073143, 45.966143614155051 ], [ -71.986318485093037, 46.026455878585068 ], [ -72.014166097167589, 46.00110358296039 ], [ -72.043553427858953, 46.017241832103018 ], [ -72.029884296811943, 46.029664658917561 ], [ -72.045251449008603, 46.037756900611569 ], [ -72.054211532324089, 46.029446021340299 ], [ -72.069014746582866, 46.037378310698962 ], [ -72.082476803770533, 46.02463406246963 ], [ -72.097211296176837, 46.032698941178523 ], [ -72.11357986587025, 46.017176313926157 ], [ -72.145163053998971, 46.034569700569996 ], [ -72.140761571546662, 46.038615020818575 ], [ -72.161862358094879, 46.034649682479419 ], [ -72.162741395410023, 46.078608750407888 ], [ -72.178658709547562, 46.075659815177993 ], [ -72.178421759546893, 46.097096979402018 ], [ -72.172620316207102, 46.098272457254538 ], [ -72.172524028043696, 46.105873542354765 ], [ -72.149417266273517, 46.110621594633137 ], [ -72.149408332450449, 46.125217352605354 ], [ -72.12946637485031, 46.129251256379455 ], [ -72.129190967179881, 46.114711764287208 ], [ -72.054153169036269, 46.129898515686882 ], [ -72.052388513994785, 46.099682036872217 ], [ -71.984561474481822, 46.113481336399879 ], [ -71.977752206772863, 46.11803127707708 ], [ -71.977758979510185, 46.13281113652863 ], [ -71.971478214684538, 46.135310225225233 ], [ -71.971745534534222, 46.150175792199477 ], [ -71.965128231448929, 46.152639979153911 ], [ -71.964744580375893, 46.167271454809452 ], [ -71.950737640937788, 46.17260264085585 ], [ -71.951274517365817, 46.201794479267264 ], [ -71.957490439563941, 46.199354112693108 ], [ -71.957855063838224, 46.213965018032361 ], [ -71.964672913366371, 46.211013307398453 ], [ -71.965246470327358, 46.225569196561175 ], [ -71.985543129915342, 46.217366868664861 ], [ -71.985957154382788, 46.247013473787554 ], [ -71.971979968786869, 46.250856135575376 ], [ -71.969260653722372, 46.257353099134264 ], [ -71.961445292008676, 46.260313833275092 ], [ -71.955642282154813, 46.256898982780278 ], [ -71.941615296185105, 46.258636923629695 ], [ -71.934757945126577, 46.262634854827539 ], [ -71.929305464497503, 46.271371300109344 ], [ -71.92268329819268, 46.273610090729726 ], [ -71.919056447324493, 46.280188410537718 ], [ -71.920833693674865, 46.283254606835648 ], [ -71.916819100558939, 46.287167124965748 ], [ -71.885251845173244, 46.296791004922468 ], [ -71.880812967856826, 46.303193947723273 ], [ -71.865785244758854, 46.307088050848655 ], [ -71.974078666878327, 46.386359837388298 ], [ -71.881161673049832, 46.450756135957775 ] ] ] } },
{ "type": "Feature", "properties": { "riding_code": 241, "riding_name": "Richelieu" }, "geometry": { "type": "Polygon", "coordinates": [ [ [ -72.992587705168802, 46.11190211269124 ], [ -72.944809543928031, 46.07924434008882 ], [ -72.942180060243828, 46.089399198897283 ], [ -72.941182044490105, 46.076694973712357 ], [ -72.88016598743107, 46.034170588445569 ], [ -72.874512402528822, 46.037987769287916 ], [ -72.868020200407614, 46.033384345768553 ], [ -72.860556591432243, 46.042754893514797 ], [ -72.829890937328727, 46.021116809208443 ], [ -72.828321566670112, 46.032001492135237 ], [ -72.80609903485238, 46.015964289574491 ], [ -72.799346067338135, 46.014485951527611 ], [ -72.802655266426612, 46.011209851375838 ], [ -72.803525118667878, 45.997434174519981 ], [ -72.789893588616437, 45.99206658577986 ], [ -72.804673721749154, 45.980952857061787 ], [ -72.752553450401308, 45.943010767152529 ], [ -72.794005928372428, 45.906443226559766 ], [ -72.799948440211651, 45.906597990362272 ], [ -72.832329572389895, 45.886326555356895 ], [ -72.839296139249754, 45.891141396872342 ], [ -72.850463261203814, 45.883582098919902 ], [ -72.854036703401107, 45.878493176535976 ], [ -72.848664000503277, 45.874749945218234 ], [ -72.853036666064853, 45.864013663460469 ], [ -72.837100972625493, 45.852893933781978 ], [ -72.863794420955131, 45.837160057212969 ], [ -72.878185106705644, 45.801232335230544 ], [ -72.920585800367604, 45.830312613666571 ], [ -72.93471569826832, 45.820320133700598 ], [ -72.932143229440101, 45.814707504882108 ], [ -72.942174914777198, 45.798273390541056 ], [ -72.936966719051512, 45.794274534498427 ], [ -72.953258736345546, 45.753206609335216 ], [ -73.001558951835463, 45.721516082244641 ], [ -73.05345272077588, 45.759573556577728 ], [ -73.059439860441998, 45.747460557843624 ], [ -73.094745081795679, 45.773338220650942 ], [ -73.093005534635353, 45.779563762687701 ], [ -73.102929207044255, 45.786792388538167 ], [ -73.098151292904348, 45.79857720379767 ], [ -73.184718233836506, 45.861394679905352 ], [ -73.211981973726878, 45.836022479702756 ], [ -73.226479001715887, 45.814827143847495 ], [ -73.230704745589364, 45.815945611139583 ], [ -73.242314337381785, 45.808167859090887 ], [ -73.24088906101359, 45.804373584802967 ], [ -73.246935242437431, 45.800026994811304 ], [ -73.249468317450123, 45.801906314970331 ], [ -73.255776453810384, 45.795722867407378 ], [ -73.26859302819237, 45.791201490584697 ], [ -73.257785550556434, 45.783382977363345 ], [ -73.260027381783587, 45.781947868941316 ], [ -73.262143995532156, 45.783532642832675 ], [ -73.263659695659044, 45.781138171689058 ], [ -73.311695032359069, 45.816061948799266 ], [ -73.27906931535874, 45.842178379731962 ], [ -73.268997884465932, 45.86428563788359 ], [ -73.242860368287992, 45.893104069304144 ], [ -73.234670837533542, 45.918017838310618 ], [ -73.21018368337765, 45.954101840779295 ], [ -73.191328523686309, 45.975474610055585 ], [ -73.167726124990736, 46.030765254490063 ], [ -73.156100647850167, 46.04630625817083 ], [ -73.145584607286281, 46.051314742043978 ], [ -73.11038333005952, 46.056920155535003 ], [ -73.087991226469569, 46.064021609302337 ], [ -73.040705217762678, 46.107442237098638 ], [ -73.011647182008545, 46.113287925991038 ], [ -72.992587705168802, 46.11190211269124 ] ] ] } },
{ "type": "Feature", "properties": { "riding_code": 587, "riding_name": "Mirabel" }, "geometry": { "type": "Polygon", "coordinates": [ [ [ -73.96826558337429, 45.713062866322545 ], [ -73.863919501035824, 45.643731325636928 ], [ -73.867105844518989, 45.642503017715121 ], [ -73.878090442851629, 45.649726051329743 ], [ -73.882440203234069, 45.649157407851298 ], [ -73.871529271050662, 45.641860360923644 ], [ -73.880194169228858, 45.638618816779328 ], [ -73.889587586526474, 45.640861859284655 ], [ -73.895231502565665, 45.639004165751523 ], [ -73.893076319814611, 45.637604177522519 ], [ -73.919634605193423, 45.633281731456158 ], [ -73.929847897617734, 45.640437175562248 ], [ -73.896494574027329, 45.616992098328822 ], [ -73.896197891365475, 45.606645294397033 ], [ -73.900806049719279, 45.607040133935882 ], [ -73.905318662428087, 45.613004063431589 ], [ -73.916329849384269, 45.605758128066093 ], [ -73.933117114113898, 45.616559591336127 ], [ -73.933295394433244, 45.61934529745173 ], [ -73.944506905046623, 45.618727399405401 ], [ -73.944670139286814, 45.621675497383556 ], [ -73.951288214940021, 45.61668207967098 ], [ -73.950604237277162, 45.602412864812898 ], [ -73.952873842153139, 45.605375170654391 ], [ -73.961192742333836, 45.606119504172788 ], [ -73.982612087095291, 45.599730090832132 ], [ -73.978058069089457, 45.581538687943521 ], [ -73.987625259080474, 45.571997780367163 ], [ -73.99229942295463, 45.577330598591551 ], [ -73.998423913734982, 45.576026720599437 ], [ -74.011018702254631, 45.579734179536835 ], [ -74.009577438368879, 45.576999639546656 ], [ -74.013137779025513, 45.575698305895806 ], [ -74.020371530360208, 45.577509941025227 ], [ -74.025818238897713, 45.567481701441615 ], [ -74.018780023305155, 45.566897370941128 ], [ -73.971743439279493, 45.532801497821247 ], [ -73.973500083219164, 45.539627770545287 ], [ -73.957116680160581, 45.538878163216737 ], [ -73.927809146632669, 45.544742203723445 ], [ -73.899878470359994, 45.524457393627252 ], [ -73.93337262517997, 45.507544377745837 ], [ -73.967433680315366, 45.471569105621363 ], [ -73.977907261053517, 45.464431155530058 ], [ -74.03843500055801, 45.446429542920455 ], [ -74.070021796171403, 45.452653043525522 ], [ -74.098610168696794, 45.454179639906904 ], [ -74.143530480851297, 45.472268116199061 ], [ -74.161554096433193, 45.483897579176741 ], [ -74.188486686487011, 45.491400814270364 ], [ -74.123269819435748, 45.535051334958212 ], [ -74.144888157575267, 45.551258958658295 ], [ -74.148336176933981, 45.548911992382585 ], [ -74.190863021677515, 45.579867565467147 ], [ -74.23767692831052, 45.548490944753972 ], [ -74.24267541562439, 45.548908599477308 ], [ -74.222818701495243, 45.625862210133 ], [ -74.267605431369589, 45.632032943227834 ], [ -74.264465570893265, 45.643081150519912 ], [ -74.233977703411512, 45.648506521177573 ], [ -74.171165423018991, 45.679079845540933 ], [ -74.093839559214459, 45.685519869060315 ], [ -74.038273365707028, 45.682386010329495 ], [ -73.978296558769969, 45.719276800419024 ], [ -73.970625833060225, 45.720300404020655 ], [ -73.96826558337429, 45.713062866322545 ] ] ] } },
{ "type": "Feature", "properties": { "riding_code": 313, "riding_name": "Mercier" }, "geometry": { "type": "Polygon", "coordinates": [ [ [ -73.561458606109994, 45.540143251511829 ], [ -73.583348552058879, 45.516257373317707 ], [ -73.587957396037183, 45.518354155601088 ], [ -73.590263012196402, 45.515779354694175 ], [ -73.612319761703347, 45.525679164907345 ], [ -73.597066703877147, 45.529655002013875 ], [ -73.581909921573072, 45.540900787708956 ], [ -73.561458606109994, 45.540143251511829 ] ] ] } },
{ "type": "Feature", "properties": { "riding_code": 341, "riding_name": "Pointe-aux-Trembles" }, "geometry": { "type": "Polygon", "coordinates": [ [ [ -73.474799205271353, 45.702873784524755 ], [ -73.485606654962538, 45.685078349731683 ], [ -73.486422724164896, 45.678010782951922 ], [ -73.485782990258286, 45.662534952136156 ], [ -73.477072538779169, 45.649313185140883 ], [ -73.476913795629414, 45.64363275798128 ], [ -73.499455911506644, 45.609370687857364 ], [ -73.53718659695484, 45.615836784203317 ], [ -73.535497370969637, 45.619898184284544 ], [ -73.56834117297791, 45.634205423296279 ], [ -73.518331136025068, 45.66040504388387 ], [ -73.519094322795226, 45.673456472081959 ], [ -73.508785706307336, 45.702333543815016 ], [ -73.494671854959918, 45.705240409117309 ], [ -73.488474877962972, 45.702438930642927 ], [ -73.475621519004804, 45.707581971147533 ], [ -73.474799205271353, 45.702873784524755 ] ] ] } },
{ "type": "Feature", "properties": { "riding_code": 621, "riding_name": "L'Assomption" }, "geometry": { "type": "Polygon", "coordinates": [ [ [ -73.350481144025864, 45.968284386730204 ], [ -73.242860368287992, 45.893104069304144 ], [ -73.268997884465932, 45.86428563788359 ], [ -73.27906931535874, 45.842178379731962 ], [ -73.325677202732464, 45.803719852781335 ], [ -73.366584236495527, 45.786071033682397 ], [ -73.384350390795291, 45.789838823119986 ], [ -73.39352115982409, 45.781177790016642 ], [ -73.416188319241471, 45.795596583190708 ], [ -73.426281108271326, 45.783818445108551 ], [ -73.438907190129683, 45.789227396369036 ], [ -73.450389484733364, 45.782531181067519 ], [ -73.452264464746449, 45.766929677639091 ], [ -73.478952585813317, 45.741788387796525 ], [ -73.483268172946993, 45.729442275877872 ], [ -73.517979620815325, 45.744483697827853 ], [ -73.518015515299922, 45.747710398494704 ], [ -73.528003405969258, 45.753358371970606 ], [ -73.524940868641053, 45.792402358020688 ], [ -73.551752534511678, 45.79341742078747 ], [ -73.550071988564213, 45.816956481117543 ], [ -73.580556735089658, 45.820392518189045 ], [ -73.578531788056992, 45.827489134801979 ], [ -73.558208955750089, 45.824608231651176 ], [ -73.557432915325478, 45.836138313021699 ], [ -73.546028985155104, 45.843084326252637 ], [ -73.538607076254223, 45.841820248699953 ], [ -73.537446999722704, 45.860897299317486 ], [ -73.53353325399911, 45.861760503099276 ], [ -73.539942524341569, 45.866174588181728 ], [ -73.535715230990292, 45.867318781421858 ], [ -73.536627094185519, 45.870906694636666 ], [ -73.531216855752874, 45.86715146589426 ], [ -73.528530786925856, 45.868798036284794 ], [ -73.533728285658199, 45.871430010574912 ], [ -73.532076580199615, 45.872563025625844 ], [ -73.528092143791, 45.869571338769596 ], [ -73.524433790323798, 45.871152835898322 ], [ -73.532788918659506, 45.877177693497302 ], [ -73.493480550865371, 45.902482786392092 ], [ -73.487168698145283, 45.9000344573981 ], [ -73.490307942677561, 45.89434326490489 ], [ -73.484961705953069, 45.891260684660736 ], [ -73.480594225480957, 45.892902699065999 ], [ -73.480929030595561, 45.897079607066345 ], [ -73.463895230322663, 45.904757772813483 ], [ -73.456735284632302, 45.943876766508687 ], [ -73.428946492352779, 45.923715972095231 ], [ -73.424898009869494, 45.928526504038231 ], [ -73.392992655493032, 45.905033252248259 ], [ -73.389243198857031, 45.9077684819026 ], [ -73.391581474760656, 45.909426654708795 ], [ -73.387299729299983, 45.909101194563441 ], [ -73.382901179747577, 45.913188498752334 ], [ -73.384795038587654, 45.91459525112672 ], [ -73.369172378061961, 45.925254459998321 ], [ -73.360708413016042, 45.935501164909049 ], [ -73.366224441492605, 45.939583045121225 ], [ -73.359345757169379, 45.945057671681639 ], [ -73.361933307221136, 45.946773288046813 ], [ -73.360975436854972, 45.950864179832145 ], [ -73.353057329778196, 45.954438640238195 ], [ -73.360060930676681, 45.961872393966132 ], [ -73.350481144025864, 45.968284386730204 ] ] ] } },
{ "type": "Feature", "properties": { "riding_code": 299, "riding_name": "Acadie" }, "geometry": { "type": "Polygon", "coordinates": [ [ [ -73.679693037680082, 45.553044315381172 ], [ -73.641578899000578, 45.541726264975416 ], [ -73.662496544580605, 45.507708533076347 ], [ -73.69845654976173, 45.527050885339747 ], [ -73.684708667222282, 45.530497455159939 ], [ -73.692704577968627, 45.530865087125143 ], [ -73.712327817473181, 45.540360150717156 ], [ -73.697143477339239, 45.549162610318049 ], [ -73.679693037680082, 45.553044315381172 ] ] ] } },
{ "type": "Feature", "properties": { "riding_code": 311, "riding_name": "Gouin" }, "geometry": { "type": "Polygon", "coordinates": [ [ [ -73.575244391042489, 45.547523309846639 ], [ -73.598265800652342, 45.529170277217759 ], [ -73.612319761703347, 45.525679164907345 ], [ -73.621520821466135, 45.531114266896786 ], [ -73.607050547307551, 45.547945438396937 ], [ -73.603545978214683, 45.54634811967918 ], [ -73.596375584305704, 45.554595461138348 ], [ -73.575244391042489, 45.547523309846639 ] ] ] } },
{ "type": "Feature", "properties": { "riding_code": 251, "riding_name": "Marguerite-Bourgeoys" }, "geometry": { "type": "Polygon", "coordinates": [ [ [ -73.606829051887104, 45.454208365388268 ], [ -73.60479924054593, 45.44860997825397 ], [ -73.611751833414473, 45.43947413935966 ], [ -73.539808303387503, 45.428042008166486 ], [ -73.561697628011657, 45.41859487939562 ], [ -73.591500561600668, 45.41707150581847 ], [ -73.634168931069439, 45.409709824963087 ], [ -73.643594453756663, 45.410926842536604 ], [ -73.665308087990667, 45.421627813969309 ], [ -73.665859450100143, 45.432101469531482 ], [ -73.6134340659099, 45.457523042129772 ], [ -73.606829051887104, 45.454208365388268 ] ] ] } },
{ "type": "Feature", "properties": { "riding_code": 641, "riding_name": "Bertrand" }, "geometry": { "type": "Polygon", "coordinates": [ [ [ -73.943277746010438, 46.287007212103475 ], [ -73.610291002768733, 46.059344340676247 ], [ -73.6345945067701, 46.043313272350062 ], [ -73.622317150274782, 46.03454311902027 ], [ -73.658050660701221, 46.009732692182169 ], [ -73.664689184845258, 46.014376456315908 ], [ -73.670206086630586, 46.013022572063932 ], [ -73.676350774185607, 46.016277479606273 ], [ -73.677596806174179, 46.027116143237222 ], [ -73.682088794361434, 46.032659270356973 ], [ -73.687190499690232, 46.034282417375692 ], [ -73.689297184673094, 46.031589536979169 ], [ -73.697080959658607, 46.035504162761221 ], [ -73.699103980449792, 46.031079083012976 ], [ -73.704635486643923, 46.028681458457363 ], [ -73.708090163489501, 46.031401605913473 ], [ -73.788474905356324, 45.976855104459084 ], [ -73.853770416850466, 46.021646406814114 ], [ -73.85796874618265, 46.021024318824374 ], [ -73.87276596988508, 46.028840692328657 ], [ -73.897836443478283, 46.010605512827397 ], [ -73.920905388629137, 46.019221980365799 ], [ -73.973671647242099, 45.977644332717283 ], [ -74.002333918157632, 45.996972202528113 ], [ -74.063928181085274, 45.953170936821202 ], [ -74.068212906102772, 45.950755911561906 ], [ -74.071212028078023, 45.952816231625633 ], [ -74.126784222819566, 45.914360532577604 ], [ -74.139757730621724, 45.923126328801139 ], [ -74.139841563544252, 45.91754647757012 ], [ -74.142343099789059, 45.918508160765199 ], [ -74.148066112044049, 45.912822828154368 ], [ -74.158447262788172, 45.915918655250863 ], [ -74.16486741927956, 45.913553653742589 ], [ -74.17635507252119, 45.921580201482357 ], [ -74.192133393043761, 45.910870291264892 ], [ -74.271678832853397, 45.965543960872218 ], [ -74.261934141575878, 45.999757493014897 ], [ -74.407630435378977, 46.018673249644046 ], [ -74.399077029516093, 46.053961033133781 ], [ -74.41610651147812, 46.055643566487639 ], [ -74.412889635838937, 46.071280487573659 ], [ -74.396270594710387, 46.06834719559788 ], [ -74.3928769046056, 46.089335035753763 ], [ -74.368135874549935, 46.158712643406979 ], [ -74.458984649822753, 46.221155247018935 ], [ -74.443275986281236, 46.232428698873306 ], [ -74.475059918203442, 46.2543415911585 ], [ -74.33404129426907, 46.353923738107753 ], [ -74.47748652311806, 46.454092084388826 ], [ -74.343610116610847, 46.549301930408745 ], [ -74.110767679185216, 46.393233380459094 ], [ -73.943277746010438, 46.287007212103475 ] ] ] } },
{ "type": "Feature", "properties": { "riding_code": 837, "riding_name": "Bonaventure" }, "geometry": { "type": "Polygon", "coordinates": [ [ [ -64.958966991558555, 48.329199469457038 ], [ -64.809564527043946, 48.427285711234681 ], [ -64.820255948164004, 48.441984217775058 ], [ -64.636887599243565, 48.502891159402431 ], [ -64.573316065891319, 48.419802262417647 ], [ -64.604590914176555, 48.409487666728126 ], [ -64.593160952379662, 48.39514145275988 ], [ -64.599144285991443, 48.385811844689705 ], [ -64.581666159834285, 48.378090282594258 ], [ -64.570566452788398, 48.361499003491275 ], [ -64.421962346855295, 48.220576163804814 ], [ -65.11170911522575, 47.921127210694124 ], [ -65.536179183012806, 47.828632495477024 ], [ -65.606461355409991, 47.933634075536204 ], [ -65.858134434208026, 48.022250295509572 ], [ -66.162601829633587, 48.049193122983283 ], [ -66.203822145547505, 48.045804753077014 ], [ -66.264380901261333, 48.035582462881059 ], [ -66.305889059420863, 48.03314126850313 ], [ -66.313023534207488, 48.038190432659235 ], [ -66.331855932296051, 48.064695397461314 ], [ -66.347831450748657, 48.078275672482022 ], [ -66.370327418735457, 48.086051554466174 ], [ -66.401030506510764, 48.089611067017209 ], [ -66.46155582542734, 48.086391522515612 ], [ -66.488083620065524, 48.081637077076323 ], [ -66.503839584477745, 48.076081943065091 ], [ -66.519226258441179, 48.055614001548385 ], [ -66.530475734879474, 48.04797365670246 ], [ -66.654480178620688, 48.017359898425283 ], [ -66.671341898259129, 48.018137739136947 ], [ -66.676592189549524, 48.0127210880757 ], [ -66.699037456122511, 48.005387749893401 ], [ -66.716621492558119, 48.006387874021442 ], [ -66.741289209791361, 48.001415748400184 ], [ -66.748733983794665, 47.996943488653194 ], [ -66.761678697852233, 48.002554646698862 ], [ -66.783346198870618, 47.99608241261658 ], [ -66.780207222553713, 47.99322130370949 ], [ -66.78926300114928, 47.991304574322839 ], [ -66.799263368495573, 47.991304572072544 ], [ -66.802041218801463, 47.995249058755398 ], [ -66.841159814573601, 48.002268347127234 ], [ -66.9209061781673, 47.984388042204657 ], [ -66.929573246488914, 47.97561023575696 ], [ -66.941490299076293, 47.971221467342055 ], [ -66.947184993067921, 47.954443715852939 ], [ -66.964546835124352, 47.941971539547438 ], [ -66.970241529530895, 47.91527703608952 ], [ -66.950490555745034, 47.90899924452912 ], [ -66.944434694385066, 47.902860277066893 ], [ -66.955684318234518, 47.89241580916557 ], [ -66.97976769525053, 47.893888080151839 ], [ -67.007686622319, 47.910110386858904 ], [ -67.040744151752605, 47.923999444157722 ], [ -67.050355461696668, 47.93422183092823 ], [ -67.059633547975395, 47.935388464200003 ], [ -67.071050650474405, 47.922082964207512 ], [ -67.091329191062357, 47.922110851296786 ], [ -67.106468215610661, 47.913305433572738 ], [ -67.132663702198059, 47.91475012940996 ], [ -67.135746978665225, 47.911361248350708 ], [ -67.133302001695611, 47.899694512545331 ], [ -67.141302323520833, 47.892916763299993 ], [ -67.152191818595909, 47.890555784229001 ], [ -67.16627607833405, 47.896555934325349 ], [ -67.171276327013146, 47.89258371570692 ], [ -67.174582024390205, 47.883222575525089 ], [ -67.20683339903033, 47.876055848073449 ], [ -67.216639252616247, 47.877250319876971 ], [ -67.228611924687499, 47.887333755269076 ], [ -67.245057012490989, 47.882000449574683 ], [ -67.25952942335266, 47.891139417988441 ], [ -67.272612725811953, 47.890944992776781 ], [ -67.287002150248199, 47.898722841571548 ], [ -67.298196685233066, 47.898667329517458 ], [ -67.294112874726565, 47.890195002693041 ], [ -67.303334846214867, 47.88552838181608 ], [ -67.333779684307743, 47.88991737367656 ], [ -67.347807557272645, 47.895917411577592 ], [ -67.348418361143686, 47.893056267826204 ], [ -67.338057167517732, 47.887417331615467 ], [ -67.336639105114514, 47.872195079339726 ], [ -67.34291635008789, 47.867639475401191 ], [ -67.346778004017111, 47.873611741320907 ], [ -67.352333435086209, 47.873472884061385 ], [ -67.351194095783882, 47.867389476813443 ], [ -67.364276725870312, 47.856444982290036 ], [ -67.357415160893026, 47.850694980551481 ], [ -67.35788707498736, 47.847056034227116 ], [ -67.374359641132855, 47.845361648891398 ], [ -67.389943543227133, 47.850306135838352 ], [ -67.379610198635731, 47.856417295732321 ], [ -67.393471568132881, 47.859722900763423 ], [ -67.392943910075758, 47.867834061200298 ], [ -67.398527364545231, 47.866972945710117 ], [ -67.421583339806205, 47.878084193298392 ], [ -67.437807327938728, 47.880195100555568 ], [ -67.441780131163569, 47.885222769378878 ], [ -67.472367682911468, 47.89411121704525 ], [ -67.482564134839791, 47.902416452236743 ], [ -67.500789127141601, 47.905693855096224 ], [ -67.512456919802503, 47.913666150796672 ], [ -67.534068751102879, 47.914972105412879 ], [ -67.547930258357781, 47.921777852483473 ], [ -67.559402756144877, 47.919361414450044 ], [ -67.582180950281113, 47.928056244006555 ], [ -67.592709267965333, 47.924334045124724 ], [ -67.595764891740373, 47.93236194647384 ], [ -67.607570904763179, 47.936417482395044 ], [ -67.604709566159698, 47.942139782635053 ], [ -67.608348634252337, 47.949250939338228 ], [ -67.601626005899291, 47.953084256500858 ], [ -67.606709637529178, 47.95602870154422 ], [ -67.607542864056143, 47.961417640220347 ], [ -67.598625838702617, 47.964139856673803 ], [ -67.596403518795555, 47.970417655212188 ], [ -67.6025703060875, 47.978167792237656 ], [ -67.613265269625501, 47.980056651117799 ], [ -67.610598391212974, 47.991140034228415 ], [ -67.597208899327057, 47.996362289472934 ], [ -67.597495410633485, 48.00122179106522 ], [ -67.589699873010133, 48.002841308367252 ], [ -67.592669604637351, 48.007208558128667 ], [ -67.587257852810097, 48.011190035493627 ], [ -67.592800576776668, 48.012802559152028 ], [ -67.589838167868336, 48.023371025271878 ], [ -67.595672097347034, 48.026675579876141 ], [ -67.587243295530982, 48.034915132171079 ], [ -67.584874059241315, 48.045218194360373 ], [ -67.612924221440736, 48.066331065369312 ], [ -67.624460445675183, 48.069304206462071 ], [ -67.631334328854322, 48.077994407826225 ], [ -67.649434405621449, 48.081061745033843 ], [ -67.651973430567423, 48.086347112222875 ], [ -67.64948820419572, 48.090361838547707 ], [ -67.65810357034583, 48.102348765696675 ], [ -67.660063637033005, 48.110854676606706 ], [ -67.66697270187241, 48.116799085010129 ], [ -67.374603164322622, 48.194892602575386 ], [ -67.277547798582432, 48.031538048124261 ], [ -67.098450347733618, 48.077948215999406 ], [ -67.096335896246075, 48.081664034756649 ], [ -67.09837551710099, 48.085182364747595 ], [ -66.879575151451874, 48.136969376918564 ], [ -66.934526151916089, 48.181129426310818 ], [ -66.900371167972636, 48.200354941862024 ], [ -66.875738935699047, 48.18290819079953 ], [ -66.839684229454051, 48.146891370681736 ], [ -66.836773202897234, 48.147513204220616 ], [ -66.974160005271884, 48.303156433929054 ], [ -66.714138182220509, 48.373800105095221 ], [ -65.500810680044751, 48.679699333625976 ], [ -64.958966991558555, 48.329199469457038 ] ] ] } },
{ "type": "Feature", "properties": { "riding_code": 261, "riding_name": "Nelligan" }, "geometry": { "type": "Polygon", "coordinates": [ [ [ -73.889852800290498, 45.522005338852644 ], [ -73.86356928926871, 45.519980029132917 ], [ -73.852536348709847, 45.511441560151908 ], [ -73.844371442548152, 45.518555157352324 ], [ -73.82850086374404, 45.518505433347606 ], [ -73.819893399166617, 45.506762920585253 ], [ -73.840193056279986, 45.499772824197279 ], [ -73.862235602543478, 45.482128319479159 ], [ -73.832132597245348, 45.445377344650723 ], [ -73.852035411189078, 45.445529936359712 ], [ -73.864851602748828, 45.439046594083806 ], [ -73.868514516488773, 45.442866403784684 ], [ -73.872799485226153, 45.442564264724389 ], [ -73.883240441131804, 45.436141459828299 ], [ -73.901323086554584, 45.435303668872436 ], [ -73.905564475717966, 45.448429978964874 ], [ -73.92490038744512, 45.440597410455275 ], [ -73.937024237729503, 45.450964550629344 ], [ -73.974352752887626, 45.466427978984044 ], [ -73.93337262517997, 45.507544377745837 ], [ -73.90769078887476, 45.522279207842232 ], [ -73.896139098910041, 45.525545707486309 ], [ -73.889852800290498, 45.522005338852644 ] ] ] } },
{ "type": "Feature", "properties": { "riding_code": 689, "riding_name": "Abitibi-Est" }, "geometry": { "type": "Polygon", "coordinates": [ [ [ -75.520552108914629, 49.000069860256538 ], [ -75.520642705648612, 47.847737860399683 ], [ -75.725317552438852, 47.847537564393186 ], [ -75.730289372283892, 47.841224067899539 ], [ -75.739523026792824, 47.837457270864277 ], [ -75.742509910976764, 47.830791581237143 ], [ -75.772095369182097, 47.81881427412366 ], [ -75.774506822299983, 47.806915525853803 ], [ -75.788284656405523, 47.791499386984036 ], [ -75.785700780927868, 47.785988941707693 ], [ -75.790666207402367, 47.78091869322315 ], [ -75.782468390541283, 47.775729366287074 ], [ -75.777379021225883, 47.75744175908418 ], [ -75.779194008439163, 47.752466919414587 ], [ -75.786134799761925, 47.748478422777694 ], [ -75.785687879017956, 47.725496958278242 ], [ -75.797632395962083, 47.709222681053085 ], [ -75.784852039574773, 47.680316333125617 ], [ -75.791782394313088, 47.681461882136894 ], [ -75.795617886481409, 47.67439945030231 ], [ -75.805797879680313, 47.669467496714738 ], [ -75.814616905974674, 47.67437884561631 ], [ -75.810957527461937, 47.674628968738233 ], [ -75.813743271253742, 47.681499367872462 ], [ -75.815893340049428, 47.680766493318174 ], [ -75.812054208460538, 47.687776196937371 ], [ -75.817713839330665, 47.693913339470733 ], [ -75.830366760223882, 47.689574971893087 ], [ -75.821143466117107, 47.697565190281033 ], [ -75.834862954250454, 47.697233171417494 ], [ -75.830664016058037, 47.703422879620703 ], [ -75.847408785854142, 47.704288387198595 ], [ -75.847726580225654, 47.713415452894033 ], [ -75.856906018389878, 47.713936976467295 ], [ -75.842430908593727, 47.720780285294552 ], [ -75.850352215904692, 47.726502616505549 ], [ -75.847787034018481, 47.732356585004794 ], [ -75.836870914833654, 47.731047433382571 ], [ -75.830264639568441, 47.733920991694539 ], [ -75.827843769686467, 47.736075324199106 ], [ -75.840167681482782, 47.73822551830991 ], [ -75.833233132624343, 47.739148723869583 ], [ -75.830574451664674, 47.743824048643923 ], [ -75.834936336660277, 47.750486886372393 ], [ -75.837972051354086, 47.749998498335472 ], [ -75.833675528671634, 47.759153071210704 ], [ -75.835265825129696, 47.7641257495345 ], [ -75.831781073708527, 47.767544280916788 ], [ -75.852862311833135, 47.772844929838627 ], [ -75.862390676346735, 47.770677636467632 ], [ -75.866204376487858, 47.779073941850847 ], [ -75.867377960487886, 47.785530090860441 ], [ -75.861805689727262, 47.788487375846685 ], [ -75.856849216090552, 47.786936730848346 ], [ -75.859670066149235, 47.783218433559064 ], [ -75.848548211931316, 47.785413297012553 ], [ -75.851466848817424, 47.788729826764985 ], [ -75.858551747161215, 47.788375082491775 ], [ -75.848901612632659, 47.792814076004142 ], [ -75.854891510665567, 47.795097503159347 ], [ -75.851640464861759, 47.797853537315042 ], [ -75.856903583984462, 47.803423161475749 ], [ -75.868319899482032, 47.799895263945125 ], [ -75.883729190637212, 47.800989032383782 ], [ -75.888923651350851, 47.797778295481791 ], [ -75.895580259718685, 47.800250957208931 ], [ -75.905312952910535, 47.792201966016108 ], [ -75.916800817635931, 47.794152618852507 ], [ -75.921704674715841, 47.801904425820098 ], [ -75.934511672249599, 47.800264976808201 ], [ -75.985825553358353, 47.771761264170145 ], [ -75.980293536163174, 47.763377446811958 ], [ -75.985932215750836, 47.754939765605648 ], [ -75.99438164408906, 47.754270402694921 ], [ -75.985785440011824, 47.752853108438323 ], [ -75.983083545432265, 47.743697705486653 ], [ -75.986254493114146, 47.742998352062621 ], [ -75.987422295705414, 47.738387321322634 ], [ -76.006571777511766, 47.733309731066015 ], [ -76.007663703146406, 47.729559905821887 ], [ -76.003191161907822, 47.73045419054732 ], [ -76.003071982338071, 47.728032933545542 ], [ -76.008747504208458, 47.726677673982422 ], [ -76.009618929419119, 47.729692206148236 ], [ -76.015806728039891, 47.723741412321601 ], [ -76.026258008501344, 47.727341738658538 ], [ -76.036072366933467, 47.723726564783185 ], [ -76.047634256240656, 47.726742893093018 ], [ -76.053447946556716, 47.724737489691044 ], [ -76.057440078700836, 47.726041768072186 ], [ -76.057067933330089, 47.731450912008164 ], [ -76.065530273981551, 47.727724437922852 ], [ -76.065180351431735, 47.72496180456033 ], [ -76.070379281441831, 47.726625968755883 ], [ -76.072643904305977, 47.723111552073199 ], [ -76.070578324239321, 47.725696864384183 ], [ -76.069251497327414, 47.723317224418579 ], [ -76.074583193424274, 47.721391922552861 ], [ -76.087506826345248, 47.726073786356451 ], [ -76.104537102960762, 47.724694573303665 ], [ -76.109933738667664, 47.718825593396431 ], [ -76.116937587722347, 47.717863153124085 ], [ -76.126093708592521, 47.72267091451819 ], [ -76.131009342977947, 47.717847614765262 ], [ -76.13181954377751, 47.723681754774539 ], [ -76.136376417659037, 47.723869686832309 ], [ -76.135455781945268, 47.720380126410689 ], [ -76.154220495613075, 47.715595096535779 ], [ -76.162708426650084, 47.718341407912611 ], [ -76.160967433940272, 47.721143948600741 ], [ -76.164438517167511, 47.725144637441886 ], [ -76.178140248805704, 47.725477673244512 ], [ -76.168544820463154, 47.734592235969856 ], [ -76.175524453239504, 47.733293351700517 ], [ -76.175911663939956, 47.737001854216189 ], [ -76.180399835567968, 47.733670821641546 ], [ -76.18246765809505, 47.735742653392691 ], [ -76.187440548904704, 47.728972585918136 ], [ -76.204624640736554, 47.723723229769334 ], [ -76.21484083161819, 47.725460400053741 ], [ -76.213744689188985, 47.727361313115203 ], [ -76.221432693339167, 47.726644258616517 ], [ -76.216804472216438, 47.727889901804637 ], [ -76.218971654310025, 47.731337985833598 ], [ -76.227951093074395, 47.730332940583914 ], [ -76.223804132104419, 47.726334226217205 ], [ -76.226433064480929, 47.727825493210162 ], [ -76.227775484822985, 47.723400152813241 ], [ -76.238733794783812, 47.721735743851369 ], [ -76.242788828609747, 47.712276415870122 ], [ -76.248759880634694, 47.709646792436025 ], [ -76.244933377718468, 47.70675021334668 ], [ -76.248099415067927, 47.702762486877312 ], [ -76.243069031843433, 47.704139079202619 ], [ -76.247150215562996, 47.700649101157666 ], [ -76.249711514079451, 47.700034069774851 ], [ -76.248103747191095, 47.702748913434583 ], [ -76.256313939462075, 47.696411227207477 ], [ -76.266621786380398, 47.694381768620175 ], [ -76.270562350942072, 47.688476603352825 ], [ -76.275109347377239, 47.68836162544666 ], [ -76.270325525522225, 47.689942881147012 ], [ -76.271519758903565, 47.691421774773708 ], [ -76.290828500028013, 47.686537901951425 ], [ -76.288093030133453, 47.680629702742934 ], [ -76.307170589781464, 47.666400378748186 ], [ -76.324461423406987, 47.669089597446586 ], [ -76.334898884817903, 47.657664044569479 ], [ -76.372623093228128, 47.651504507788495 ], [ -76.37780998321314, 47.652829729270216 ], [ -76.38249585168991, 47.657353068186964 ], [ -76.382600807250938, 47.662015996500408 ], [ -76.385001653176985, 47.661429855839785 ], [ -76.390121374321524, 47.654369888274715 ], [ -76.3991721186256, 47.656118998578229 ], [ -76.404250152983906, 47.653503788643775 ], [ -76.401974761622, 47.647626610040717 ], [ -76.411943284552464, 47.643615544540424 ], [ -76.401980833789679, 47.643336817312864 ], [ -76.407243315696505, 47.638976949764441 ], [ -76.415224056668976, 47.640965500059146 ], [ -76.417588692142644, 47.63651471720565 ], [ -76.419471843361279, 47.638458653518065 ], [ -76.4185583337335, 47.635286038113811 ], [ -76.420670340480996, 47.639185493505181 ], [ -76.426219596969602, 47.640299946690831 ], [ -76.429197702838323, 47.631750390297441 ], [ -76.447898788857813, 47.631188764482999 ], [ -76.458754786936382, 47.627484146393641 ], [ -76.460806769845462, 47.624748656927146 ], [ -76.449911974808131, 47.626622654822079 ], [ -76.455040931627281, 47.622204382967155 ], [ -76.462823127955119, 47.622918213356421 ], [ -76.457315796061181, 47.614823651329928 ], [ -76.463729868304938, 47.614196952418823 ], [ -76.468068702617202, 47.617301454451365 ], [ -76.472469899353882, 47.613059104883867 ], [ -76.476286515425301, 47.615604927099284 ], [ -76.481587985848861, 47.610887317590709 ], [ -76.478095235050176, 47.606435283937557 ], [ -76.484527935608213, 47.605227864994184 ], [ -76.485398781937064, 47.600635695444346 ], [ -76.49352831715639, 47.599873868541685 ], [ -76.492444033033564, 47.597822046875756 ], [ -76.484231937640644, 47.600494750363623 ], [ -76.482817909825584, 47.602860049941114 ], [ -76.480056298817573, 47.599450178101414 ], [ -76.465131824099288, 47.602159745863041 ], [ -76.461534865160033, 47.599872087232079 ], [ -76.45145131487584, 47.604155937404471 ], [ -76.444081677220808, 47.599318779381555 ], [ -76.422305234917687, 47.607539901681882 ], [ -76.416202844792721, 47.603098189721365 ], [ -76.421331699965947, 47.599873725581944 ], [ -76.416916482118665, 47.599463979974566 ], [ -76.407639803868236, 47.562310727488367 ], [ -76.417791567638687, 47.517821157843699 ], [ -76.424818969081912, 47.512971757765143 ], [ -76.519698050676382, 47.567686047108872 ], [ -76.575399814957407, 47.604001302003326 ], [ -76.575721807307531, 47.289784206762107 ], [ -77.002048468104022, 47.290181186850944 ], [ -77.00227087190423, 47.145344699361992 ], [ -77.432656203659349, 47.144707771430895 ], [ -77.432627170690438, 47.290308449855864 ], [ -77.647278888111728, 47.290349720364048 ], [ -77.647272227160954, 47.269271541902079 ], [ -77.93126699441811, 47.269376742882365 ], [ -77.923484789224545, 47.278773767380827 ], [ -77.926008329418096, 47.284540723727254 ], [ -77.914778275957445, 47.286243061008044 ], [ -77.90838848731353, 47.292164258707906 ], [ -77.903518424999305, 47.288977042107845 ], [ -77.90176917718064, 47.294210894426229 ], [ -77.890431292304271, 47.29776305624754 ], [ -77.887202397284838, 47.305361638833759 ], [ -77.88183884692053, 47.305156674744026 ], [ -77.879948507033248, 47.311141915476625 ], [ -77.87182682259521, 47.313128768523434 ], [ -77.872775354609828, 47.308557733587335 ], [ -77.860986704210106, 47.317900719200196 ], [ -77.858305691687065, 47.314848907325256 ], [ -77.860345957601524, 47.31020102742626 ], [ -77.856254605568253, 47.307138591858177 ], [ -77.860788919807391, 47.325079379516716 ], [ -77.856877641630817, 47.32870716584037 ], [ -77.843898377765299, 47.324497972329262 ], [ -77.852058776071502, 47.31912798023891 ], [ -77.840111768074351, 47.319477482944002 ], [ -77.844253568578893, 47.308344314028552 ], [ -77.84437606269816, 47.303233384104473 ], [ -77.842171081119673, 47.303341285557593 ], [ -77.838452181686918, 47.316670971479581 ], [ -77.826213341161008, 47.318524328752488 ], [ -77.835081461220653, 47.319916940220708 ], [ -77.834012299170524, 47.324044543379607 ], [ -77.827168754190467, 47.323569071835081 ], [ -77.831539783386233, 47.325744110047168 ], [ -77.825523653824206, 47.327599704594533 ], [ -77.818190145238361, 47.325619794372898 ], [ -77.822658198515242, 47.330855391108422 ], [ -77.827483596571554, 47.327889274552994 ], [ -77.837799597568619, 47.332881718048604 ], [ -77.843064866244362, 47.331087331249194 ], [ -77.843959672761201, 47.334028732102986 ], [ -77.839495033438197, 47.336472988761322 ], [ -77.843286782042085, 47.336372504938481 ], [ -77.835160631814645, 47.337823583509646 ], [ -77.83303512609227, 47.335545771843364 ], [ -77.829489007181834, 47.337980838079901 ], [ -77.822661844374053, 47.334337774444066 ], [ -77.822183081849317, 47.337275311727161 ], [ -77.819350676076382, 47.33381637829909 ], [ -77.818420299966746, 47.338711637684341 ], [ -77.823061725002759, 47.338254736392052 ], [ -77.825288919714836, 47.343084410771354 ], [ -77.815304033298702, 47.357371932859124 ], [ -77.795105582252774, 47.363234306957395 ], [ -77.803837950956193, 47.381474811241581 ], [ -77.798300458624979, 47.385148720270323 ], [ -77.796630887756123, 47.381636979090736 ], [ -77.793306850480093, 47.383286429300568 ], [ -77.793858934422715, 47.375116028204296 ], [ -77.78976435021815, 47.371952261525429 ], [ -77.787317549651348, 47.373667093496309 ], [ -77.792729884840909, 47.383606136389361 ], [ -77.787806504843104, 47.39328036769087 ], [ -77.777399915185484, 47.393254304075555 ], [ -77.772057715747508, 47.396651610685566 ], [ -77.773257701031682, 47.390582056359953 ], [ -77.763737020963859, 47.396056714236821 ], [ -77.766849210165205, 47.40156849696168 ], [ -77.77223174444147, 47.402555710547347 ], [ -77.771937576953306, 47.406935920600738 ], [ -77.753552286301925, 47.416536854846996 ], [ -77.765570962961306, 47.413840302248822 ], [ -77.766324950027141, 47.417379726913758 ], [ -77.771350173297776, 47.418545590361028 ], [ -77.762455715171598, 47.424691763637043 ], [ -77.75517856222622, 47.424783525700619 ], [ -77.754132798279329, 47.421870297024874 ], [ -77.746252281540464, 47.427583756646193 ], [ -77.727455493592686, 47.428009097005329 ], [ -77.718418913995322, 47.424952806429779 ], [ -77.734064590976743, 47.417037817980464 ], [ -77.730228027654633, 47.415246516710319 ], [ -77.707528717953181, 47.419083671463 ], [ -77.694655922784506, 47.428560215924321 ], [ -77.679074281294646, 47.423395959482043 ], [ -77.668931659166674, 47.429736029933444 ], [ -77.661440277457899, 47.430270103230406 ], [ -77.666209170869152, 47.433157949794136 ], [ -77.662478947347793, 47.433979974292406 ], [ -77.656873781743371, 47.42594833088576 ], [ -77.651006696748681, 47.424844139173402 ], [ -77.640371348103074, 47.416011590176581 ], [ -77.636803631941461, 47.416940313907553 ], [ -77.640282019818073, 47.411947955970199 ], [ -77.635379182881181, 47.41822928633124 ], [ -77.633534565741286, 47.415640634682291 ], [ -77.629261545285303, 47.418308038338381 ], [ -77.631547493052679, 47.415350396439173 ], [ -77.625967898516564, 47.414550810718772 ], [ -77.625702087478714, 47.410552941608657 ], [ -77.618756209495899, 47.409971038722524 ], [ -77.621270716985606, 47.405298305861031 ], [ -77.615936526351376, 47.404617401251883 ], [ -77.610168777714819, 47.412104431676042 ], [ -77.602948143381596, 47.402968250272295 ], [ -77.59962459693709, 47.404655639621318 ], [ -77.599096963831116, 47.405333783737476 ], [ -77.604321099245951, 47.408002694637446 ], [ -77.601590711732456, 47.408647986506942 ], [ -77.607041034899964, 47.412125211793963 ], [ -77.604839290286336, 47.41392787333352 ], [ -77.614825714928344, 47.412976548631875 ], [ -77.616944305863697, 47.416079957627908 ], [ -77.60779329618785, 47.42879619186953 ], [ -77.609321353013968, 47.437157625209792 ], [ -77.586287362288772, 47.445666208557505 ], [ -77.579207259041723, 47.442442265947484 ], [ -77.582479294032922, 47.438361656149752 ], [ -77.580378084810505, 47.438031869966771 ], [ -77.579108020177685, 47.442403682186466 ], [ -77.564991011009795, 47.449288854012998 ], [ -77.567928173594694, 47.450050773132936 ], [ -77.567208920429081, 47.454005567371823 ], [ -77.565598393211943, 47.456599912015264 ], [ -77.564978624242315, 47.450952933852349 ], [ -77.559391461509094, 47.453333629488974 ], [ -77.55835716949845, 47.457878802544677 ], [ -77.565422908778643, 47.456856018383185 ], [ -77.562624056557723, 47.464213618189191 ], [ -77.567253044161191, 47.468814613824229 ], [ -77.562531707273095, 47.474700815265841 ], [ -77.555730391003465, 47.475253508436609 ], [ -77.553180184962983, 47.480388361425568 ], [ -77.553560427481813, 47.476844964818618 ], [ -77.544859280599724, 47.471474759992759 ], [ -77.538626298170172, 47.471717342936302 ], [ -77.533877628082195, 47.476691085202603 ], [ -77.534028826585455, 47.470259788501124 ], [ -77.522653832222503, 47.473592536656398 ], [ -77.526000757397043, 47.468053625471939 ], [ -77.523335147783968, 47.469261886329164 ], [ -77.524112428001814, 47.465322045157258 ], [ -77.520222248379909, 47.471529934442749 ], [ -77.509960599886767, 47.469551606288867 ], [ -77.516442954129772, 47.474737678646584 ], [ -77.51805658121225, 47.473156997564359 ], [ -77.516344128972406, 47.475802415638086 ], [ -77.520954181170879, 47.479646363125923 ], [ -77.517536819405152, 47.484991636460748 ], [ -77.52567279617486, 47.482489374584873 ], [ -77.526220023335384, 47.484705043368855 ], [ -77.525326937002475, 47.48877850347445 ], [ -77.522624860550508, 47.487058934030799 ], [ -77.522545589555676, 47.490952420146435 ], [ -77.51746132857707, 47.49204965677562 ], [ -77.518704660657292, 47.494842420320452 ], [ -77.514135774941167, 47.500064746271164 ], [ -77.510444168748904, 47.498346933221697 ], [ -77.515055458606426, 47.493031552910196 ], [ -77.505083639769623, 47.496332641986598 ], [ -77.509841340319952, 47.490466329657984 ], [ -77.506511824125297, 47.492169130027115 ], [ -77.506861674132722, 47.486079121510883 ], [ -77.504627809973954, 47.491218484187023 ], [ -77.497677740786372, 47.489463019544999 ], [ -77.49355048906564, 47.496010401385192 ], [ -77.47834893138041, 47.490956043146021 ], [ -77.473975230187293, 47.485023922396735 ], [ -77.468555023194483, 47.487035615580275 ], [ -77.466816970961972, 47.489799105374686 ], [ -77.472290897937967, 47.490107945010287 ], [ -77.471353407805296, 47.494554984013973 ], [ -77.483095607634468, 47.496049687422307 ], [ -77.481874774019303, 47.493400461562061 ], [ -77.483979737902516, 47.493658749573093 ], [ -77.486667887382367, 47.499177649934978 ], [ -77.498021458491237, 47.497134672226011 ], [ -77.500879751153832, 47.504098550539581 ], [ -77.49894180537477, 47.509923196710851 ], [ -77.499498263977856, 47.51025669895391 ], [ -77.502277565911186, 47.507504501102538 ], [ -77.502663626487561, 47.507868628628444 ], [ -77.493025076068477, 47.51684280356276 ], [ -77.476430140815282, 47.510866949164168 ], [ -77.480980520109227, 47.506777907309171 ], [ -77.480581518227226, 47.506134719613378 ], [ -77.470260943439214, 47.509537233124234 ], [ -77.463353247540041, 47.507053476789032 ], [ -77.466088608108933, 47.503518319173779 ], [ -77.459323808400768, 47.506404737793858 ], [ -77.452623436167642, 47.502488109535179 ], [ -77.444371885446955, 47.48863480784722 ], [ -77.438153080465185, 47.488799755977404 ], [ -77.436812830312633, 47.485207641615617 ], [ -77.432201473749984, 47.489813281199524 ], [ -77.427606319962607, 47.489672053728164 ], [ -77.426123614313212, 47.493584793946475 ], [ -77.431123463463308, 47.49076116663732 ], [ -77.439323413764967, 47.495403900457319 ], [ -77.437555795757746, 47.502454804546126 ], [ -77.44755031156059, 47.502278913352406 ], [ -77.445163320713917, 47.503592730463069 ], [ -77.452784179953213, 47.507151169547797 ], [ -77.450672641020731, 47.512344512853723 ], [ -77.443972837488872, 47.51122045592362 ], [ -77.450789718385678, 47.519045852455996 ], [ -77.456386790583565, 47.520749035000136 ], [ -77.455067706066274, 47.526450132805195 ], [ -77.458433021804495, 47.527765995695908 ], [ -77.470056923951617, 47.522155268494274 ], [ -77.472119750910622, 47.5239720063555 ], [ -77.466960578573918, 47.533425544372513 ], [ -77.462395134523305, 47.534639744734932 ], [ -77.46420222364145, 47.530018348291335 ], [ -77.457052226965331, 47.529032143955398 ], [ -77.453577874725326, 47.535255871748269 ], [ -77.44976361189174, 47.535280297544503 ], [ -77.450763586228859, 47.53228478337374 ], [ -77.448147587059665, 47.535838466898269 ], [ -77.440024427152153, 47.537664084189394 ], [ -77.443009023232435, 47.538372474385952 ], [ -77.44061069679708, 47.541486536731931 ], [ -77.459821735772977, 47.538109129022644 ], [ -77.46463353674487, 47.544094968454154 ], [ -77.467871935601082, 47.542190869340743 ], [ -77.469898952328776, 47.547473927854874 ], [ -77.475520563236188, 47.541144819617919 ], [ -77.49280054381363, 47.540683308299741 ], [ -77.493533215762795, 47.558574655105069 ], [ -77.496208330485999, 47.560541202966981 ], [ -77.500979644266721, 47.552594113690724 ], [ -77.503650253763496, 47.550274390068836 ], [ -77.504018966678274, 47.551254312170926 ], [ -77.500048599526949, 47.560396291102677 ], [ -77.502201159069756, 47.562640506158935 ], [ -77.494852034340965, 47.561977380313905 ], [ -77.500952358521246, 47.566023354125917 ], [ -77.50083010509357, 47.569431901893147 ], [ -77.488950418374301, 47.56552290641654 ], [ -77.488533274475401, 47.574411508291611 ], [ -77.492071439040259, 47.578653911693607 ], [ -77.484183687793404, 47.58466264312041 ], [ -77.483448209732941, 47.58976594766515 ], [ -77.475221534824783, 47.591953454038951 ], [ -77.472006540572664, 47.587996093288169 ], [ -77.470146891443505, 47.587522110968322 ], [ -77.46723784257469, 47.59025365101882 ], [ -77.471880519902712, 47.5903735156068 ], [ -77.47184157479407, 47.594851763967441 ], [ -77.476748493942395, 47.596717240246342 ], [ -77.480450816347172, 47.594854593019789 ], [ -77.474461636653714, 47.602935367259029 ], [ -77.468492911948033, 47.603264356246662 ], [ -77.470040596828881, 47.606779314312895 ], [ -77.464509943220349, 47.60373387434764 ], [ -77.468269627683526, 47.602917386352765 ], [ -77.46316756442701, 47.600160202660021 ], [ -77.464887961338036, 47.596593037402123 ], [ -77.454375346934825, 47.597211226937773 ], [ -77.450581544011257, 47.590416340875692 ], [ -77.438659095528479, 47.589290428324972 ], [ -77.427986101798624, 47.579789475245214 ], [ -77.428752188813434, 47.582913491190169 ], [ -77.42409905543235, 47.584573940854341 ], [ -77.43159299058027, 47.586705808434381 ], [ -77.433901648400095, 47.591636184320329 ], [ -77.433774797029955, 47.589158109007343 ], [ -77.448589355428112, 47.591903194528747 ], [ -77.452574845813189, 47.598260440512185 ], [ -77.466062458666229, 47.607384134485429 ], [ -77.466951062803645, 47.623980729069444 ], [ -77.456991111156341, 47.622608828821747 ], [ -77.463600454234694, 47.626081207183645 ], [ -77.455063379821311, 47.629589640628929 ], [ -77.460261106141729, 47.632530490385221 ], [ -77.45128108704813, 47.632404758843947 ], [ -77.442760067493083, 47.63866009648364 ], [ -77.457625989655881, 47.633652749461135 ], [ -77.459281932463227, 47.636889514411273 ], [ -77.459441138240635, 47.63306331953526 ], [ -77.467199190872421, 47.633992043769005 ], [ -77.465844934689898, 47.641133464495809 ], [ -77.469756098832974, 47.649357462765998 ], [ -77.464683523934951, 47.649618442165838 ], [ -77.461789846988509, 47.654257003261591 ], [ -77.46355376846833, 47.656564199935957 ], [ -77.449922933100126, 47.666589726260241 ], [ -77.445483728639402, 47.675199489543857 ], [ -77.441093797021779, 47.671480532381047 ], [ -77.424655584629079, 47.681957248151811 ], [ -77.426739373022656, 47.683141917982468 ], [ -77.424269318471971, 47.687679450781467 ], [ -77.429753511720349, 47.695955898147481 ], [ -77.42642553950688, 47.699192177095981 ], [ -77.423385013734318, 47.695258497769984 ], [ -77.419478891115403, 47.695847917239753 ], [ -77.419086227729423, 47.693848960652623 ], [ -77.417264579099452, 47.694220623220055 ], [ -77.418580072025264, 47.694334014010778 ], [ -77.418791282697271, 47.695621507909692 ], [ -77.420484700656601, 47.696515306945244 ], [ -77.423422768816479, 47.696268849862832 ], [ -77.42455820153765, 47.697741489059574 ], [ -77.421979210434614, 47.702623226596103 ], [ -78.654694141716888, 47.702374713832803 ], [ -78.653037457231022, 47.88017416996037 ], [ -78.703933317844047, 47.880165849000292 ], [ -78.697688720808287, 47.903583972422709 ], [ -78.675160312385017, 47.910439864112483 ], [ -78.657752110603198, 47.921385512803376 ], [ -78.668490663681794, 47.924270949455014 ], [ -78.690420438615945, 47.953606423128669 ], [ -78.687415634291796, 47.963406664777089 ], [ -78.694003055923574, 47.996184966302948 ], [ -78.652810667322413, 47.996069425386516 ], [ -78.649567225299137, 48.21282684653994 ], [ -78.635602583406751, 48.214878086232439 ], [ -78.635923913668449, 48.231244387750621 ], [ -78.649520206139059, 48.22955802365626 ], [ -78.64961263382267, 48.287084954833368 ], [ -78.540926992194812, 48.286863480054301 ], [ -78.540939658242877, 48.247943660411302 ], [ -78.429666791422093, 48.247922959651852 ], [ -78.42946464370101, 48.287653958076326 ], [ -78.418932778043015, 48.292487940575221 ], [ -78.392856461039401, 48.296014089595893 ], [ -78.369849437638337, 48.306360551214482 ], [ -78.329847710033036, 48.343006485446104 ], [ -78.314377033448466, 48.349624523497603 ], [ -78.292540993799207, 48.341017037139871 ], [ -78.274237956130037, 48.339016409647442 ], [ -78.283046713675475, 48.317989762414783 ], [ -78.278938289300925, 48.305589489137361 ], [ -78.271809541114266, 48.298392024290791 ], [ -78.223416745831969, 48.298253409965206 ], [ -78.223389493220807, 48.258263020484684 ], [ -78.16866388783221, 48.258299935264596 ], [ -78.156630890051218, 48.261278765042469 ], [ -78.104232570152874, 48.258886829229475 ], [ -78.072322430831449, 48.269661352695252 ], [ -78.064769370569493, 48.277776127925733 ], [ -78.061144885661136, 48.287464708638709 ], [ -77.560570723849935, 48.287411347724706 ], [ -77.560690092502639, 48.503311073360244 ], [ -77.34409514115994, 48.503571408952567 ], [ -77.344048814829691, 48.574846760354689 ], [ -77.135743856760598, 48.575064058631227 ], [ -77.126892514434317, 48.58609140132971 ], [ -77.127251960186101, 48.610749924435424 ], [ -77.100096725671705, 48.641391810571022 ], [ -77.093936404234171, 48.666884397201351 ], [ -77.096756784432912, 48.675764383045049 ], [ -77.097175561856503, 48.706591809466403 ], [ -77.092787472923632, 48.717082816353859 ], [ -77.084100434473925, 48.726273497125341 ], [ -77.093550248363997, 48.749563050524195 ], [ -77.109742816409977, 48.76489313690201 ], [ -77.104676113326647, 48.779120315952646 ], [ -77.105809757874312, 48.786255063251609 ], [ -77.118053440129245, 48.792485377799942 ], [ -77.126326776280806, 48.803223688406973 ], [ -77.127103839254389, 48.817500808405441 ], [ -77.110992008850403, 48.838667513181584 ], [ -77.119467796626523, 48.854270500729513 ], [ -77.141995013800013, 48.86384194836441 ], [ -77.135513317710064, 48.877277720704633 ], [ -77.131064489525556, 48.9008012946124 ], [ -77.117462971623979, 48.912853769728251 ], [ -77.117669825552483, 48.935164577275806 ], [ -77.11205631987319, 48.943827846230818 ], [ -77.093926446434907, 48.954246664012132 ], [ -77.072760736865519, 48.957842998787903 ], [ -77.060650306309569, 48.965402679774094 ], [ -77.062761902107553, 48.9891879139862 ], [ -77.059498651058377, 49.000106349092825 ], [ -75.520552108914629, 49.000069860256538 ] ] ] } },
{ "type": "Feature", "properties": { "riding_code": 591, "riding_name": "Bellefeuille" }, "geometry": { "type": "Polygon", "coordinates": [ [ [ -74.064738495327092, 45.837876512309421 ], [ -74.049218502302992, 45.815881100935108 ], [ -74.03992356206858, 45.809162820819523 ], [ -74.026832734419813, 45.808776842332804 ], [ -74.023403376229737, 45.799798693747029 ], [ -74.018908026459954, 45.804059003794421 ], [ -74.018823932164892, 45.755828557313137 ], [ -73.973064412990269, 45.727719540349973 ], [ -73.970625833060225, 45.720300404020655 ], [ -73.982752743528224, 45.717616372511287 ], [ -74.038273365707028, 45.682386010329495 ], [ -74.093839559214459, 45.685519869060315 ], [ -74.171165423018991, 45.679079845540933 ], [ -74.233977703411512, 45.648506521177573 ], [ -74.264567269041223, 45.64275467791429 ], [ -74.262628595638446, 45.649312351288017 ], [ -74.245447067735014, 45.646825248967843 ], [ -74.249195925725942, 45.664681248231403 ], [ -74.252495106368613, 45.664934408568215 ], [ -74.265566426480603, 45.680701665550984 ], [ -74.261573079427691, 45.682701769533182 ], [ -74.263286355084645, 45.684476278077582 ], [ -74.25502143214031, 45.687481635166208 ], [ -74.248335077913552, 45.68366352756788 ], [ -74.240650878341313, 45.687492882267442 ], [ -74.243297006308993, 45.690116640120209 ], [ -74.239600151729306, 45.692234132533081 ], [ -74.242961955101052, 45.695794316590998 ], [ -74.237243065671706, 45.697951250187174 ], [ -74.226414529872983, 45.68777640298385 ], [ -74.223526509297443, 45.699259634409856 ], [ -74.21190566331282, 45.700430210554806 ], [ -74.215335924100359, 45.686546243695076 ], [ -74.208002558801581, 45.687224182258362 ], [ -74.186702820668927, 45.775865234936013 ], [ -74.192478188285236, 45.777336562455638 ], [ -74.190005910898435, 45.788323728530088 ], [ -74.18406130951719, 45.786651480240735 ], [ -74.182191184727415, 45.795032723178437 ], [ -74.12141502540203, 45.781293399291101 ], [ -74.106098749364776, 45.782991811612732 ], [ -74.109479503825511, 45.794283985652811 ], [ -74.122860092012615, 45.802648787791561 ], [ -74.110823062659065, 45.803792143028446 ], [ -74.114351771197647, 45.809400725371738 ], [ -74.143223219959808, 45.819785533734375 ], [ -74.126088240091704, 45.831474097136002 ], [ -74.108541856442571, 45.832015586678082 ], [ -74.106150833092371, 45.8285622142538 ], [ -74.090759110700972, 45.830616951523837 ], [ -74.096353761198984, 45.837052375867231 ], [ -74.089251841613972, 45.84060530739827 ], [ -74.090722569847301, 45.847406275503573 ], [ -74.067678040996839, 45.850395993419397 ], [ -74.063768895742356, 45.84501070364847 ], [ -74.064738495327092, 45.837876512309421 ] ] ] } },
{ "type": "Feature", "properties": { "riding_code": 287, "riding_name": "Sainte-Marie–Saint-Jacques" }, "geometry": { "type": "Polygon", "coordinates": [ [ [ -73.543047566567196, 45.528936554334059 ], [ -73.530887744141211, 45.534674657755609 ], [ -73.519234951318708, 45.495194006211001 ], [ -73.539936885050764, 45.488058461864433 ], [ -73.550534998273136, 45.490300570991224 ], [ -73.553897910523432, 45.493187144301679 ], [ -73.552881853515885, 45.498736792212732 ], [ -73.561632370384615, 45.501723467229503 ], [ -73.555051708022802, 45.509874453855574 ], [ -73.55908502438875, 45.511743150884904 ], [ -73.561587001673388, 45.508826862520905 ], [ -73.581696284539746, 45.517994322466762 ], [ -73.563012925556748, 45.537393018175464 ], [ -73.543047566567196, 45.528936554334059 ] ] ] } },
{ "type": "Feature", "properties": { "riding_code": 589, "riding_name": "Argenteuil" }, "geometry": { "type": "Polygon", "coordinates": [ [ [ -74.627432904385529, 46.052580247428246 ], [ -74.571070851211701, 46.038940654921525 ], [ -74.430726463920365, 46.026808304271924 ], [ -74.412664740782432, 46.019166457066781 ], [ -74.261934141575878, 45.999757493014897 ], [ -74.271678832853397, 45.965543960872218 ], [ -74.192078253934696, 45.910830401292003 ], [ -74.263311555706139, 45.859644667213757 ], [ -74.22644572077516, 45.847603881268029 ], [ -74.227161756124104, 45.845022173035062 ], [ -74.224418903251504, 45.847107417618432 ], [ -74.115773459361549, 45.810240668578508 ], [ -74.110823062659065, 45.803792143028446 ], [ -74.122860092012615, 45.802648787791561 ], [ -74.109479503825511, 45.794283985652811 ], [ -74.10504859020115, 45.78516996526487 ], [ -74.12141502540203, 45.781293399291101 ], [ -74.182191184727415, 45.795032723178437 ], [ -74.18406130951719, 45.786651480240735 ], [ -74.190005910898435, 45.788323728530088 ], [ -74.192478188285236, 45.777336562455638 ], [ -74.186702820668927, 45.775865234936013 ], [ -74.208002558801581, 45.687224182258362 ], [ -74.215335924100359, 45.686546243695076 ], [ -74.21190566331282, 45.700430210554806 ], [ -74.223526509297443, 45.699259634409856 ], [ -74.226414529872983, 45.68777640298385 ], [ -74.237243065671706, 45.697951250187174 ], [ -74.242961955101052, 45.695794316590998 ], [ -74.239600151729306, 45.692234132533081 ], [ -74.243297006308993, 45.690116640120209 ], [ -74.240650878341313, 45.687492882267442 ], [ -74.248335077913552, 45.68366352756788 ], [ -74.25502143214031, 45.687481635166208 ], [ -74.263286355084645, 45.684476278077582 ], [ -74.261573079427691, 45.682701769533182 ], [ -74.265566426480603, 45.680701665550984 ], [ -74.252495106368613, 45.664934408568215 ], [ -74.249195925725942, 45.664681248231403 ], [ -74.245447067735014, 45.646825248967843 ], [ -74.262628595638446, 45.649312351288017 ], [ -74.267605431369589, 45.632032943227834 ], [ -74.222818701495243, 45.625862210133 ], [ -74.24267541562439, 45.548908599477308 ], [ -74.23767692831052, 45.548490944753972 ], [ -74.190863021677515, 45.579867565467147 ], [ -74.148336176933981, 45.548911992382585 ], [ -74.144888157575267, 45.551258958658295 ], [ -74.123269819435748, 45.535051334958212 ], [ -74.188486686487011, 45.491400814270364 ], [ -74.223776782909539, 45.501828159767143 ], [ -74.315663961685857, 45.504532939033126 ], [ -74.33961190862847, 45.513838197607384 ], [ -74.35781111293457, 45.549782794238723 ], [ -74.376231864920001, 45.563132027182085 ], [ -74.436062909099775, 45.576489393064563 ], [ -74.476480798844946, 45.59565678728864 ], [ -74.516566082397787, 45.59112977047424 ], [ -74.537928042890513, 45.593352462302299 ], [ -74.57570703744932, 45.610297661949623 ], [ -74.612236130279101, 45.621909626647266 ], [ -74.630681102672384, 45.633882311782443 ], [ -74.643903955581109, 45.637521462949486 ], [ -74.70071326695556, 45.630578118538509 ], [ -74.782134674684386, 45.63874544921655 ], [ -74.807765618800289, 45.638311103650075 ], [ -74.771117918001863, 45.760842200903042 ], [ -74.735401590859439, 45.851865513329706 ], [ -74.726670371875926, 45.851736164066629 ], [ -74.714581104763042, 45.887891618409533 ], [ -74.710174479140903, 45.931875869173432 ], [ -74.670617968027159, 45.929207664058836 ], [ -74.673720397312906, 45.936539542947905 ], [ -74.671619710976799, 45.944152457836481 ], [ -74.657545731063834, 45.947153503056889 ], [ -74.652525109200397, 45.959142320777204 ], [ -74.64345300456192, 45.962975916965732 ], [ -74.64090327330895, 45.969485350705945 ], [ -74.63276848032929, 45.970088605328684 ], [ -74.633366679458589, 45.974047527429931 ], [ -74.629782716940966, 45.977419292781015 ], [ -74.62097955357433, 45.975746025722891 ], [ -74.633080277414223, 45.983933390493206 ], [ -74.637068234650712, 45.999196914222793 ], [ -74.626913067769237, 46.015390415029422 ], [ -74.630248657121186, 46.029737368535457 ], [ -74.618957736283804, 46.030395977902707 ], [ -74.613515890080393, 46.037041183049212 ], [ -74.623673665959174, 46.042003199944567 ], [ -74.617610622037844, 46.045861548685416 ], [ -74.617104913736952, 46.049631814429212 ], [ -74.627432904385529, 46.052580247428246 ] ] ] } },
{ "type": "Feature", "properties": { "riding_code": 217, "riding_name": "Pierre-Laporte" }, "geometry": { "type": "Polygon", "coordinates": [ [ [ -73.504821476504134, 45.512051831082665 ], [ -73.504965651488419, 45.514136533527846 ], [ -73.494924583549164, 45.51094864523521 ], [ -73.489595987942394, 45.504368683254356 ], [ -73.461729377980348, 45.505795695667501 ], [ -73.435798155247824, 45.491278267441139 ], [ -73.452807640959719, 45.481114292642964 ], [ -73.459426860126058, 45.485479679601589 ], [ -73.473460370313134, 45.475964802935941 ], [ -73.467738410510847, 45.471850674417482 ], [ -73.466007277171926, 45.464718942213388 ], [ -73.521351474389746, 45.46973636694203 ], [ -73.529732075631742, 45.49169820375257 ], [ -73.519234951318708, 45.495194006211001 ], [ -73.526004502452608, 45.518958372679158 ], [ -73.504821476504134, 45.512051831082665 ] ] ] } },
{ "type": "Feature", "properties": { "riding_code": 259, "riding_name": "Jacques-Cartier" }, "geometry": { "type": "Polygon", "coordinates": [ [ [ -73.79578498810325, 45.482837784271894 ], [ -73.780270009272613, 45.467174881546285 ], [ -73.784596139010915, 45.465066610801962 ], [ -73.780020178370563, 45.454868676344837 ], [ -73.782282936745389, 45.454450327717794 ], [ -73.767954845134128, 45.418680687364748 ], [ -73.796289308141297, 45.40773647076292 ], [ -73.822179339540085, 45.385403032277026 ], [ -73.856208076500366, 45.401264522078286 ], [ -73.886215635128366, 45.409894719194462 ], [ -73.899626354138576, 45.4087926002477 ], [ -73.918877229611013, 45.398348075820408 ], [ -73.959809038903813, 45.404371740126642 ], [ -73.96308355704862, 45.408945751165781 ], [ -73.982072341717014, 45.416793190378201 ], [ -73.996605389336054, 45.457485231659057 ], [ -73.974348352431718, 45.46643028227318 ], [ -73.937024237729503, 45.450964550629344 ], [ -73.92490038744512, 45.440597410455275 ], [ -73.905564475717966, 45.448429978964874 ], [ -73.901323086554584, 45.435303668872436 ], [ -73.883240441131804, 45.436141459828299 ], [ -73.872799485226153, 45.442564264724389 ], [ -73.868514516488773, 45.442866403784684 ], [ -73.864851602748828, 45.439046594083806 ], [ -73.852035411189078, 45.445529936359712 ], [ -73.832132597245348, 45.445377344650723 ], [ -73.846551860301474, 45.462570024010127 ], [ -73.815747209123131, 45.478342765114945 ], [ -73.81261264884543, 45.475219623952725 ], [ -73.79578498810325, 45.482837784271894 ] ] ] } },
{ "type": "Feature", "properties": { "riding_code": 609, "riding_name": "Terrebonne" }, "geometry": { "type": "Polygon", "coordinates": [ [ [ -73.714811038715155, 45.757273755735 ], [ -73.668525158557514, 45.726414206900373 ], [ -73.576579830848431, 45.715102014355963 ], [ -73.578892962892155, 45.694966748927015 ], [ -73.598789190584768, 45.689229248449543 ], [ -73.615247159392482, 45.693236732989419 ], [ -73.650988929334972, 45.68817333350065 ], [ -73.668851356328958, 45.693495269472905 ], [ -73.68604511797129, 45.693676886034318 ], [ -73.706244320304307, 45.680920368425355 ], [ -73.727845147562888, 45.680406247665914 ], [ -73.74539746526149, 45.668696360050873 ], [ -73.757078315703225, 45.681588106489443 ], [ -73.761003379032971, 45.681454210769175 ], [ -73.759206128812323, 45.688311566428276 ], [ -73.749737564619082, 45.69375176776289 ], [ -73.759069983727414, 45.728273120258827 ], [ -73.745792518555746, 45.732436870867261 ], [ -73.751138925536964, 45.750492116664923 ], [ -73.714811038715155, 45.757273755735 ] ] ] } },
{ "type": "Feature", "properties": { "riding_code": 629, "riding_name": "Joliette" }, "geometry": { "type": "Polygon", "coordinates": [ [ [ -73.561046626967581, 46.205834609793705 ], [ -73.548091241101119, 46.194566725294656 ], [ -73.5239182559597, 46.194718753177838 ], [ -73.521281467928929, 46.192869147166888 ], [ -73.526199731923398, 46.191066609951037 ], [ -73.520271379318643, 46.188540658854322 ], [ -73.486549791815165, 46.177009674205159 ], [ -73.481061830745162, 46.179533398833861 ], [ -73.481997760667426, 46.170623060941764 ], [ -73.479505884126084, 46.16778278731794 ], [ -73.490477719357798, 46.167069103892736 ], [ -73.482383621038878, 46.161397657457279 ], [ -73.493644715954559, 46.152630928340827 ], [ -73.486025687264103, 46.140864246485052 ], [ -73.466029962537874, 46.137405857830643 ], [ -73.464914181672142, 46.142205931664421 ], [ -73.474049317303141, 46.146089691042881 ], [ -73.464261125494289, 46.148311823243773 ], [ -73.455774192673616, 46.138647889413903 ], [ -73.449779244783883, 46.137351497682523 ], [ -73.445015822948832, 46.141113745032136 ], [ -73.435247091023996, 46.131898929762187 ], [ -73.43545262404281, 46.125232486511734 ], [ -73.44576670335428, 46.125528099208502 ], [ -73.443152446590815, 46.131431570360078 ], [ -73.445702656093971, 46.13398411626455 ], [ -73.453438742833384, 46.129570075908447 ], [ -73.460095090806462, 46.129669312625325 ], [ -73.466371577280199, 46.124306773362086 ], [ -73.468632596842937, 46.114905639634962 ], [ -73.418068773648059, 46.115116760200934 ], [ -73.418074925840926, 46.120069795523449 ], [ -73.40387444532125, 46.117724893061485 ], [ -73.399898261360519, 46.106499786523081 ], [ -73.402477969335223, 46.104501484411806 ], [ -73.39684106464243, 46.100361437701672 ], [ -73.397186926046587, 46.07905135935578 ], [ -73.402788154110098, 46.083707020097478 ], [ -73.411861868514407, 46.083328034657399 ], [ -73.412121861350968, 46.069307612632208 ], [ -73.394774310000855, 46.068345519475415 ], [ -73.364336798815941, 46.05738427175983 ], [ -73.348120317485979, 46.056248179196196 ], [ -73.341298038037323, 46.060242847654045 ], [ -73.321907238073933, 46.055404621426575 ], [ -73.32179908153249, 46.067471342294866 ], [ -73.315263725147332, 46.06620934222245 ], [ -73.315278336420675, 46.076791356613498 ], [ -73.311872119106681, 46.07677265890144 ], [ -73.311830595051532, 46.060899807002819 ], [ -73.305461990511517, 46.068541096633652 ], [ -73.303584226108384, 46.063059909435033 ], [ -73.298962566489877, 46.064743283072396 ], [ -73.296613961192563, 46.062210851171606 ], [ -73.296707094673252, 46.064607966702589 ], [ -73.292222777404788, 46.065327688328253 ], [ -73.291877845489523, 46.076130468694735 ], [ -73.287350841458192, 46.073210050153428 ], [ -73.282890105460524, 46.075418074944729 ], [ -73.262917452716536, 46.070338812060392 ], [ -73.257625125418372, 46.072038782060879 ], [ -73.233762735802756, 46.055055447327071 ], [ -73.244396870493475, 46.052914148995804 ], [ -73.249189562896248, 46.045484421075763 ], [ -73.259493342828762, 46.044376722194926 ], [ -73.269712467989123, 46.033198402707711 ], [ -73.269870712635083, 46.025727958335217 ], [ -73.274103764614921, 46.026863611091507 ], [ -73.281305097330588, 46.01324053631388 ], [ -73.284352211627606, 46.014037116206374 ], [ -73.295845244930462, 46.00412494985828 ], [ -73.311559829119957, 45.986608181088847 ], [ -73.322165476137414, 45.982476117724623 ], [ -73.312021842973678, 45.975268931567797 ], [ -73.315750157330356, 45.976202765903643 ], [ -73.331973976944013, 45.963785636482768 ], [ -73.333258426734602, 45.960537317900517 ], [ -73.328577878318242, 45.952987055055281 ], [ -73.350481144025864, 45.968284386730204 ], [ -73.360060930676681, 45.961872393966132 ], [ -73.353057329778196, 45.954438640238195 ], [ -73.360975436854972, 45.950864179832145 ], [ -73.361933307221136, 45.946773288046813 ], [ -73.359345757169379, 45.945057671681639 ], [ -73.366224441492605, 45.939583045121225 ], [ -73.360708413016042, 45.935501164909049 ], [ -73.369172378061961, 45.925254459998321 ], [ -73.384795038587654, 45.91459525112672 ], [ -73.382901179747577, 45.913188498752334 ], [ -73.387299729299983, 45.909101194563441 ], [ -73.391581474760656, 45.909426654708795 ], [ -73.389243198857031, 45.9077684819026 ], [ -73.392992655493032, 45.905033252248259 ], [ -73.424898009869494, 45.928526504038231 ], [ -73.428946492352779, 45.923715972095231 ], [ -73.456735284632302, 45.943876766508687 ], [ -73.459287765377098, 45.951253121773405 ], [ -73.470713165714187, 45.959837976407691 ], [ -73.480074801571632, 45.956633743915035 ], [ -73.495518704017343, 45.957443260481732 ], [ -73.516386638699643, 45.964584271903163 ], [ -73.518611191972894, 45.962951856906102 ], [ -73.540331556539286, 45.972414695658095 ], [ -73.510386612242087, 45.992366787198712 ], [ -73.525400116130712, 46.001904801256558 ], [ -73.508018151410482, 46.013434185219559 ], [ -73.521618947534122, 46.023115408189263 ], [ -73.517141038311607, 46.026203105310373 ], [ -73.530411268714204, 46.035671987194554 ], [ -73.534340628250305, 46.032948620866236 ], [ -73.548913034868406, 46.043083625896379 ], [ -73.567836380573425, 46.030271261966341 ], [ -73.637927887252857, 46.078908361877488 ], [ -73.566875121015656, 46.125531874649631 ], [ -73.599902578854156, 46.15015049952158 ], [ -73.564648763913397, 46.173239357064475 ], [ -73.584931910166404, 46.188868769972522 ], [ -73.564317911385075, 46.202158417890175 ], [ -73.567178359433129, 46.204180552292335 ], [ -73.561046626967581, 46.205834609793705 ] ] ] } },
{ "type": "Feature", "properties": { "riding_code": 191, "riding_name": "Châteauguay" }, "geometry": { "type": "Polygon", "coordinates": [ [ [ -73.634575947274215, 45.40969797274272 ], [ -73.597411912580156, 45.415994032157499 ], [ -73.607333190358119, 45.394519475816026 ], [ -73.604077835977776, 45.393687375601935 ], [ -73.605953972283643, 45.388751508941851 ], [ -73.616808061874963, 45.37915863667255 ], [ -73.618734585712659, 45.381259623309468 ], [ -73.62205862544603, 45.377046998218518 ], [ -73.617420523481627, 45.378568302219477 ], [ -73.619666673522858, 45.375564835155906 ], [ -73.64167036576417, 45.35673725246572 ], [ -73.656814204516806, 45.348951941437711 ], [ -73.631174391482446, 45.34225393467694 ], [ -73.641108399656716, 45.334499566815147 ], [ -73.620080346872939, 45.329431121333279 ], [ -73.627911401587141, 45.324939644068451 ], [ -73.64562978931194, 45.297591207758572 ], [ -73.650843530721417, 45.301324820785126 ], [ -73.677491292254118, 45.268268699338641 ], [ -73.688312044598248, 45.246016711180161 ], [ -73.68089032433538, 45.244457209274522 ], [ -73.698232219476736, 45.229033236924629 ], [ -73.83291184228068, 45.329785868193895 ], [ -73.837905157851807, 45.339200351382502 ], [ -73.846510313407663, 45.340815421808337 ], [ -73.846460612147197, 45.357972292811645 ], [ -73.816262330428501, 45.392014202510794 ], [ -73.800539443881036, 45.405014184714545 ], [ -73.778483011756791, 45.416319668516195 ], [ -73.75062090393925, 45.420208396761687 ], [ -73.676923552973122, 45.422847380106894 ], [ -73.665308087990667, 45.421627813969309 ], [ -73.643594453756663, 45.410926842536604 ], [ -73.634575947274215, 45.40969797274272 ] ] ] } },
{ "type": "Feature", "properties": { "riding_code": 751, "riding_name": "Taschereau" }, "geometry": { "type": "Polygon", "coordinates": [ [ [ -71.187646805511648, 46.825105178082701 ], [ -71.197755524334042, 46.803200605173267 ], [ -71.214145267948012, 46.785256252737334 ], [ -71.228983042548464, 46.793529387986062 ], [ -71.2370161554134, 46.791829339259934 ], [ -71.239369382491503, 46.796988282406431 ], [ -71.257902638073645, 46.786299401832061 ], [ -71.268264941650287, 46.794646487349198 ], [ -71.257929247222563, 46.798848319700767 ], [ -71.269331831332934, 46.807775481263327 ], [ -71.258611712912753, 46.808089149770602 ], [ -71.249106748465437, 46.81444577762128 ], [ -71.241905833250712, 46.815400188993678 ], [ -71.237958508628694, 46.823489354795512 ], [ -71.224332433873442, 46.819136637076809 ], [ -71.194567500384608, 46.830181731947036 ], [ -71.187646805511648, 46.825105178082701 ] ] ] } },
{ "type": "Feature", "properties": { "riding_code": 791, "riding_name": "Lévis" }, "geometry": { "type": "Polygon", "coordinates": [ [ [ -71.172551434291051, 46.842564447956477 ], [ -71.156086677225716, 46.842422696742034 ], [ -71.136169416287032, 46.837617003055271 ], [ -71.078856159362985, 46.839139025421254 ], [ -71.046209644036637, 46.816079115739669 ], [ -71.06377419857516, 46.812792849887217 ], [ -71.092135404142454, 46.814516550833801 ], [ -71.128529588754873, 46.801832094978735 ], [ -71.166709992365753, 46.778210641528858 ], [ -71.190058100333218, 46.749180572248711 ], [ -71.28624628916576, 46.721400734700872 ], [ -71.284734205420492, 46.734077535101001 ], [ -71.273268444736189, 46.739519677905157 ], [ -71.283703920498724, 46.746729034182685 ], [ -71.264730981362263, 46.753478821716584 ], [ -71.214145267948012, 46.785256252737334 ], [ -71.197422259361502, 46.803700675243704 ], [ -71.187646805511648, 46.825105178082701 ], [ -71.194567500384608, 46.830181731947036 ], [ -71.172551434291051, 46.842564447956477 ] ] ] } },
{ "type": "Feature", "properties": { "riding_code": 181, "riding_name": "Soulanges" }, "geometry": { "type": "Polygon", "coordinates": [ [ [ -74.308758432021236, 45.504057394943679 ], [ -74.286667387386814, 45.505599986601126 ], [ -74.213641485546077, 45.500470717963374 ], [ -74.161554096433193, 45.483897579176741 ], [ -74.143530480851297, 45.472268116199061 ], [ -74.098610168696794, 45.454179639906904 ], [ -74.070021796171403, 45.452653043525522 ], [ -74.03975047854415, 45.446380978481798 ], [ -74.044301558933526, 45.424809205221734 ], [ -74.073337065510017, 45.411074099439382 ], [ -74.059010831213911, 45.391021861543038 ], [ -74.048162535400948, 45.361390671279302 ], [ -74.047459176923368, 45.352625396155887 ], [ -74.049433523311862, 45.353338138233127 ], [ -74.00068221266055, 45.334663918406406 ], [ -73.976778857080063, 45.333447619235287 ], [ -73.963166222623713, 45.342867508011821 ], [ -73.936886046995255, 45.343746205145621 ], [ -73.924249179869747, 45.339590118171081 ], [ -73.916744050860743, 45.332375698340449 ], [ -73.954019881965792, 45.319847467216327 ], [ -73.965545233413891, 45.32314837345168 ], [ -73.991606778579154, 45.310554835301325 ], [ -74.029125667431686, 45.304133069603921 ], [ -74.042382930360688, 45.295357622785545 ], [ -74.059320383755235, 45.293881865997157 ], [ -74.063055554360247, 45.297093182960303 ], [ -74.081674931965267, 45.295416223027821 ], [ -74.099494512345487, 45.304295579806784 ], [ -74.126697220871179, 45.300847198574729 ], [ -74.168731377364054, 45.352200553803506 ], [ -74.196362971598944, 45.341143694453407 ], [ -74.193609402062989, 45.337736829809721 ], [ -74.207065752066754, 45.330257094201485 ], [ -74.220334962354073, 45.339490678937786 ], [ -74.230480935427281, 45.332017868538408 ], [ -74.219070324716085, 45.323857817008452 ], [ -74.244694190229822, 45.30701212733652 ], [ -74.252661668442244, 45.297253193199296 ], [ -74.242015345185152, 45.289689051693301 ], [ -74.235410059796322, 45.293367218547537 ], [ -74.21656160948632, 45.271309419288805 ], [ -74.197832585622692, 45.262674919489491 ], [ -74.199362449464573, 45.255059213917782 ], [ -74.188288074226008, 45.240741718707 ], [ -74.207568348017958, 45.224165285770979 ], [ -74.238465072334876, 45.207693476470617 ], [ -74.319518763242272, 45.188509166906044 ], [ -74.472032410585186, 45.302858425353108 ], [ -74.414625711756429, 45.459571940880686 ], [ -74.381036027590596, 45.565581949146186 ], [ -74.35781111293457, 45.549782794238723 ], [ -74.338153469605359, 45.512427750131899 ], [ -74.325114448816919, 45.506412256659424 ], [ -74.308758432021236, 45.504057394943679 ] ] ] } },
{ "type": "Feature", "properties": { "riding_code": 661, "riding_name": "Gatineau" }, "geometry": { "type": "Polygon", "coordinates": [ [ [ -75.725317552438852, 47.847537564393186 ], [ -75.520642705648612, 47.847737860399683 ], [ -75.521074369209259, 47.763317405851993 ], [ -75.538610951916965, 47.763261467276614 ], [ -75.542526625243326, 47.756565540352099 ], [ -75.53094506703998, 47.746075008145958 ], [ -75.529477658448229, 47.740597394513564 ], [ -75.533600672784829, 47.734731578148214 ], [ -75.524885145424506, 47.730497864374414 ], [ -75.529195607135463, 47.723883093133736 ], [ -75.524269820993553, 47.710516291829208 ], [ -75.513699666262127, 47.710170834973034 ], [ -75.508115305500127, 47.705532221525409 ], [ -75.505576599315162, 47.698229771265261 ], [ -75.493222372237796, 47.690976564570505 ], [ -75.486477240536402, 47.690371296481651 ], [ -75.473932565085505, 47.678984941692256 ], [ -75.473378676257298, 47.672578028332779 ], [ -75.456053018045907, 47.672570212760377 ], [ -75.454181411515592, 47.667463663083218 ], [ -75.446512177623305, 47.663617214503198 ], [ -75.445672058081527, 47.655339109549338 ], [ -75.419352076992084, 47.630088284411954 ], [ -75.428935211014291, 47.616152929023897 ], [ -75.414196315408759, 47.588626240240394 ], [ -75.402692930983832, 47.586620302891056 ], [ -75.390527288668082, 47.589416297949931 ], [ -75.395660985650693, 47.601252973599358 ], [ -75.381391695962321, 47.61623707905855 ], [ -75.379947551177651, 47.622025247556344 ], [ -75.369600712902979, 47.627141437926895 ], [ -75.354094609966182, 47.610027325332446 ], [ -75.365600381565415, 47.594176346836569 ], [ -75.364855772719153, 47.577630846565519 ], [ -75.36029273451426, 47.570213489447099 ], [ -75.355500490602907, 47.566912492995463 ], [ -75.344755003723577, 47.571955378091786 ], [ -75.339136146251505, 47.56395661302637 ], [ -75.329319180016341, 47.562837417267183 ], [ -75.318972151932343, 47.553399061817473 ], [ -75.310228774668616, 47.555332745624831 ], [ -75.308032264534333, 47.547911642370423 ], [ -75.349073699767999, 47.504842192487452 ], [ -75.355427041485655, 47.493726070077955 ], [ -75.367985484859204, 47.485249224024194 ], [ -75.367348307502894, 47.480488445202134 ], [ -75.377611740983085, 47.471215580355029 ], [ -75.38224523902457, 47.460287456144883 ], [ -75.383246641698207, 47.440456461340688 ], [ -75.389041760582586, 47.428200060797195 ], [ -75.422252635824975, 47.402475512360681 ], [ -75.430829281358584, 47.389109118851252 ], [ -75.454783319244768, 47.3751109327183 ], [ -75.460443776954776, 47.36789136492856 ], [ -75.473849790979898, 47.338913970762199 ], [ -75.467603940808758, 47.329436594161336 ], [ -75.461768476630809, 47.327047214944287 ], [ -75.457363823519856, 47.317516019385906 ], [ -75.466117291282927, 47.306573261727259 ], [ -75.46697936165971, 47.293494884473489 ], [ -75.473456820145273, 47.282382023297458 ], [ -75.479018251219557, 47.276492166787008 ], [ -75.492522194410071, 47.272904809022371 ], [ -75.503913156187963, 47.259691769737302 ], [ -75.512577250778889, 47.258395252442163 ], [ -75.520809847294458, 47.252633670721139 ], [ -75.54266521697329, 47.222735737035237 ], [ -75.559346952672712, 47.207308766897661 ], [ -75.572591774914741, 47.206727855825285 ], [ -75.594827192435901, 47.185433987057998 ], [ -75.625832083521345, 47.180933382712432 ], [ -75.628802798627774, 47.199237875369541 ], [ -75.620450611215475, 47.200114804149479 ], [ -75.62228609018166, 47.205636109834465 ], [ -75.62658128429301, 47.207280503944332 ], [ -75.625370947065903, 47.213277918052803 ], [ -75.629015455394722, 47.218854036264396 ], [ -75.622163029856296, 47.228569875865702 ], [ -75.634092271639361, 47.239363180651452 ], [ -75.639092971488964, 47.250113683126898 ], [ -75.646693576199752, 47.253505739680911 ], [ -75.648145669588217, 47.266608508578564 ], [ -75.652197738380153, 47.270493435153085 ], [ -75.649067093349572, 47.272327880434204 ], [ -75.647843206431901, 47.281746573852224 ], [ -75.678596892387262, 47.285566804506644 ], [ -75.683817940593016, 47.278311013744023 ], [ -75.69148162410103, 47.277699902191102 ], [ -75.714390291256308, 47.285676893580565 ], [ -75.711936457379892, 47.269755292166565 ], [ -75.724601801040677, 47.270874283299833 ], [ -75.726028418074279, 47.26815816775855 ], [ -75.739001337860742, 47.274142798204167 ], [ -75.747829587463769, 47.272917519261163 ], [ -75.746884087339538, 47.293054479824612 ], [ -75.768336168774823, 47.305120921923923 ], [ -75.781327678168665, 47.308626200410558 ], [ -75.795737006810143, 47.318439240356184 ], [ -75.826987382185379, 47.312799635511844 ], [ -75.850929882130231, 47.296202563097452 ], [ -75.859228572106574, 47.291766279836217 ], [ -75.862194385648323, 47.292189577095733 ], [ -75.859975143899831, 47.293920580727814 ], [ -75.866201366573335, 47.292658677670254 ], [ -75.881742986386385, 47.282456175614001 ], [ -75.883099380956054, 47.277890009719428 ], [ -75.894145176079107, 47.271384556131785 ], [ -75.893501750491424, 47.268963985259539 ], [ -75.901826549768771, 47.267067204674731 ], [ -75.924384282626917, 47.247743829667591 ], [ -75.919976325674313, 47.246620989419313 ], [ -75.929738994651473, 47.244584285837469 ], [ -75.934286655378898, 47.240852190164254 ], [ -75.932698986522865, 47.239120738915211 ], [ -75.941902768644695, 47.23683175956171 ], [ -75.942046904199586, 47.232844091801624 ], [ -75.95148668555079, 47.228673207949761 ], [ -75.952899225384641, 47.222569502773617 ], [ -75.966967575968425, 47.213693635708765 ], [ -75.967225537458589, 47.20897775932518 ], [ -75.971167270801359, 47.208931571914356 ], [ -75.97619086037858, 47.20315966886939 ], [ -75.98049290659165, 47.20475538795629 ], [ -75.980957278343922, 47.202094843489412 ], [ -75.98689627480897, 47.202366728467105 ], [ -75.985399180347571, 47.199818782193859 ], [ -75.991321265761329, 47.198675025682036 ], [ -75.990324850407205, 47.201200487171491 ], [ -75.994087829002169, 47.201443478243426 ], [ -75.997023009166597, 47.197812326664049 ], [ -76.002936676207199, 47.199366667350596 ], [ -76.008548224068107, 47.194374244545308 ], [ -76.027796741570384, 47.188427080034295 ], [ -76.032256818638487, 47.190130615087021 ], [ -76.029663421336792, 47.195215722367521 ], [ -76.039994362454522, 47.193733690670122 ], [ -76.041462167542505, 47.19785270105131 ], [ -76.055043585174673, 47.1984789146304 ], [ -76.077474171981962, 47.188371749853722 ], [ -76.094232546035173, 47.187630150247465 ], [ -76.090565916762131, 47.182745896429992 ], [ -76.098584531585757, 47.184290220339356 ], [ -76.100592283169789, 47.183106973099711 ], [ -76.095701366134051, 47.182486866424938 ], [ -76.097740855241867, 47.179081616990153 ], [ -76.100947101727982, 47.17977447120429 ], [ -76.103179274682162, 47.173478514821063 ], [ -76.097972564076628, 47.167856763347039 ], [ -76.101276703191431, 47.16292039917959 ], [ -76.098144235622627, 47.155560485185326 ], [ -76.099522987205305, 47.150574542656926 ], [ -76.093212662817734, 47.142954402427634 ], [ -76.09103392132117, 47.130559545353215 ], [ -76.094978861254333, 47.126750395942231 ], [ -76.099465470754069, 47.100555971808468 ], [ -76.097312918298044, 47.078934743169327 ], [ -76.100638289056434, 47.063632653341337 ], [ -76.097908118520138, 47.05034809494682 ], [ -76.102919737931302, 47.047440218044549 ], [ -76.102186993286608, 47.036466531300775 ], [ -76.106132846604794, 47.033950496320323 ], [ -76.102350782039963, 47.030481347044478 ], [ -76.118981057162756, 47.020099121412997 ], [ -76.130442583077667, 47.019565275932003 ], [ -76.14006160437043, 47.011728142066708 ], [ -76.145597729332749, 47.011100103784244 ], [ -76.148467136135537, 47.006168193816301 ], [ -76.139076168512176, 47.001128170125199 ], [ -76.1398008428379, 46.994561810545221 ], [ -76.128443780489917, 46.984844914153058 ], [ -76.138688560417989, 46.979248652913711 ], [ -76.139122642091735, 46.975739614394087 ], [ -76.132913714198381, 46.97010217264031 ], [ -76.136449765464604, 46.961739097300764 ], [ -76.133631646706178, 46.953407092085534 ], [ -76.137267860644087, 46.937428465616989 ], [ -76.133630799468094, 46.935622835220371 ], [ -76.128032197267942, 46.920914879823819 ], [ -76.114839637191622, 46.919512776605231 ], [ -76.105601956951134, 46.911882405041489 ], [ -76.095292171048015, 46.916369513787203 ], [ -76.092658548539049, 46.921631093618778 ], [ -76.094114181319597, 46.917236258890071 ], [ -76.091879781490249, 46.917051260069037 ], [ -76.097067185722167, 46.913600458105329 ], [ -76.092119758515523, 46.910809504189814 ], [ -76.08442456086668, 46.911705116030632 ], [ -76.083321557340426, 46.905571693049893 ], [ -76.080379273468026, 46.908611168468035 ], [ -76.06525086859584, 46.900998109001321 ], [ -76.052065122749553, 46.903045651854619 ], [ -76.049088506827914, 46.901084871648905 ], [ -76.050486870028621, 46.896397271250599 ], [ -76.036651505221087, 46.890011320141681 ], [ -76.028049768921136, 46.895158953892398 ], [ -76.015724774921154, 46.897010913783667 ], [ -76.014565846373642, 46.893886941659233 ], [ -76.019944932442399, 46.894058417488267 ], [ -76.017280799523263, 46.889751501530533 ], [ -76.019724122255667, 46.886136670791785 ], [ -75.995248165707068, 46.887979043414589 ], [ -75.987805985605632, 46.882039868912912 ], [ -75.971083525404296, 46.878391196783923 ], [ -75.951023827751456, 46.869068776958919 ], [ -75.912007793942792, 46.842331131364979 ], [ -75.901836866274891, 46.824076128389883 ], [ -75.894264450229954, 46.816775273272668 ], [ -75.856599129094874, 46.814526514024799 ], [ -75.846282791519343, 46.820732477994802 ], [ -75.820653389640171, 46.827968916285911 ], [ -75.813462259090883, 46.835020182709926 ], [ -75.81095858728429, 46.844887848714251 ], [ -75.747543745713614, 46.844825792739918 ], [ -75.74862528007786, 46.664896346404767 ], [ -75.751212209918322, 46.6669922848913 ], [ -75.745210657235475, 46.438256738680799 ], [ -75.705593228518893, 46.438815713371191 ], [ -75.707042199238799, 46.30916581990126 ], [ -75.814570299708208, 46.306351083873352 ], [ -75.807616513499539, 46.300224088203322 ], [ -75.788354737659958, 46.293465455641282 ], [ -75.78303323055961, 46.282010327359068 ], [ -75.795816558566884, 46.258636029934998 ], [ -75.798168175333473, 46.246186835746784 ], [ -75.81194327447713, 46.233393826023665 ], [ -75.813144848914561, 46.224916672711622 ], [ -75.802477527630217, 46.216827647903003 ], [ -75.810104756763351, 46.208652345979552 ], [ -75.810299613713966, 46.195382610322092 ], [ -75.805390238046542, 46.183016487248153 ], [ -75.797181484894864, 46.181003875990065 ], [ -75.800076042000171, 46.178652056363596 ], [ -75.799013490355676, 46.174121625887935 ], [ -75.794413548524233, 46.170174177273637 ], [ -75.790095334114, 46.174170055759653 ], [ -75.768311301034899, 46.174176288927733 ], [ -75.763486586619138, 46.022735310878033 ], [ -75.699217803911779, 46.022912806327618 ], [ -75.716818429950337, 46.015389618968079 ], [ -75.727202640183904, 46.01526722504488 ], [ -75.739981789143812, 46.007034149411936 ], [ -75.745519530882888, 46.007594585519421 ], [ -75.740246261873438, 46.005631715121375 ], [ -75.750000935130075, 46.003391796201065 ], [ -75.746676596453113, 46.001119333687612 ], [ -75.748227004308703, 45.999035606344975 ], [ -75.768275529748166, 45.985648294130272 ], [ -75.776331778736633, 45.985704887205848 ], [ -75.776790423704739, 45.981079768796263 ], [ -75.778290457637084, 45.982390999423245 ], [ -75.781198352371533, 45.98018195 ], [ -75.775350124105501, 45.977790224696712 ], [ -75.782453988705711, 45.97370960496454 ], [ -75.782771983358131, 45.970057349467737 ], [ -75.775865844540476, 45.972250290531946 ], [ -75.77483872273136, 45.967630985477101 ], [ -75.776663697756732, 45.964639888589012 ], [ -75.78485848941186, 45.963966735385803 ], [ -75.784676088783357, 45.959275247785143 ], [ -75.77463722500957, 45.949173863007537 ], [ -75.766281207714144, 45.949529396556557 ], [ -75.763440790352675, 45.945718037485733 ], [ -75.768761200907974, 45.944798666537181 ], [ -75.765764798291229, 45.942673131741181 ], [ -75.768422207194959, 45.940684742015463 ], [ -75.756804850709159, 45.937502768295772 ], [ -75.743275260809824, 45.916547400302299 ], [ -75.736868898802726, 45.913327276248417 ], [ -75.736346933846548, 45.825007015530971 ], [ -75.64086753153785, 45.833922055267244 ], [ -75.630616247532558, 45.815134638392081 ], [ -75.617181843234178, 45.805565549145825 ], [ -75.606436896319124, 45.79192599346424 ], [ -75.604519476700403, 45.783166330111406 ], [ -75.588966945948712, 45.767479192991864 ], [ -75.589713186879806, 45.762489229340453 ], [ -75.578637747205192, 45.756332500298271 ], [ -75.580886882061264, 45.750563103220088 ], [ -75.577982688015013, 45.74391931545069 ], [ -75.587334265309877, 45.735831693792051 ], [ -75.591667237888714, 45.725960755651776 ], [ -75.588071640484486, 45.720217932365479 ], [ -75.528266146311339, 45.703855863459644 ], [ -75.556824557278375, 45.701447578658708 ], [ -75.529223911185824, 45.521802628432901 ], [ -75.552512715978878, 45.514175817753362 ], [ -75.649624056768587, 45.511076144039322 ], [ -75.706803491345227, 45.503703869059329 ], [ -75.715268116717652, 45.498293374110261 ], [ -75.715456054560448, 45.488392337648669 ], [ -75.73578312494439, 45.492800340274286 ], [ -75.750170739371498, 45.48643970113713 ], [ -75.750716192911383, 45.482163365938376 ], [ -75.743500148499081, 45.477221175952778 ], [ -75.748080307799867, 45.476890323688004 ], [ -75.752445159037336, 45.480809732201052 ], [ -75.759505827484674, 45.476433107361999 ], [ -75.769017199472643, 45.480757201983494 ], [ -75.778600628465014, 45.49017281205716 ], [ -75.777378374848411, 45.482570747288932 ], [ -75.791574557785552, 45.484842589973937 ], [ -75.790843633312775, 45.480836405953845 ], [ -75.796878349998366, 45.482440903884417 ], [ -75.782847410522663, 45.473312594786584 ], [ -75.780630731068669, 45.459714756100517 ], [ -75.793859076499558, 45.458704542440742 ], [ -75.796291477529351, 45.473509724935717 ], [ -75.837062189805337, 45.470272244369006 ], [ -75.839430357236381, 45.485675016866018 ], [ -75.908351440703797, 45.480432939026947 ], [ -75.928224148060877, 45.613841870462188 ], [ -76.119459271304621, 45.598667791363305 ], [ -76.137622584661386, 45.682655651431361 ], [ -76.323374969440749, 45.668077006121273 ], [ -76.325317646458856, 45.800495146310347 ], [ -76.151244230894477, 45.80422114501642 ], [ -76.152536352582288, 46.022133646329912 ], [ -76.319058595162204, 46.02367115367317 ], [ -76.320890388093559, 46.095940475540864 ], [ -76.315401074490211, 46.275147288139991 ], [ -76.329585645895662, 46.27607229098745 ], [ -76.343680510428385, 46.283572886722752 ], [ -76.354171131821232, 46.279595500375009 ], [ -76.362482758915874, 46.283895424364253 ], [ -76.397947403547988, 46.254624731026425 ], [ -76.43729294459088, 46.255904908696778 ], [ -76.461794117727422, 46.244872105315828 ], [ -76.491686138386129, 46.242285867208736 ], [ -76.520206539046754, 46.250968983918121 ], [ -76.529082346447609, 46.262971123752273 ], [ -76.541980783949015, 46.267393383839163 ], [ -76.545060772749167, 46.274137875640974 ], [ -76.55094870374559, 46.277646293803407 ], [ -76.556486801124322, 46.284670009306659 ], [ -76.549374635191953, 46.287311184107381 ], [ -76.561172529347687, 46.296700945457864 ], [ -76.56195035952706, 46.300701384474934 ], [ -76.567848457372904, 46.302672309945002 ], [ -76.574289304001908, 46.30006120135954 ], [ -76.577117002550793, 46.305554843021653 ], [ -76.58642420074591, 46.3075861229281 ], [ -76.597259399896828, 46.317003026556414 ], [ -76.590456677608003, 46.323646997691235 ], [ -76.594324370864143, 46.335310939371794 ], [ -76.579512223797352, 46.334139614697975 ], [ -76.55554533373649, 46.324251280183432 ], [ -76.543294638992123, 46.33308409023752 ], [ -76.500489838815923, 46.343174074628145 ], [ -76.50729253543723, 46.352112951857507 ], [ -76.514729141518458, 46.351506033334822 ], [ -76.513846164057767, 46.354618362044242 ], [ -76.518420191756476, 46.357257856314874 ], [ -76.508197532637752, 46.361867066471596 ], [ -76.514338632100689, 46.366537024233551 ], [ -76.509838701368651, 46.371974783907589 ], [ -76.517033169440808, 46.372564556975348 ], [ -76.526506368519065, 46.383756268364678 ], [ -76.521895043772176, 46.388921594164557 ], [ -76.531979613315556, 46.390063324417518 ], [ -76.53866518077848, 46.395730179289309 ], [ -76.536923623511854, 46.399399573601663 ], [ -76.540525758957386, 46.402257992390396 ], [ -76.533617368165892, 46.402338549263519 ], [ -76.529978249030279, 46.39917572545707 ], [ -76.523746055085709, 46.401789552239308 ], [ -76.526143788498047, 46.406869143888116 ], [ -76.522190671253654, 46.408482557913388 ], [ -76.525559979430454, 46.425090800947935 ], [ -76.533361427628961, 46.429066251278407 ], [ -76.552089040179951, 46.429372765721759 ], [ -76.555330462495391, 46.43214465565292 ], [ -76.551559128001003, 46.437261693975294 ], [ -76.559669526122818, 46.441705384766429 ], [ -76.554137275741482, 46.444929886822486 ], [ -76.583973320645939, 46.455035062011156 ], [ -76.588445113322095, 46.461480166951795 ], [ -76.604777268508684, 46.470700001541779 ], [ -76.604838603647437, 46.477289141016676 ], [ -76.61088566458001, 46.475782958375959 ], [ -76.606361758062292, 46.482816417132113 ], [ -76.615703521796348, 46.501760771272608 ], [ -76.63269250297202, 46.504479938785792 ], [ -76.641731735373284, 46.496426624332116 ], [ -76.647948979967495, 46.495423383127388 ], [ -76.648087295696413, 46.506452100600463 ], [ -76.645066457803068, 46.510534288697471 ], [ -76.662455740893819, 46.517868154399608 ], [ -76.660917942447227, 46.52531145200507 ], [ -76.655755048802206, 46.525258772539935 ], [ -76.658423330127135, 46.529317411571029 ], [ -76.644899927946497, 46.529483996446615 ], [ -76.643899682568815, 46.532370390687582 ], [ -76.671647260620233, 46.53831744810438 ], [ -76.667210936109385, 46.541031330569005 ], [ -76.650753361600238, 46.539954645845626 ], [ -76.654600429612898, 46.550066486153767 ], [ -76.648532871837915, 46.554204785715015 ], [ -76.648450618945532, 46.557614912863336 ], [ -76.659125425595818, 46.576839496312409 ], [ -76.68634780254628, 46.585172831080918 ], [ -76.683767766710815, 46.588199568402061 ], [ -76.686987440436866, 46.591393648827072 ], [ -76.665379153663849, 46.588035511500316 ], [ -76.66648848582723, 46.593731488075278 ], [ -76.674345381795376, 46.598898175309834 ], [ -76.677872390630668, 46.608170980197904 ], [ -76.68520700200132, 46.615924302426613 ], [ -76.678597693745829, 46.623284618578488 ], [ -76.67173561111268, 46.622927337061924 ], [ -76.669906648465513, 46.639005428684065 ], [ -76.664714493485377, 46.635061808420453 ], [ -76.644397702035604, 46.634809559748881 ], [ -76.633065616554589, 46.630064355987436 ], [ -76.630784041745372, 46.635727617721493 ], [ -76.639787619669363, 46.646671674166633 ], [ -76.620823546051795, 46.641421770015782 ], [ -76.615346473318041, 46.636842445179084 ], [ -76.60964375571551, 46.642842226308929 ], [ -76.61587814722732, 46.641723563348137 ], [ -76.630039966789894, 46.652616267784119 ], [ -76.644824614214642, 46.656813676250373 ], [ -76.644984031788169, 46.662476122284623 ], [ -76.648120906129108, 46.664782943395807 ], [ -76.670462522431791, 46.669447631163912 ], [ -76.678376959729377, 46.675089905095561 ], [ -76.692706883944268, 46.666365331878545 ], [ -76.691129011693533, 46.662087679751586 ], [ -76.696956081167329, 46.659814682816538 ], [ -76.696574474033156, 46.655032027328922 ], [ -76.706455821518432, 46.651647463665824 ], [ -76.722828262316654, 46.657753659299914 ], [ -76.724990085113433, 46.651842456746088 ], [ -76.752072805509812, 46.638121865779901 ], [ -76.753407527902937, 46.645086957994387 ], [ -76.749262631489998, 46.655481575329844 ], [ -76.757968724700149, 46.663256931612857 ], [ -76.771324350261708, 46.65031639038834 ], [ -76.771737613453013, 46.646062871243259 ], [ -76.793478822356519, 46.646621793081017 ], [ -76.794241073699197, 47.000438798482904 ], [ -77.00209834822256, 47.00047366142379 ], [ -77.002048468104022, 47.290181186850944 ], [ -76.575721807307531, 47.289784206762107 ], [ -76.575399814957407, 47.604001302003326 ], [ -76.519698050676382, 47.567686047108872 ], [ -76.424818969081912, 47.512971757765143 ], [ -76.417791567638687, 47.517821157843699 ], [ -76.407639803868236, 47.562310727488367 ], [ -76.416916482118665, 47.599463979974566 ], [ -76.421331699965947, 47.599873725581944 ], [ -76.416202844792721, 47.603098189721365 ], [ -76.422305234917687, 47.607539901681882 ], [ -76.444081677220808, 47.599318779381555 ], [ -76.45145131487584, 47.604155937404471 ], [ -76.461534865160033, 47.599872087232079 ], [ -76.465131824099288, 47.602159745863041 ], [ -76.480056298817573, 47.599450178101414 ], [ -76.482817909825584, 47.602860049941114 ], [ -76.484231937640644, 47.600494750363623 ], [ -76.492444033033564, 47.597822046875756 ], [ -76.49352831715639, 47.599873868541685 ], [ -76.485398781937064, 47.600635695444346 ], [ -76.484527935608213, 47.605227864994184 ], [ -76.478095235050176, 47.606435283937557 ], [ -76.481587985848861, 47.610887317590709 ], [ -76.476286515425301, 47.615604927099284 ], [ -76.472469899353882, 47.613059104883867 ], [ -76.468068702617202, 47.617301454451365 ], [ -76.463729868304938, 47.614196952418823 ], [ -76.457315796061181, 47.614823651329928 ], [ -76.462823127955119, 47.622918213356421 ], [ -76.455040931627281, 47.622204382967155 ], [ -76.449911974808131, 47.626622654822079 ], [ -76.460806769845462, 47.624748656927146 ], [ -76.458754786936382, 47.627484146393641 ], [ -76.447898788857813, 47.631188764482999 ], [ -76.429197702838323, 47.631750390297441 ], [ -76.426219596969602, 47.640299946690831 ], [ -76.420670340480996, 47.639185493505181 ], [ -76.420634473057532, 47.637697499001099 ], [ -76.419539376519126, 47.635862851620978 ], [ -76.4185583337335, 47.635286038113811 ], [ -76.419471843361279, 47.638458653518065 ], [ -76.417588692142644, 47.63651471720565 ], [ -76.415224056668976, 47.640965500059146 ], [ -76.407243315696505, 47.638976949764441 ], [ -76.401980833789679, 47.643336817312864 ], [ -76.411943284552464, 47.643615544540424 ], [ -76.401974761622, 47.647626610040717 ], [ -76.404250152983906, 47.653503788643775 ], [ -76.3991721186256, 47.656118998578229 ], [ -76.390121374321524, 47.654369888274715 ], [ -76.385001653176985, 47.661429855839785 ], [ -76.382600807250938, 47.662015996500408 ], [ -76.38249585168991, 47.657353068186964 ], [ -76.37780998321314, 47.652829729270216 ], [ -76.372623093228128, 47.651504507788495 ], [ -76.334898884817903, 47.657664044569479 ], [ -76.324461423406987, 47.669089597446586 ], [ -76.307170589781464, 47.666400378748186 ], [ -76.288093030133453, 47.680629702742934 ], [ -76.290828500028013, 47.686537901951425 ], [ -76.271519758903565, 47.691421774773708 ], [ -76.275109347377239, 47.68836162544666 ], [ -76.270562350942072, 47.688476603352825 ], [ -76.266621786380398, 47.694381768620175 ], [ -76.256313939462075, 47.696411227207477 ], [ -76.248103747191095, 47.702748913434583 ], [ -76.249711514079451, 47.700034069774851 ], [ -76.247150215562996, 47.700649101157666 ], [ -76.243069031843433, 47.704139079202619 ], [ -76.248099415067927, 47.702762486877312 ], [ -76.244933377718468, 47.70675021334668 ], [ -76.248759880634694, 47.709646792436025 ], [ -76.242788828609747, 47.712276415870122 ], [ -76.238733794783812, 47.721735743851369 ], [ -76.227775484822985, 47.723400152813241 ], [ -76.226433064480929, 47.727825493210162 ], [ -76.224598570465716, 47.726038305175855 ], [ -76.223804132104419, 47.726334226217205 ], [ -76.227951093074395, 47.730332940583914 ], [ -76.218971654310025, 47.731337985833598 ], [ -76.216804472216438, 47.727889901804637 ], [ -76.221432693339167, 47.726644258616517 ], [ -76.213744689188985, 47.727361313115203 ], [ -76.21484083161819, 47.725460400053741 ], [ -76.204624640736554, 47.723723229769334 ], [ -76.187440548904704, 47.728972585918136 ], [ -76.18246765809505, 47.735742653392691 ], [ -76.180399835567968, 47.733670821641546 ], [ -76.175911663939956, 47.737001854216189 ], [ -76.175524453239504, 47.733293351700517 ], [ -76.168544820463154, 47.734592235969856 ], [ -76.178140248805704, 47.725477673244512 ], [ -76.164438517167511, 47.725144637441886 ], [ -76.160967433940272, 47.721143948600741 ], [ -76.162708426650084, 47.718341407912611 ], [ -76.154220495613075, 47.715595096535779 ], [ -76.135455781945268, 47.720380126410689 ], [ -76.136376417659037, 47.723869686832309 ], [ -76.13181954377751, 47.723681754774539 ], [ -76.131009342977947, 47.717847614765262 ], [ -76.126093708592521, 47.72267091451819 ], [ -76.116937587722347, 47.717863153124085 ], [ -76.109933738667664, 47.718825593396431 ], [ -76.104537102960762, 47.724694573303665 ], [ -76.087506826345248, 47.726073786356451 ], [ -76.074583193424274, 47.721391922552861 ], [ -76.069251497327414, 47.723317224418579 ], [ -76.070578324239321, 47.725696864384183 ], [ -76.072643904305977, 47.723111552073199 ], [ -76.070379281441831, 47.726625968755883 ], [ -76.065180351431735, 47.72496180456033 ], [ -76.065530273981551, 47.727724437922852 ], [ -76.057067933330089, 47.731450912008164 ], [ -76.057440078700836, 47.726041768072186 ], [ -76.053447946556716, 47.724737489691044 ], [ -76.047634256240656, 47.726742893093018 ], [ -76.036072366933467, 47.723726564783185 ], [ -76.026258008501344, 47.727341738658538 ], [ -76.015806728039891, 47.723741412321601 ], [ -76.009618929419119, 47.729692206148236 ], [ -76.008747504208458, 47.726677673982422 ], [ -76.003071982338071, 47.728032933545542 ], [ -76.003191161907822, 47.73045419054732 ], [ -76.007663703146406, 47.729559905821887 ], [ -76.006571777511766, 47.733309731066015 ], [ -75.987422295705414, 47.738387321322634 ], [ -75.986254493114146, 47.742998352062621 ], [ -75.983083545432265, 47.743697705486653 ], [ -75.985785440011824, 47.752853108438323 ], [ -75.99438164408906, 47.754270402694921 ], [ -75.985932215750836, 47.754939765605648 ], [ -75.980293536163174, 47.763377446811958 ], [ -75.985825553358353, 47.771761264170145 ], [ -75.934511672249599, 47.800264976808201 ], [ -75.921704674715841, 47.801904425820098 ], [ -75.916800817635931, 47.794152618852507 ], [ -75.905312952910535, 47.792201966016108 ], [ -75.895580259718685, 47.800250957208931 ], [ -75.888923651350851, 47.797778295481791 ], [ -75.883729190637212, 47.800989032383782 ], [ -75.868319899482032, 47.799895263945125 ], [ -75.856903583984462, 47.803423161475749 ], [ -75.851640464861759, 47.797853537315042 ], [ -75.854891510665567, 47.795097503159347 ], [ -75.848901612632659, 47.792814076004142 ], [ -75.858551747161215, 47.788375082491775 ], [ -75.851466848817424, 47.788729826764985 ], [ -75.848548211931316, 47.785413297012553 ], [ -75.859670066149235, 47.783218433559064 ], [ -75.856849216090552, 47.786936730848346 ], [ -75.861805689727262, 47.788487375846685 ], [ -75.867377960487886, 47.785530090860441 ], [ -75.866204376487858, 47.779073941850847 ], [ -75.862390676346735, 47.770677636467632 ], [ -75.852862311833135, 47.772844929838627 ], [ -75.831781073708527, 47.767544280916788 ], [ -75.835265825129696, 47.7641257495345 ], [ -75.833675528671634, 47.759153071210704 ], [ -75.837972051354086, 47.749998498335472 ], [ -75.834936336660277, 47.750486886372393 ], [ -75.830574451664674, 47.743824048643923 ], [ -75.833233132624343, 47.739148723869583 ], [ -75.840167681482782, 47.73822551830991 ], [ -75.827843769686467, 47.736075324199106 ], [ -75.836870914833654, 47.731047433382571 ], [ -75.847787034018481, 47.732356585004794 ], [ -75.850352215904692, 47.726502616505549 ], [ -75.842430908593727, 47.720780285294552 ], [ -75.856906018389878, 47.713936976467295 ], [ -75.847726580225654, 47.713415452894033 ], [ -75.847408785854142, 47.704288387198595 ], [ -75.830664016058037, 47.703422879620703 ], [ -75.834862954250454, 47.697233171417494 ], [ -75.821143466117107, 47.697565190281033 ], [ -75.830366760223882, 47.689574971893087 ], [ -75.817713839330665, 47.693913339470733 ], [ -75.812054208460538, 47.687776196937371 ], [ -75.815893340049428, 47.680766493318174 ], [ -75.813743271253742, 47.681499367872462 ], [ -75.810957527461937, 47.674628968738233 ], [ -75.814616905974674, 47.67437884561631 ], [ -75.805797879680313, 47.669467496714738 ], [ -75.795617886481409, 47.67439945030231 ], [ -75.791782394313088, 47.681461882136894 ], [ -75.784852039574773, 47.680316333125617 ], [ -75.797632395962083, 47.709222681053085 ], [ -75.785687879017956, 47.725496958278242 ], [ -75.786134799761925, 47.748478422777694 ], [ -75.779194008439163, 47.752466919414587 ], [ -75.777379021225883, 47.75744175908418 ], [ -75.782468390541283, 47.775729366287074 ], [ -75.790666207402367, 47.78091869322315 ], [ -75.785700780927868, 47.785988941707693 ], [ -75.788284656405523, 47.791499386984036 ], [ -75.774506822299983, 47.806915525853803 ], [ -75.772095369182097, 47.81881427412366 ], [ -75.742509910976764, 47.830791581237143 ], [ -75.739523026792824, 47.837457270864277 ], [ -75.730289372283892, 47.841224067899539 ], [ -75.725317552438852, 47.847537564393186 ] ] ] } },
{ "type": "Feature", "properties": { "riding_code": 347, "riding_name": "Laval-des-Rapides" }, "geometry": { "type": "Polygon", "coordinates": [ [ [ -73.695073399926812, 45.588295390072979 ], [ -73.667486148310857, 45.566736824325126 ], [ -73.680186323347485, 45.552731564218213 ], [ -73.698011616031636, 45.548916773629159 ], [ -73.712327817473181, 45.540360150717156 ], [ -73.737214736464082, 45.562901474826951 ], [ -73.750925637739769, 45.555675055278087 ], [ -73.764482728413626, 45.567850084037808 ], [ -73.7348626702301, 45.586068368811141 ], [ -73.711713285003825, 45.594905199300364 ], [ -73.697890466696663, 45.604977500302844 ], [ -73.690426560243282, 45.594664861763 ], [ -73.695073399926812, 45.588295390072979 ] ] ] } },
{ "type": "Feature", "properties": { "riding_code": 693, "riding_name": "Maskinongé" }, "geometry": { "type": "Polygon", "coordinates": [ [ [ -73.381192400340694, 46.889972940770164 ], [ -73.372388062666445, 46.886722442604068 ], [ -73.363716590736274, 46.889198860891895 ], [ -73.3448323331842, 46.881042546746031 ], [ -73.327481438181465, 46.881297223846509 ], [ -73.323482023656396, 46.876416540086026 ], [ -73.307068846457625, 46.870217396792015 ], [ -73.288326168240346, 46.882440366393155 ], [ -73.275824735336244, 46.881030930957238 ], [ -73.276914352162507, 46.884629895059227 ], [ -73.274087579005013, 46.887342541223575 ], [ -73.266599710360737, 46.889703943940141 ], [ -73.24429301785986, 46.883315129229885 ], [ -73.241849320958195, 46.880521710044739 ], [ -73.248209452029755, 46.867097879506794 ], [ -73.227625450744142, 46.864223595509586 ], [ -73.224880490376805, 46.861203713547752 ], [ -73.226398133343977, 46.854441494176442 ], [ -73.218560356273372, 46.852963713000079 ], [ -73.207007234642035, 46.844080667649003 ], [ -73.188557340494171, 46.839841224179928 ], [ -73.176503536076865, 46.846100385087816 ], [ -73.16187244625597, 46.846396473450611 ], [ -73.132268158904139, 46.83462597235841 ], [ -73.132263016682785, 46.786675460399898 ], [ -73.143672372707115, 46.770603900341207 ], [ -73.169273949348536, 46.764489031302233 ], [ -73.178886134061841, 46.750832813524646 ], [ -73.10695019661955, 46.704162972301752 ], [ -73.064092617460631, 46.706694648859454 ], [ -73.031988114822553, 46.653092436616184 ], [ -72.999397714892169, 46.64893754630625 ], [ -72.986058708823634, 46.667043293261614 ], [ -72.98426359512591, 46.677456920208016 ], [ -73.011469770087729, 46.736282375454429 ], [ -72.99381554846876, 46.745617245710172 ], [ -72.926998963076443, 46.7336845612937 ], [ -72.90900805879545, 46.724013752577569 ], [ -72.878087369397605, 46.673330188642133 ], [ -72.874755704023485, 46.675333604069934 ], [ -72.859677715930061, 46.664292393845308 ], [ -72.865271252970985, 46.66104269404525 ], [ -72.869147602142078, 46.663564397414589 ], [ -72.88574005047731, 46.66176024794806 ], [ -72.893644872276283, 46.66712092147737 ], [ -72.896695757175507, 46.665015916074921 ], [ -72.851470071121312, 46.633759483946157 ], [ -72.870644321301924, 46.621851278050201 ], [ -72.76616091807449, 46.546176218843399 ], [ -72.777209591228242, 46.546049411347859 ], [ -72.778926800523521, 46.541547655657453 ], [ -72.771027468417742, 46.53592390571967 ], [ -72.774501516685831, 46.52498666060881 ], [ -72.77105752585193, 46.516978239145864 ], [ -72.774654637742259, 46.506668223512413 ], [ -72.775413099809924, 46.480439230587116 ], [ -72.768309708346848, 46.467433622803654 ], [ -72.760713572516195, 46.460652571658272 ], [ -72.741218145370794, 46.449717056686332 ], [ -72.722632611416699, 46.430670062872075 ], [ -72.704910542901601, 46.424249328222281 ], [ -72.723389587269565, 46.411626814022434 ], [ -72.642531373588866, 46.355964738749229 ], [ -72.560513039828621, 46.306761374715407 ], [ -72.582203725074834, 46.293259481398344 ], [ -72.687877891096377, 46.254372639372711 ], [ -72.758791882113272, 46.219374750785562 ], [ -72.83580316713892, 46.197681164741141 ], [ -72.898131864599492, 46.175207986298027 ], [ -72.918796320366653, 46.164600230683526 ], [ -72.936244866203836, 46.151237512816117 ], [ -72.977630187539773, 46.167906605870279 ], [ -72.992612867793241, 46.163064547951457 ], [ -73.007746178781829, 46.165095798009453 ], [ -73.036707925796591, 46.156588068151827 ], [ -73.216418016853737, 46.279333462856997 ], [ -73.195678726716167, 46.294176919080876 ], [ -73.228139991122021, 46.317051348078394 ], [ -73.213822102837241, 46.325130453068034 ], [ -73.206219747595242, 46.321918177017722 ], [ -73.202557467188981, 46.324788618535301 ], [ -73.201790163896163, 46.321748834241433 ], [ -73.196977224578717, 46.321248369647343 ], [ -73.176107581859256, 46.323530668136776 ], [ -73.203658452527009, 46.3420474141802 ], [ -73.192070436641913, 46.350251720779227 ], [ -73.203926256063639, 46.359061227433983 ], [ -73.187809346043849, 46.37037574016562 ], [ -73.180934104315483, 46.366114753076182 ], [ -73.16913233895103, 46.374384795695008 ], [ -73.174607893354477, 46.378290871995311 ], [ -73.167314107724835, 46.382992773353095 ], [ -73.333119362629944, 46.498712989830729 ], [ -73.283006840730124, 46.533307041602924 ], [ -73.306956940594347, 46.555152888705379 ], [ -73.312224574106466, 46.573685540091795 ], [ -73.336512557958883, 46.601263369347656 ], [ -73.361844158893931, 46.616239639712468 ], [ -73.402204839684416, 46.598822869646284 ], [ -73.446012489696685, 46.596264646789955 ], [ -73.441988993760205, 46.668657237223869 ], [ -73.466955570704386, 46.709484858743565 ], [ -73.450075817989187, 46.751126182569777 ], [ -73.447674132147128, 46.766379202443645 ], [ -73.456934279555639, 46.786325090363412 ], [ -73.436339678450707, 46.829241909102628 ], [ -73.441506196418672, 46.843684818495589 ], [ -73.420200141189483, 46.888349527361044 ], [ -73.417872318292638, 46.883438202428643 ], [ -73.411673649835265, 46.880428876345405 ], [ -73.403480267298093, 46.883948018169356 ], [ -73.386883626417756, 46.884106409400921 ], [ -73.381192400340694, 46.889972940770164 ] ] ] } },
{ "type": "Feature", "properties": { "riding_code": 221, "riding_name": "Taillon" }, "geometry": { "type": "Polygon", "coordinates": [ [ [ -73.472842996394021, 45.589177002530363 ], [ -73.42406193689115, 45.548699819135017 ], [ -73.438213783208681, 45.536483410417624 ], [ -73.439187009725984, 45.532915571925777 ], [ -73.431017311249022, 45.527762849626832 ], [ -73.439779895827542, 45.511825255057872 ], [ -73.519985014492548, 45.54535233289171 ], [ -73.498964955024746, 45.578236832450173 ], [ -73.498840711267732, 45.588198603144882 ], [ -73.484375575456966, 45.58567767082593 ], [ -73.472842996394021, 45.589177002530363 ] ] ] } },
{ "type": "Feature", "properties": { "riding_code": 669, "riding_name": "Papineau" }, "geometry": { "type": "Polygon", "coordinates": [ [ [ -75.117390225727576, 46.215202822477742 ], [ -75.075233381799265, 46.215283392223185 ], [ -75.089902598994939, 46.103251383631289 ], [ -74.939544281009816, 46.105533126858177 ], [ -74.939450909645728, 46.06172879785808 ], [ -74.858617771403388, 46.060743382640219 ], [ -74.85797175472932, 46.016768012011056 ], [ -74.837629930921622, 46.016769915185094 ], [ -74.837606219231873, 46.00305181448023 ], [ -74.831384052440981, 46.003059916918048 ], [ -74.831731825156155, 45.973121111092858 ], [ -74.808901294784405, 45.973024201927636 ], [ -74.806465020639223, 45.958619034420465 ], [ -74.800905651673716, 45.958900574495253 ], [ -74.80172264405806, 45.94475832476224 ], [ -74.764242459754001, 45.946256188484377 ], [ -74.763220180107595, 45.97274672631648 ], [ -74.698241258406412, 45.971781675241523 ], [ -74.71029009515614, 45.931879495976688 ], [ -74.714581104763042, 45.887891618409533 ], [ -74.726670371875926, 45.851736164066629 ], [ -74.735401590859439, 45.851865513329706 ], [ -74.771117918001863, 45.760842200903042 ], [ -74.807765618800289, 45.638311103650075 ], [ -74.845831722892498, 45.637217438226671 ], [ -74.880611251856763, 45.642828058110133 ], [ -74.938086107235407, 45.644966471366743 ], [ -74.949392198860963, 45.640160919976935 ], [ -74.975143243740604, 45.617688700049925 ], [ -75.007366637428021, 45.602938626852442 ], [ -75.03564525952801, 45.594494352410976 ], [ -75.07825792790959, 45.590133467110086 ], [ -75.124843097096004, 45.57724530362804 ], [ -75.172511625101336, 45.57716255007157 ], [ -75.204846058304213, 45.587495760006668 ], [ -75.235652836947651, 45.5871346828878 ], [ -75.296100788230191, 45.560357029342882 ], [ -75.31174081203028, 45.54946819793556 ], [ -75.343131562665249, 45.538051749615754 ], [ -75.392716734427637, 45.524385397530921 ], [ -75.443746294059252, 45.521163391310587 ], [ -75.479386751589104, 45.514913637701682 ], [ -75.53122207142961, 45.498969424531175 ], [ -75.554750486346236, 45.481858450602168 ], [ -75.581056731851476, 45.473719763583595 ], [ -75.612335647364404, 45.4710809185569 ], [ -75.609681021001947, 45.481361158709959 ], [ -75.602972600304852, 45.48640349338428 ], [ -75.607199613992648, 45.494781357600218 ], [ -75.601990735399568, 45.497530471264533 ], [ -75.605394197092096, 45.499491154203618 ], [ -75.598340214080181, 45.501281464583904 ], [ -75.600376731159656, 45.507535051957497 ], [ -75.595489540622822, 45.509722871717578 ], [ -75.600091938032747, 45.511229904467541 ], [ -75.550013264473279, 45.514490458237042 ], [ -75.529223911185824, 45.521802628432901 ], [ -75.556824557278375, 45.701447578658708 ], [ -75.528266146311339, 45.703855863459644 ], [ -75.588071640484486, 45.720217932365479 ], [ -75.591667237888714, 45.725960755651776 ], [ -75.587334265309877, 45.735831693792051 ], [ -75.577982688015013, 45.74391931545069 ], [ -75.580886882061264, 45.750563103220088 ], [ -75.578637747205192, 45.756332500298271 ], [ -75.589713186879806, 45.762489229340453 ], [ -75.588966945948712, 45.767479192991864 ], [ -75.604519476700403, 45.783166330111406 ], [ -75.606436896319124, 45.79192599346424 ], [ -75.617181843234178, 45.805565549145825 ], [ -75.630616247532558, 45.815134638392081 ], [ -75.64086753153785, 45.833922055267244 ], [ -75.736346933846548, 45.825007015530971 ], [ -75.736868898802726, 45.913327276248417 ], [ -75.743275260809824, 45.916547400302299 ], [ -75.756804850709159, 45.937502768295772 ], [ -75.768422207194959, 45.940684742015463 ], [ -75.765764798291229, 45.942673131741181 ], [ -75.768761200907974, 45.944798666537181 ], [ -75.763440790352675, 45.945718037485733 ], [ -75.766123012126243, 45.949375482246253 ], [ -75.774202166975272, 45.948979682372055 ], [ -75.777249706312062, 45.952889542085977 ], [ -75.762421919091651, 45.958291063118828 ], [ -75.746612431199338, 45.972885785082447 ], [ -75.66752840178188, 45.970355464690833 ], [ -75.663210586324908, 45.974791926078893 ], [ -75.663129600362083, 45.981938906438188 ], [ -75.620863419145294, 45.982734239350471 ], [ -75.62076673771125, 45.994712571730794 ], [ -75.599152889767794, 45.99465154915589 ], [ -75.599159460067114, 45.971449855896722 ], [ -75.407209763992867, 45.972950632408754 ], [ -75.407157560368319, 46.097862164192954 ], [ -75.213184479128486, 46.098070727459962 ], [ -75.213057892046095, 46.104235469023862 ], [ -75.176355550963535, 46.103406851125257 ], [ -75.176984765145065, 46.132305858865067 ], [ -75.155932180237045, 46.132296469980346 ], [ -75.156312767355729, 46.160602612162322 ], [ -75.137272258479683, 46.160567403091747 ], [ -75.137640853215345, 46.184941840144717 ], [ -75.116555451000238, 46.184781677039261 ], [ -75.117390225727576, 46.215202822477742 ] ] ] } },
{ "type": "Feature", "properties": { "riding_code": 729, "riding_name": "La Peltrie" }, "geometry": { "type": "Polygon", "coordinates": [ [ [ -71.631220534012215, 47.192808320459278 ], [ -71.420616930046691, 46.98070208159865 ], [ -71.448041095118384, 46.96752780224417 ], [ -71.405610987730938, 46.923225997230531 ], [ -71.433411421364042, 46.911049190650125 ], [ -71.438447596709722, 46.914707796194378 ], [ -71.473042138001375, 46.892151912405744 ], [ -71.460162600967109, 46.883318682741901 ], [ -71.465219776204194, 46.879957450230584 ], [ -71.412743641508271, 46.862925488532916 ], [ -71.400607468233318, 46.867999755048771 ], [ -71.350026556434713, 46.831889192855648 ], [ -71.341888311442546, 46.836116503390969 ], [ -71.344083978288637, 46.830942592144957 ], [ -71.331817253720033, 46.831787313480142 ], [ -71.32985135251181, 46.82742624666399 ], [ -71.332414877918495, 46.827436567889535 ], [ -71.320459297367947, 46.823020926377893 ], [ -71.318917005223213, 46.818759704795703 ], [ -71.338662628538415, 46.81276739770999 ], [ -71.345019802985433, 46.807751533029787 ], [ -71.334131743477627, 46.795318381770898 ], [ -71.349694636147674, 46.78530400723232 ], [ -71.410435730983949, 46.826773799513795 ], [ -71.419460388100887, 46.828516200077004 ], [ -71.440718270018905, 46.81319265180273 ], [ -71.494883587238988, 46.803252451408547 ], [ -71.510893076480144, 46.813760852230828 ], [ -71.541917937730275, 46.83661791874124 ], [ -71.531533972663851, 46.838323894741443 ], [ -71.549076658343097, 46.851254533948953 ], [ -71.532992327320557, 46.85473582944887 ], [ -71.592819933780774, 46.893551673465083 ], [ -71.590293070895243, 46.895290993608647 ], [ -71.608244019977676, 46.907231297511721 ], [ -71.607232804122333, 46.912267266878501 ], [ -71.614923805419238, 46.906666364821113 ], [ -71.620622828785912, 46.909675623181023 ], [ -71.60948167538713, 46.917486533170482 ], [ -71.611410685272659, 46.926246937325566 ], [ -71.597570082491231, 46.936089644414253 ], [ -71.611738480017891, 46.94826232976137 ], [ -71.638824154570841, 46.965453769160696 ], [ -71.658852088768171, 46.958787101044912 ], [ -71.657269404709467, 46.948176205767503 ], [ -71.680717445583426, 46.954780594070833 ], [ -71.633241778832527, 46.987300019736459 ], [ -71.813871558477445, 47.113959206707662 ], [ -71.74007322592999, 47.148338742635651 ], [ -71.631220534012215, 47.192808320459278 ] ] ] } },
{ "type": "Feature", "properties": { "riding_code": 117, "riding_name": "Mégantic" }, "geometry": { "type": "Polygon", "coordinates": [ [ [ -71.312003481232694, 45.925039220026605 ], [ -71.30583971863598, 45.931941862663351 ], [ -71.290947237442438, 45.934086730099175 ], [ -71.273112972926498, 45.949877719158081 ], [ -71.237437691734172, 45.967451231358417 ], [ -71.224600506073344, 45.967504252309894 ], [ -71.194852826082368, 45.956223012362635 ], [ -71.163280853706951, 45.924402874582356 ], [ -71.12964081756158, 45.95735873932108 ], [ -71.070622248265551, 45.928272553360976 ], [ -71.09374595442786, 45.907009789577856 ], [ -71.018290022166937, 45.869809478388802 ], [ -71.029307983972203, 45.859315893627922 ], [ -70.990243658377508, 45.839916044215158 ], [ -70.979022476125621, 45.850722284642885 ], [ -70.947802711032509, 45.835421168854452 ], [ -70.936878813783522, 45.845951653302365 ], [ -70.915133823924506, 45.836021636816604 ], [ -70.914841841685231, 45.84156549554929 ], [ -70.898394117621734, 45.841710371310455 ], [ -70.895630273864526, 45.779988533113446 ], [ -70.724346544432549, 45.782120753708355 ], [ -70.783881454258605, 45.725766567066294 ], [ -70.751166272213268, 45.709117906591473 ], [ -70.744096368542117, 45.71043394522259 ], [ -70.743832273968138, 45.704246852393211 ], [ -70.598679923020541, 45.62823685122445 ], [ -70.607044429891104, 45.625652778044696 ], [ -70.619147205850581, 45.612022203125271 ], [ -70.644572235960908, 45.606986112939943 ], [ -70.653958299514898, 45.592808339456283 ], [ -70.678094468902827, 45.57050000897717 ], [ -70.687691698448845, 45.569422239929082 ], [ -70.685119423757328, 45.566572212596711 ], [ -70.689194463658396, 45.562183344298504 ], [ -70.677097218457988, 45.552211098216034 ], [ -70.68698332663682, 45.549313891938198 ], [ -70.696524983297223, 45.539997236991326 ], [ -70.70091944613408, 45.532488894749285 ], [ -70.699097238475673, 45.530130557760444 ], [ -70.706458326815039, 45.527916654016352 ], [ -70.71111943553673, 45.519533328469926 ], [ -70.719916680193734, 45.516497229651684 ], [ -70.723644414510233, 45.510130568509318 ], [ -70.722163873598419, 45.506108356379499 ], [ -70.711594470165537, 45.501808323039171 ], [ -70.71784166727582, 45.490233331505124 ], [ -70.716394453923684, 45.486466679041676 ], [ -70.691722210961132, 45.474266641745267 ], [ -70.69286947965287, 45.466363909556627 ], [ -70.68182224348412, 45.461691665900553 ], [ -70.681113891908339, 45.452183309644738 ], [ -70.650733307861344, 45.444944441473396 ], [ -70.640447224119313, 45.430777780873065 ], [ -70.629822190134576, 45.426313891018843 ], [ -70.627775009360789, 45.420702779037534 ], [ -70.635502759187801, 45.414888871807456 ], [ -70.635050007057487, 45.411069464531927 ], [ -70.621269428448826, 45.402736103024409 ], [ -70.636322248940786, 45.395233346153212 ], [ -70.63887778897498, 45.388824999286378 ], [ -70.634888925241299, 45.383416680161986 ], [ -70.651783344296788, 45.37695832841905 ], [ -70.660783356285421, 45.378133343437085 ], [ -70.661661105935906, 45.386308313922868 ], [ -70.678172248431153, 45.39427499149965 ], [ -70.696158327235551, 45.392416647160402 ], [ -70.699502783747519, 45.394536114337754 ], [ -70.712013899609389, 45.390483313735544 ], [ -70.729652807544937, 45.399094437677171 ], [ -70.730377748482866, 45.40437501348341 ], [ -70.743572219197972, 45.411858345129687 ], [ -70.744011142153482, 45.421166647064076 ], [ -70.754577749102637, 45.428311121497472 ], [ -70.764397196129167, 45.425927774855232 ], [ -70.781438879495042, 45.431230566725453 ], [ -70.787577774646323, 45.426472213742521 ], [ -70.798094447136918, 45.426516652228194 ], [ -70.802508357349026, 45.417936131604861 ], [ -70.81133332622791, 45.416166678154539 ], [ -70.82594999545887, 45.398380570273218 ], [ -70.823927765175767, 45.391019436534343 ], [ -70.813772239551199, 45.387758340306853 ], [ -70.802755584140769, 45.367522224790406 ], [ -70.809836086965532, 45.357969461481524 ], [ -70.814469465092543, 45.3566805518644 ], [ -70.809799994711412, 45.348669457701561 ], [ -70.819900014873909, 45.340194443724009 ], [ -70.816402767800952, 45.33077220370734 ], [ -70.807583310394776, 45.327661114182526 ], [ -70.808425000086174, 45.311816679992781 ], [ -70.814630562759717, 45.308161094874876 ], [ -70.811538867834116, 45.303766641818612 ], [ -70.816291634814675, 45.298180579512476 ], [ -70.835463914246262, 45.293963901309894 ], [ -70.829944469736915, 45.290180563337202 ], [ -70.831894469300536, 45.278911124017021 ], [ -70.841252779460618, 45.267013874591676 ], [ -70.848941672031117, 45.263091671322179 ], [ -70.849616697290259, 45.255905559976974 ], [ -70.846530553811817, 45.253013888336106 ], [ -70.848630546037384, 45.245180554674398 ], [ -70.836638923868264, 45.237308335209633 ], [ -70.837583346279743, 45.234988880042074 ], [ -70.857533309114231, 45.229133321108485 ], [ -70.884733308677838, 45.234858318260933 ], [ -70.896944460180336, 45.241863894026544 ], [ -70.895147241447859, 45.252258341284119 ], [ -70.898511090897969, 45.258327773095658 ], [ -70.905894444015857, 45.260827764036677 ], [ -70.905347249466629, 45.265877787188984 ], [ -70.921333311757479, 45.27922499527353 ], [ -70.912005541537766, 45.296311111802282 ], [ -70.919611083156994, 45.305263867554508 ], [ -70.917836139200517, 45.311722226655128 ], [ -70.929966662211669, 45.318811102285835 ], [ -70.938894418712721, 45.319980541539174 ], [ -70.949488916378769, 45.331316673300428 ], [ -70.950852771667002, 45.338358314700983 ], [ -70.958458312709183, 45.337769462827836 ], [ -70.9673249753627, 45.332222222013719 ], [ -70.984975009123161, 45.331908347954702 ], [ -70.990847197919777, 45.338094422421122 ], [ -71.0106528072819, 45.347674979368882 ], [ -71.012116701263523, 45.33386945915808 ], [ -71.001872228372292, 45.328427789621571 ], [ -71.008522193779839, 45.319241657287336 ], [ -71.02709166462752, 45.314686108274664 ], [ -71.033716649761814, 45.310019461353221 ], [ -71.059100018714744, 45.31383888927963 ], [ -71.098199985669055, 45.301672206798592 ], [ -71.110988863701579, 45.284377762242158 ], [ -71.105444450922263, 45.282800004497098 ], [ -71.107188854935387, 45.278347211004757 ], [ -71.116311114541659, 45.274083345795759 ], [ -71.119544470996374, 45.261619453867603 ], [ -71.130927764650977, 45.246549997443687 ], [ -71.147561099961734, 45.239436092187248 ], [ -71.148569436870062, 45.242869427164543 ], [ -71.162330579045332, 45.250347230827877 ], [ -71.173202762313352, 45.246316648886449 ], [ -71.180099995180257, 45.239936113134775 ], [ -71.196427791882257, 45.254052792956344 ], [ -71.212658316481239, 45.250119429317479 ], [ -71.220627765425846, 45.250736118122717 ], [ -71.222102786242942, 45.253363874784121 ], [ -71.230613910698537, 45.249416658815448 ], [ -71.235591678627216, 45.260905573320073 ], [ -71.245616636818269, 45.268800018810097 ], [ -71.259391649590597, 45.272033316090919 ], [ -71.262975012746509, 45.277430562392595 ], [ -71.264947201955252, 45.293791644038087 ], [ -71.272688879798807, 45.296572238883776 ], [ -71.280516697304279, 45.294588871183045 ], [ -71.284224993095378, 45.302358338129814 ], [ -71.300530565569474, 45.296647238759647 ], [ -71.307588907715555, 45.287486106960856 ], [ -71.330802766937566, 45.280277776246713 ], [ -71.336411114058805, 45.272741667341123 ], [ -71.353455565196114, 45.268605572392289 ], [ -71.360277755041494, 45.270330553191641 ], [ -71.363213889085046, 45.266738901892673 ], [ -71.356538901692858, 45.253897215668665 ], [ -71.362772195125373, 45.248302755872515 ], [ -71.378341665842754, 45.243491655610555 ], [ -71.385308346008728, 45.233047235066692 ], [ -71.394502786349918, 45.240911126111229 ], [ -71.402144418635686, 45.242597230205995 ], [ -71.604645846785303, 45.238101453624814 ], [ -71.605028300534329, 45.248179302399087 ], [ -71.643057265944464, 45.248351044627078 ], [ -71.644405637765772, 45.306494208702546 ], [ -71.815731088910582, 45.306272280054671 ], [ -71.817694966591233, 45.358085348299078 ], [ -71.811664418043748, 45.359922308269994 ], [ -71.812079444310058, 45.3671176004719 ], [ -71.818394059451109, 45.368424002520904 ], [ -71.818725319623027, 45.378736066041036 ], [ -71.815058812161922, 45.388757667790202 ], [ -71.808693655355697, 45.392853540042225 ], [ -71.80262882270911, 45.408123794728674 ], [ -71.820022770616106, 45.407924077133202 ], [ -71.821567813440851, 45.453331290016152 ], [ -71.830294459411633, 45.453276407006143 ], [ -71.792300047097456, 45.485813676375436 ], [ -71.774291407761993, 45.496731431749815 ], [ -71.748331264442612, 45.521179501319992 ], [ -71.705712634720712, 45.496435483974182 ], [ -71.626244990791946, 45.565441801528586 ], [ -71.774638864983203, 45.650750642659297 ], [ -71.831887051619617, 45.600485638047061 ], [ -71.919886804647589, 45.647939366904346 ], [ -71.891573352784022, 45.668505218815426 ], [ -71.959074196136243, 45.705476157993701 ], [ -71.978751906440294, 45.71500384368467 ], [ -71.99066888272381, 45.704800676191311 ], [ -72.001588231455543, 45.710406468425916 ], [ -72.014156493231127, 45.698838425771804 ], [ -72.133766625716731, 45.760611589146258 ], [ -72.029648058015297, 45.853416681004248 ], [ -71.92123360679706, 45.796307980412038 ], [ -71.916622306049362, 45.801905267247314 ], [ -71.904668667503429, 45.804820888338526 ], [ -71.891157591755018, 45.800725525098535 ], [ -71.88054416624648, 45.804425159349314 ], [ -71.874464896070933, 45.798346615260463 ], [ -71.869436604616979, 45.803192607810203 ], [ -71.861441045134896, 45.798567414996015 ], [ -71.769964718484587, 45.885296345943722 ], [ -71.635518409823902, 45.813912788732793 ], [ -71.617307456175453, 45.830459889444349 ], [ -71.603847198465587, 45.823157433021727 ], [ -71.601467662545957, 45.825284704733775 ], [ -71.595263312349189, 45.822094329670051 ], [ -71.597552022498633, 45.819926906469625 ], [ -71.592653797227939, 45.817405717690093 ], [ -71.595617076470489, 45.815586121195601 ], [ -71.541554864166741, 45.787721900129704 ], [ -71.523181451427902, 45.804555472090918 ], [ -71.498952620767909, 45.791928680914651 ], [ -71.460795310324585, 45.819112841767783 ], [ -71.467201611864922, 45.822228833019864 ], [ -71.455441220572325, 45.872098301493878 ], [ -71.489785980947673, 45.889464087487184 ], [ -71.47960752827187, 45.902602843495949 ], [ -71.456093652988727, 45.910510097174836 ], [ -71.456484879927913, 45.915777230576857 ], [ -71.445792570311582, 45.926274912080963 ], [ -71.458578563092999, 45.93277488469181 ], [ -71.412407878562476, 45.977735696007507 ], [ -71.312003481232694, 45.925039220026605 ] ] ] } },
{ "type": "Feature", "properties": { "riding_code": 159, "riding_name": "Granby" }, "geometry": { "type": "Polygon", "coordinates": [ [ [ -72.819862285973386, 45.45669924925599 ], [ -72.699237350072138, 45.457364317798508 ], [ -72.700417896178422, 45.448452363581396 ], [ -72.663399703882448, 45.447351576936242 ], [ -72.667705624754731, 45.33787373817605 ], [ -72.763837851703073, 45.341590643315534 ], [ -72.766261793309454, 45.328299331227555 ], [ -72.773825688965388, 45.328512479176503 ], [ -72.773668010234857, 45.313667811683032 ], [ -72.784482861067687, 45.313654008450207 ], [ -72.78493198212179, 45.29974739248803 ], [ -72.853245614320002, 45.299323653861073 ], [ -72.853714686569731, 45.284687391137425 ], [ -72.876140750326087, 45.284438294074207 ], [ -72.823764942473233, 45.431218399284667 ], [ -72.819862285973386, 45.45669924925599 ] ] ] } },
{ "type": "Feature", "properties": { "riding_code": 231, "riding_name": "Verchères" }, "geometry": { "type": "Polygon", "coordinates": [ [ [ -73.311695032359069, 45.816061948799266 ], [ -73.219725576057812, 45.748794096717937 ], [ -73.277301070330438, 45.698086109288191 ], [ -73.287143243193597, 45.69592441257695 ], [ -73.258357482282122, 45.674668292999655 ], [ -73.25818865191134, 45.667578259267586 ], [ -73.265057236737348, 45.656647212189363 ], [ -73.27631001243634, 45.649924548614045 ], [ -73.261063502565136, 45.638696914310295 ], [ -73.271389056753819, 45.633625211884734 ], [ -73.292446491378229, 45.605164306870776 ], [ -73.276109922645034, 45.593698195664878 ], [ -73.296999190836047, 45.58083095898327 ], [ -73.289004953178278, 45.574813869121712 ], [ -73.292624545776533, 45.553593584139357 ], [ -73.311950592307767, 45.567913574008941 ], [ -73.313986144019921, 45.556875979427105 ], [ -73.323683638479096, 45.55891535180379 ], [ -73.333217046883746, 45.56691995570543 ], [ -73.338634436178552, 45.563587014796305 ], [ -73.348339879530542, 45.571238911928312 ], [ -73.349824293387329, 45.563457280378358 ], [ -73.362131067267086, 45.573794085099486 ], [ -73.360053645149591, 45.589884677270618 ], [ -73.444975028512033, 45.656697942749368 ], [ -73.4840230255124, 45.631729691014783 ], [ -73.476423812921041, 45.647434486387532 ], [ -73.485782990258286, 45.662534952136156 ], [ -73.486180506167557, 45.682620384160998 ], [ -73.477443730338521, 45.698961499866883 ], [ -73.46091935579939, 45.70378685565894 ], [ -73.425253247387985, 45.736553905217001 ], [ -73.419200209863618, 45.753841946751358 ], [ -73.385560250855818, 45.789243159433077 ], [ -73.370130778385032, 45.78557451004837 ], [ -73.352060286102727, 45.791159882507479 ], [ -73.338096477970112, 45.800336334890581 ], [ -73.322284688564025, 45.805694904579006 ], [ -73.311695032359069, 45.816061948799266 ] ] ] } },
{ "type": "Feature", "properties": { "riding_code": 307, "riding_name": "Laurier-Dorion" }, "geometry": { "type": "Polygon", "coordinates": [ [ [ -73.61727923404014, 45.527775008706051 ], [ -73.622767304891568, 45.523352561477573 ], [ -73.648310684287765, 45.53075498914766 ], [ -73.636279452076124, 45.548236237863009 ], [ -73.621619035877899, 45.554538756697205 ], [ -73.607050547307551, 45.547945438396937 ], [ -73.621520821466135, 45.531114266896786 ], [ -73.61727923404014, 45.527775008706051 ] ] ] } },
{ "type": "Feature", "properties": { "riding_code": 331, "riding_name": "Jeanne-Mance–Viger" }, "geometry": { "type": "Polygon", "coordinates": [ [ [ -73.601958837019467, 45.610615055082157 ], [ -73.569702168555253, 45.596604779532768 ], [ -73.564215477992605, 45.587243856515641 ], [ -73.564780163239917, 45.583000514498529 ], [ -73.573972038757788, 45.581918457763905 ], [ -73.587121921100731, 45.566396952286901 ], [ -73.62424643928037, 45.584637003799543 ], [ -73.629642355360076, 45.583748480585996 ], [ -73.608897314606892, 45.608444269893084 ], [ -73.601958837019467, 45.610615055082157 ] ] ] } },
{ "type": "Feature", "properties": { "riding_code": 803, "riding_name": "Rimouski" }, "geometry": { "type": "Polygon", "coordinates": [ [ [ -68.644169655337095, 48.663792658986701 ], [ -68.273741550379214, 48.436800603744928 ], [ -68.299418011204907, 48.417334914909418 ], [ -68.278366348683406, 48.414563685564111 ], [ -68.249994919999878, 48.393454450978659 ], [ -68.245795691243913, 48.386962750690159 ], [ -68.183069275850485, 48.349083230440407 ], [ -68.257682119866288, 48.293801772930294 ], [ -68.141518061914709, 48.224415624137805 ], [ -67.950395160783543, 48.096602654600026 ], [ -67.950377268531852, 48.000055396043422 ], [ -68.122893435815712, 47.999977305872619 ], [ -68.122893961479036, 47.916448170452448 ], [ -68.383070283275742, 47.916532912150544 ], [ -68.383083589544569, 47.880024721705048 ], [ -68.768370204683364, 48.139191415855578 ], [ -68.765425062103375, 48.140775255889288 ], [ -68.874991333651181, 48.210909839097681 ], [ -68.909816563555097, 48.232672220138014 ], [ -68.91845344583561, 48.226942758461796 ], [ -68.922976189756895, 48.22981735458162 ], [ -68.927102106965833, 48.226965321584665 ], [ -68.944455387860216, 48.237635450437388 ], [ -68.93990932685999, 48.240644885738867 ], [ -68.935597563632172, 48.237832294517879 ], [ -68.927854014452123, 48.242913006941478 ], [ -69.124341460721269, 48.366118202645431 ], [ -68.999995478470339, 48.451724432785156 ], [ -68.912866121487923, 48.50645433767685 ], [ -68.723461555677119, 48.621034549837944 ], [ -68.644169655337095, 48.663792658986701 ] ] ] } },
{ "type": "Feature", "properties": { "riding_code": 761, "riding_name": "Montmorency" }, "geometry": { "type": "Polygon", "coordinates": [ [ [ -71.20531508517756, 46.966136031282076 ], [ -71.190362415337106, 46.942642014955617 ], [ -71.192548901065564, 46.938031993220434 ], [ -71.168718874528508, 46.912293847071112 ], [ -71.172360799846103, 46.904928941564172 ], [ -71.167339301652092, 46.898126208120843 ], [ -71.161002426445179, 46.893988611657988 ], [ -71.15199973035584, 46.895525528147019 ], [ -71.144777446760315, 46.886405618913443 ], [ -71.131395888930669, 46.880246507993242 ], [ -71.154641980147247, 46.85564497333295 ], [ -71.172551434291051, 46.842564447956477 ], [ -71.199698601065634, 46.850525160552507 ], [ -71.20076005141037, 46.85559236042657 ], [ -71.196684452133667, 46.860390827082696 ], [ -71.20901977135523, 46.865455205306695 ], [ -71.212796328665561, 46.862019153238656 ], [ -71.285141430427188, 46.940277146219252 ], [ -71.222928471942097, 46.969448217027008 ], [ -71.270721268101397, 47.018461907202195 ], [ -71.207756834603217, 47.048449104799538 ], [ -71.216257430623429, 47.057167374822555 ], [ -71.183691729190954, 47.072961704197894 ], [ -71.192789305039526, 47.087315011185012 ], [ -71.172716213094006, 47.087761032085446 ], [ -71.147790467589317, 47.103440617484196 ], [ -71.085826625188773, 47.050718329997906 ], [ -71.096032069805119, 47.043799163861834 ], [ -71.131096902002099, 47.00354717679145 ], [ -71.191553005889077, 46.970367902912301 ], [ -71.20531508517756, 46.966136031282076 ] ] ] } },
{ "type": "Feature", "properties": { "riding_code": 571, "riding_name": "Mille-Îles" }, "geometry": { "type": "Polygon", "coordinates": [ [ [ -73.557416540017343, 45.700373239216717 ], [ -73.523096413508, 45.697885173049713 ], [ -73.538653237898643, 45.678800345872119 ], [ -73.60877279481015, 45.645406550676498 ], [ -73.62835206701854, 45.63050672357479 ], [ -73.637319806621932, 45.619177802189228 ], [ -73.645230087744821, 45.600986957563116 ], [ -73.667050636774491, 45.575837146939456 ], [ -73.667486148310857, 45.566736824325126 ], [ -73.695073399926812, 45.588295390072979 ], [ -73.690426560243282, 45.594664861763 ], [ -73.715419886590169, 45.622608725610455 ], [ -73.680965146740675, 45.649730988579925 ], [ -73.685081687744443, 45.651904848728378 ], [ -73.690221806105413, 45.662674064350377 ], [ -73.691386032592533, 45.682965403910472 ], [ -73.685448712167343, 45.68686874324581 ], [ -73.69248905392439, 45.689120058199862 ], [ -73.688108811125488, 45.693049111068156 ], [ -73.668851356328958, 45.693495269472905 ], [ -73.650988929334972, 45.68817333350065 ], [ -73.615247159392482, 45.693236732989419 ], [ -73.600499631741187, 45.68907352175485 ], [ -73.557416540017343, 45.700373239216717 ] ] ] } },
{ "type": "Feature", "properties": { "riding_code": 139, "riding_name": "Marie-Lacoste-Gérin-Lajoie" }, "geometry": { "type": "Polygon", "coordinates": [ [ [ -72.733441887527505, 46.032878290485002 ], [ -72.640153488480564, 46.003681637319076 ], [ -72.614183080430351, 45.98845459068469 ], [ -72.591401434226938, 45.979314255306519 ], [ -72.577954173551092, 45.979710169089088 ], [ -72.566399808279343, 45.974623196728643 ], [ -72.553521538486493, 45.973643104131483 ], [ -72.551616406833702, 45.966989631337853 ], [ -72.519786760713004, 45.944182378724008 ], [ -72.553422252814087, 45.915398736264805 ], [ -72.484353392901696, 45.875730140385329 ], [ -72.473863140503951, 45.861401919147418 ], [ -72.41861299174812, 45.830810973684081 ], [ -72.388023252224158, 45.855606103103604 ], [ -72.354788836710014, 45.839933808962428 ], [ -72.351941364387287, 45.835368158103449 ], [ -72.351764388913537, 45.821339507933459 ], [ -72.337072777794575, 45.815289889172348 ], [ -72.319753799717645, 45.822297514827341 ], [ -72.316676997019215, 45.83966035553189 ], [ -72.307353610470315, 45.845345848995983 ], [ -72.26783940374888, 45.83483445224919 ], [ -72.269637552172497, 45.831674268043471 ], [ -72.291682070671158, 45.830849658563679 ], [ -72.296201702415544, 45.823451922693884 ], [ -72.285424321902383, 45.809991395483465 ], [ -72.283357805860504, 45.801651457142526 ], [ -72.274347363952543, 45.797282716204741 ], [ -72.267634128182394, 45.785489753083645 ], [ -72.244678529910047, 45.781421119926449 ], [ -72.222293284674834, 45.753622206117853 ], [ -72.227100208022208, 45.756215286819589 ], [ -72.242616902347095, 45.744816164552191 ], [ -72.310760594819953, 45.688542337920516 ], [ -72.237089104865973, 45.646276346013288 ], [ -72.297580717190002, 45.589440420548016 ], [ -72.577939563369071, 45.752513955170812 ], [ -72.563116870805118, 45.765907702086125 ], [ -72.578099096645786, 45.775323619973015 ], [ -72.575267801930423, 45.777689084486646 ], [ -72.601867430825592, 45.792602702361606 ], [ -72.646156905956317, 45.755786908367035 ], [ -72.680338138418747, 45.775797073348095 ], [ -72.704155473308745, 45.758843583716228 ], [ -72.853036666064853, 45.864013663460469 ], [ -72.848664000503277, 45.874749945218234 ], [ -72.854036703401107, 45.878493176535976 ], [ -72.850463261203814, 45.883582098919902 ], [ -72.839296139249754, 45.891141396872342 ], [ -72.832329572389895, 45.886326555356895 ], [ -72.799948440211651, 45.906597990362272 ], [ -72.794005928372428, 45.906443226559766 ], [ -72.752553450401308, 45.943010767152529 ], [ -72.804673721749154, 45.980952857061787 ], [ -72.789893588616437, 45.99206658577986 ], [ -72.803525118667878, 45.997434174519981 ], [ -72.802655266426612, 46.011209851375838 ], [ -72.799346067338135, 46.014485951527611 ], [ -72.768203415679451, 46.009484552704691 ], [ -72.733441887527505, 46.032878290485002 ] ] ] } },
{ "type": "Feature", "properties": { "riding_code": 657, "riding_name": "Pontiac" }, "geometry": { "type": "Polygon", "coordinates": [ [ [ -77.432627259540638, 47.28956134804033 ], [ -77.432656203659349, 47.144707771430895 ], [ -77.00227087190423, 47.145344699361992 ], [ -77.00209834822256, 47.00047366142379 ], [ -76.794241073699197, 47.000438798482904 ], [ -76.793478822356519, 46.646621793081017 ], [ -76.771737613453013, 46.646062871243259 ], [ -76.771324350261708, 46.65031639038834 ], [ -76.757968724700149, 46.663256931612857 ], [ -76.749262631489998, 46.655481575329844 ], [ -76.753407527902937, 46.645086957994387 ], [ -76.752072805509812, 46.638121865779901 ], [ -76.724990085113433, 46.651842456746088 ], [ -76.722828262316654, 46.657753659299914 ], [ -76.706455821518432, 46.651647463665824 ], [ -76.696574474033156, 46.655032027328922 ], [ -76.696956081167329, 46.659814682816538 ], [ -76.691129011693533, 46.662087679751586 ], [ -76.692706883944268, 46.666365331878545 ], [ -76.678376959729377, 46.675089905095561 ], [ -76.670462522431791, 46.669447631163912 ], [ -76.648120906129108, 46.664782943395807 ], [ -76.644984031788169, 46.662476122284623 ], [ -76.644824614214642, 46.656813676250373 ], [ -76.630039966789894, 46.652616267784119 ], [ -76.61587814722732, 46.641723563348137 ], [ -76.60964375571551, 46.642842226308929 ], [ -76.615346473318041, 46.636842445179084 ], [ -76.620823546051795, 46.641421770015782 ], [ -76.639787619669363, 46.646671674166633 ], [ -76.630784041745372, 46.635727617721493 ], [ -76.633065616554589, 46.630064355987436 ], [ -76.644397702035604, 46.634809559748881 ], [ -76.664714493485377, 46.635061808420453 ], [ -76.669906648465513, 46.639005428684065 ], [ -76.67173561111268, 46.622927337061924 ], [ -76.678597693745829, 46.623284618578488 ], [ -76.68520700200132, 46.615924302426613 ], [ -76.677872390630668, 46.608170980197904 ], [ -76.674345381795376, 46.598898175309834 ], [ -76.66648848582723, 46.593731488075278 ], [ -76.665379153663849, 46.588035511500316 ], [ -76.686987440436866, 46.591393648827072 ], [ -76.683767766710815, 46.588199568402061 ], [ -76.68634780254628, 46.585172831080918 ], [ -76.659125425595818, 46.576839496312409 ], [ -76.648450618945532, 46.557614912863336 ], [ -76.648532871837915, 46.554204785715015 ], [ -76.654600429612898, 46.550066486153767 ], [ -76.650753361600238, 46.539954645845626 ], [ -76.667210936109385, 46.541031330569005 ], [ -76.671647260620233, 46.53831744810438 ], [ -76.643899682568815, 46.532370390687582 ], [ -76.644899927946497, 46.529483996446615 ], [ -76.658423330127135, 46.529317411571029 ], [ -76.655755048802206, 46.525258772539935 ], [ -76.660917942447227, 46.52531145200507 ], [ -76.662455740893819, 46.517868154399608 ], [ -76.645066457803068, 46.510534288697471 ], [ -76.648087295696413, 46.506452100600463 ], [ -76.647948979967495, 46.495423383127388 ], [ -76.641731735373284, 46.496426624332116 ], [ -76.63269250297202, 46.504479938785792 ], [ -76.615703521796348, 46.501760771272608 ], [ -76.606361758062292, 46.482816417132113 ], [ -76.61088566458001, 46.475782958375959 ], [ -76.604838603647437, 46.477289141016676 ], [ -76.604777268508684, 46.470700001541779 ], [ -76.588445113322095, 46.461480166951795 ], [ -76.583973320645939, 46.455035062011156 ], [ -76.554137275741482, 46.444929886822486 ], [ -76.559669526122818, 46.441705384766429 ], [ -76.551559128001003, 46.437261693975294 ], [ -76.555330462495391, 46.43214465565292 ], [ -76.552089040179951, 46.429372765721759 ], [ -76.533361427628961, 46.429066251278407 ], [ -76.525559979430454, 46.425090800947935 ], [ -76.522190671253654, 46.408482557913388 ], [ -76.526143788498047, 46.406869143888116 ], [ -76.523746055085709, 46.401789552239308 ], [ -76.529978249030279, 46.39917572545707 ], [ -76.533617368165892, 46.402338549263519 ], [ -76.540525758957386, 46.402257992390396 ], [ -76.536923623511854, 46.399399573601663 ], [ -76.53866518077848, 46.395730179289309 ], [ -76.531979613315556, 46.390063324417518 ], [ -76.521895043772176, 46.388921594164557 ], [ -76.526506368519065, 46.383756268364678 ], [ -76.517033169440808, 46.372564556975348 ], [ -76.509838701368651, 46.371974783907589 ], [ -76.514338632100689, 46.366537024233551 ], [ -76.508197532637752, 46.361867066471596 ], [ -76.518420191756476, 46.357257856314874 ], [ -76.513846164057767, 46.354618362044242 ], [ -76.514729141518458, 46.351506033334822 ], [ -76.50729253543723, 46.352112951857507 ], [ -76.500537559485238, 46.343361542816332 ], [ -76.543294638992123, 46.33308409023752 ], [ -76.55554533373649, 46.324251280183432 ], [ -76.579512223797352, 46.334139614697975 ], [ -76.594324370864143, 46.335310939371794 ], [ -76.590456677608003, 46.323646997691235 ], [ -76.597259399896828, 46.317003026556414 ], [ -76.58642420074591, 46.3075861229281 ], [ -76.577117002550793, 46.305554843021653 ], [ -76.574289304001908, 46.30006120135954 ], [ -76.567848457372904, 46.302672309945002 ], [ -76.56195035952706, 46.300701384474934 ], [ -76.561172529347687, 46.296700945457864 ], [ -76.549374635191953, 46.287311184107381 ], [ -76.556486801124322, 46.284670009306659 ], [ -76.55094870374559, 46.277646293803407 ], [ -76.545060772749167, 46.274137875640974 ], [ -76.541980783949015, 46.267393383839163 ], [ -76.529082346447609, 46.262971123752273 ], [ -76.520206539046754, 46.250968983918121 ], [ -76.491686138386129, 46.242285867208736 ], [ -76.461794117727422, 46.244872105315828 ], [ -76.43729294459088, 46.255904908696778 ], [ -76.397947403547988, 46.254624731026425 ], [ -76.362482758915874, 46.283895424364253 ], [ -76.354171131821232, 46.279595500375009 ], [ -76.343680510428385, 46.283572886722752 ], [ -76.329585645895662, 46.27607229098745 ], [ -76.315401074490211, 46.275147288139991 ], [ -76.320890388093559, 46.095940475540864 ], [ -76.319058595162204, 46.02367115367317 ], [ -76.152536352582288, 46.022133646329912 ], [ -76.151244230894477, 45.80422114501642 ], [ -76.325317646458856, 45.800495146310347 ], [ -76.323374969440749, 45.668077006121273 ], [ -76.137622584661386, 45.682655651431361 ], [ -76.119459271304621, 45.598667791363305 ], [ -75.928224148060877, 45.613841870462188 ], [ -75.908351440703797, 45.480432939026947 ], [ -75.839430357236381, 45.485675016866018 ], [ -75.837062189805337, 45.470272244369006 ], [ -75.819818816576159, 45.47015497836194 ], [ -75.8191461937339, 45.462577577142682 ], [ -75.822297605534686, 45.463276353025527 ], [ -75.817929358933014, 45.431100156781554 ], [ -75.810327899800299, 45.422575075987901 ], [ -75.808786588168815, 45.415434740065436 ], [ -75.802161939917198, 45.418018800710342 ], [ -75.797103366954204, 45.430140501201599 ], [ -75.775971719983048, 45.432034128113536 ], [ -75.773610685150146, 45.411867917805203 ], [ -75.766912931226059, 45.414079219803504 ], [ -75.760397229666765, 45.410776043200869 ], [ -75.765147556866154, 45.400720516478252 ], [ -75.776509226707674, 45.389748335646409 ], [ -75.788287505401286, 45.381331809797182 ], [ -75.804510380398341, 45.375165253667305 ], [ -75.846511858449901, 45.374665520062081 ], [ -75.912652663982655, 45.420110277449567 ], [ -75.956098158235591, 45.456860518004859 ], [ -75.983571129136564, 45.475777404587298 ], [ -76.093407752428462, 45.5170836529323 ], [ -76.125103282031986, 45.519083708497782 ], [ -76.16263256710171, 45.514667134405038 ], [ -76.195827848931444, 45.518500643812992 ], [ -76.222495452128911, 45.514084011240634 ], [ -76.23377360501155, 45.5070007391056 ], [ -76.237952701707272, 45.474042673304361 ], [ -76.243108033760464, 45.467806196952516 ], [ -76.272969631460029, 45.4689174392797 ], [ -76.350778105074852, 45.456028780917812 ], [ -76.375501100573771, 45.460500962922417 ], [ -76.442169941432837, 45.499029043280721 ], [ -76.477282319815913, 45.505168260605998 ], [ -76.499644422207595, 45.515029540822646 ], [ -76.605954412674578, 45.532418062731921 ], [ -76.65706791034458, 45.559002090834419 ], [ -76.6738185815327, 45.584001914687128 ], [ -76.670040854373809, 45.625001879272077 ], [ -76.684680094186348, 45.633335361326033 ], [ -76.695430357201261, 45.65033545475616 ], [ -76.706763694516724, 45.658974580119043 ], [ -76.709541510001188, 45.665002395789799 ], [ -76.703374600727173, 45.676502419470545 ], [ -76.690457855901741, 45.679002230810148 ], [ -76.687096745290191, 45.684446723083965 ], [ -76.686652249437373, 45.687863397413658 ], [ -76.695846708115752, 45.700252465940217 ], [ -76.691846637233382, 45.710280287639833 ], [ -76.70279104932969, 45.716280470497352 ], [ -76.705152200367436, 45.721808268517179 ], [ -76.720707815756427, 45.719475167105799 ], [ -76.750818969814972, 45.724142136674622 ], [ -76.769347421430709, 45.73367002794901 ], [ -76.76968068285197, 45.741670158837728 ], [ -76.766291685534867, 45.747003424730757 ], [ -76.770708478589938, 45.749586809344876 ], [ -76.768347238870675, 45.755364650197109 ], [ -76.780486670406717, 45.78525403071378 ], [ -76.764819198371328, 45.806004202640942 ], [ -76.769680556291988, 45.831282343010777 ], [ -76.764735364048548, 45.850032383229184 ], [ -76.774374487094747, 45.859032476853152 ], [ -76.780457629180262, 45.87347697409156 ], [ -76.803569653377039, 45.875532789820284 ], [ -76.841265311010787, 45.891005077338733 ], [ -76.868766555667662, 45.89133858680065 ], [ -76.895406339807693, 45.898033046745539 ], [ -76.923796635260501, 45.895088797978659 ], [ -76.929991554905811, 45.888616644430556 ], [ -76.923047302115805, 45.870977630602084 ], [ -76.902768967092044, 45.855227507208667 ], [ -76.902685812451182, 45.849838708073598 ], [ -76.905880565690552, 45.847783091681748 ], [ -76.922603368943001, 45.848894249971146 ], [ -76.925520152390277, 45.84644987291815 ], [ -76.91260361042977, 45.820060910529406 ], [ -76.911575931630978, 45.810005373537159 ], [ -76.925798836521182, 45.79878325797668 ], [ -76.94454965017087, 45.790811095631021 ], [ -76.972272850715214, 45.785588859090694 ], [ -76.991856828317822, 45.786811090124495 ], [ -77.023969062501379, 45.806616942934546 ], [ -77.049275469173352, 45.809561648273984 ], [ -77.073498258688318, 45.831172989356219 ], [ -77.097138032225217, 45.838478696822733 ], [ -77.12266671547215, 45.841339999085015 ], [ -77.163945879216115, 45.862312473551256 ], [ -77.196641268381711, 45.870396067652663 ], [ -77.219724932921295, 45.899451702373895 ], [ -77.232864015033087, 45.910951840348055 ], [ -77.237058473615605, 45.922174056941806 ], [ -77.268115023798686, 45.939368740067017 ], [ -77.273254174812635, 45.94509100554572 ], [ -77.287643241677273, 45.97995207478035 ], [ -77.277892482644518, 46.009396469723917 ], [ -77.277725727604491, 46.014146477192611 ], [ -77.282364752337074, 46.017924217691174 ], [ -77.314532250042774, 46.028368804369798 ], [ -77.377672902014481, 46.064980470143354 ], [ -77.499732171453616, 46.121925885961808 ], [ -77.568481805334628, 46.157869639575679 ], [ -77.669067772228573, 46.195564079358718 ], [ -77.680595814465406, 46.197453185482402 ], [ -77.688290662817479, 46.184758818545447 ], [ -77.694235246675333, 46.182397855699435 ], [ -77.725846912314026, 46.193592742590873 ], [ -77.775904201218793, 46.192982163156202 ], [ -77.801154939058222, 46.202676844150446 ], [ -77.841600626982483, 46.206371562099413 ], [ -77.847485021970826, 46.214904767447479 ], [ -77.849044782892889, 46.225856165203723 ], [ -77.851184393815274, 46.224900143741635 ], [ -77.854499374339156, 46.232280434674024 ], [ -77.85349019680028, 46.238257735352391 ], [ -77.849979162154142, 46.238660729395903 ], [ -77.84983989665848, 46.236218975056183 ], [ -77.848233603061061, 46.239209778050451 ], [ -77.846664160933955, 46.249703640685283 ], [ -77.85451351422175, 46.265725231400118 ], [ -77.850596578074132, 46.271266971562035 ], [ -77.853207512722719, 46.27747652239718 ], [ -77.841469895149231, 46.287497576372616 ], [ -77.841577427495011, 46.291866798327483 ], [ -77.846281401333002, 46.295097748029306 ], [ -77.840772828783187, 46.29925071390268 ], [ -77.838786405728356, 46.314468385249583 ], [ -77.825083894796492, 46.323015248995787 ], [ -77.825966575872641, 46.332928539094468 ], [ -77.818901788411239, 46.338248294595516 ], [ -77.806746408194812, 46.357038748500422 ], [ -77.774792062945536, 46.372387265330282 ], [ -77.766163363856677, 46.389613487870214 ], [ -77.748950016522087, 46.395438135524991 ], [ -77.752281613107158, 46.395694364111478 ], [ -77.750688651538908, 46.397234244905682 ], [ -77.748184683512662, 46.396549865137679 ], [ -77.741439184498191, 46.398259535414752 ], [ -77.745702875236432, 46.39773609958997 ], [ -77.746322396745256, 46.400459770440868 ], [ -77.749624011111109, 46.397904987238682 ], [ -77.74611535905315, 46.400736922915137 ], [ -77.741667591148001, 46.400992187855394 ], [ -77.741393152467168, 46.404493047832347 ], [ -77.74010549069942, 46.403281188597639 ], [ -77.742322183856189, 46.412034509075767 ], [ -77.756762403007883, 46.421291533797579 ], [ -77.755041366141313, 46.422587385335916 ], [ -77.762291350268612, 46.432643949697493 ], [ -77.761337195628784, 46.42853324975809 ], [ -77.765427522231136, 46.430652643671593 ], [ -77.762737097517061, 46.43775052893394 ], [ -77.759111225509542, 46.438365544957612 ], [ -77.766142135901745, 46.446094596610408 ], [ -77.763388622101246, 46.450357779321173 ], [ -77.766070759513397, 46.450441715016375 ], [ -77.766374228151179, 46.445626175479831 ], [ -77.776030477583888, 46.453046416857994 ], [ -77.771316013724345, 46.460439021335908 ], [ -77.76647282123993, 46.458824464566341 ], [ -77.769314056232147, 46.461429545814816 ], [ -77.765633334740173, 46.46507819182866 ], [ -77.768403607664993, 46.46691951781964 ], [ -77.762180223329764, 46.475294523466978 ], [ -77.765188730444734, 46.475193199550219 ], [ -77.761861680313331, 46.478039604827956 ], [ -77.761601441953289, 46.488259113103204 ], [ -77.756573121979116, 46.491748330603414 ], [ -77.760084636020466, 46.498928041604103 ], [ -77.757924618148351, 46.500544027097703 ], [ -77.762660754700207, 46.502926851622057 ], [ -77.755971101735383, 46.505012664577315 ], [ -77.758412175771596, 46.51309940234264 ], [ -77.772283162828586, 46.516391805143243 ], [ -77.783685011165204, 46.524006057268515 ], [ -77.78406864026411, 46.527596930309279 ], [ -77.771283601810751, 46.532017532634178 ], [ -77.767614035959753, 46.536306906883517 ], [ -77.768906462593222, 46.5451262771956 ], [ -77.773328164072751, 46.543813125852786 ], [ -77.778707987143576, 46.546892526436423 ], [ -77.7812471337772, 46.552304263422968 ], [ -77.778978176536555, 46.55783552478335 ], [ -77.78843354377598, 46.571139703641556 ], [ -77.776344601330166, 46.579744095325985 ], [ -77.775970055842933, 46.577373492437246 ], [ -77.772490983679702, 46.582980401003056 ], [ -77.776390139429523, 46.579958418939448 ], [ -77.774007510138702, 46.58455638296428 ], [ -77.776821158327365, 46.589063103923444 ], [ -77.781345497969426, 46.589859509787736 ], [ -77.787871611400803, 46.60595610939167 ], [ -77.794168342068758, 46.610842586637979 ], [ -77.803969536533415, 46.611170073208633 ], [ -77.823101236326437, 46.621714585753367 ], [ -77.833277615850989, 46.623324851578595 ], [ -77.83706503515009, 46.63010423701278 ], [ -77.843395375507953, 46.631884924571104 ], [ -77.852354016468496, 46.642524539387637 ], [ -77.856326875081493, 46.642661467541714 ], [ -77.861794703074068, 46.656477643663059 ], [ -77.850179915159401, 46.663898648643091 ], [ -77.852555612681769, 46.668743083066687 ], [ -77.833700735867396, 46.679222277156988 ], [ -77.831586325096623, 46.686769420392444 ], [ -77.835879853934841, 46.688784339941428 ], [ -77.837485230943358, 46.695527752520192 ], [ -77.830228869219596, 46.69526807802761 ], [ -77.823255168213265, 46.699401935360285 ], [ -77.823455756327988, 46.705990830070334 ], [ -77.819165144767638, 46.705884317038169 ], [ -77.817481891169933, 46.709964787930133 ], [ -77.822494488749257, 46.714597230678699 ], [ -77.819804928934076, 46.71570840307286 ], [ -77.828802126958436, 46.720957496836697 ], [ -77.82466024549133, 46.723364741303612 ], [ -77.829135450762593, 46.73306449030126 ], [ -77.824891902665541, 46.738608011827651 ], [ -77.832414374127055, 46.753042392907346 ], [ -77.829612138009253, 46.754821642106421 ], [ -77.833480336064454, 46.757038098306808 ], [ -77.829031453415183, 46.760045050830158 ], [ -77.832230035719817, 46.762625085197911 ], [ -77.828683305056387, 46.764628753881354 ], [ -77.827008089752994, 46.759101344915855 ], [ -77.825015072916116, 46.76376351802881 ], [ -77.838328999483537, 46.773559320289742 ], [ -77.831749429964518, 46.777394099440258 ], [ -77.837409387083312, 46.791832094298712 ], [ -77.829609059594389, 46.802554496857162 ], [ -77.831867227572175, 46.80738108247791 ], [ -77.836776469215835, 46.808059255508766 ], [ -77.830792016759332, 46.809635856046654 ], [ -77.827081000548972, 46.80504764387198 ], [ -77.821084327319781, 46.806805539541358 ], [ -77.819270379048604, 46.810649511478282 ], [ -77.82352285781846, 46.817028546316052 ], [ -77.820541773776412, 46.821180268812661 ], [ -77.84113848168974, 46.831724381542244 ], [ -77.82629364960421, 46.823437965472181 ], [ -77.827380980390274, 46.817626687389804 ], [ -77.845907432206417, 46.819223801199193 ], [ -77.848230282466389, 46.812159293183868 ], [ -77.852496905701855, 46.813741247502179 ], [ -77.84835409598962, 46.815741953606 ], [ -77.849213633999, 46.820810779772046 ], [ -77.856110350318403, 46.821981969428492 ], [ -77.854963692874492, 46.818181412046073 ], [ -77.857929164239309, 46.824196493297691 ], [ -77.863275549435343, 46.819659861463933 ], [ -77.876038115513609, 46.824642220716861 ], [ -77.883185167987122, 46.821760082940422 ], [ -77.895174336420695, 46.829753206102914 ], [ -77.893526801482963, 46.831597910523755 ], [ -77.892253987611213, 46.829615641984233 ], [ -77.889168906034499, 46.828638843163887 ], [ -77.891469739179882, 46.831326183224434 ], [ -77.89087249793441, 46.833060124600756 ], [ -77.878113632118499, 46.827780679492129 ], [ -77.876212026849231, 46.82854775407786 ], [ -77.878559616157474, 46.830408183026194 ], [ -77.875278717925781, 46.830503402353393 ], [ -77.888676306092947, 46.836797900956441 ], [ -77.884527779708677, 46.837180645904077 ], [ -77.892317586478654, 46.843949438484984 ], [ -77.894990290420651, 46.849469809708204 ], [ -77.889771772853109, 46.848164128823996 ], [ -77.894865991087144, 46.855241249870744 ], [ -77.892201239086191, 46.857962043564314 ], [ -77.885777715062403, 46.857074899085262 ], [ -77.881893049550925, 46.863546073302921 ], [ -77.880290823030222, 46.872768477908878 ], [ -77.883808147332061, 46.87590362314311 ], [ -77.880909190140386, 46.878486495775476 ], [ -77.884002082969815, 46.879318902876996 ], [ -77.879132865798098, 46.882664966167894 ], [ -77.884336938723195, 46.8831399400487 ], [ -77.887686481034606, 46.887970043909611 ], [ -77.88021075483968, 46.900356247556708 ], [ -77.860436525544969, 46.918018976269117 ], [ -77.856078183911578, 46.941183744218868 ], [ -77.850820927027158, 46.939407779089926 ], [ -77.84539816426205, 46.928642615414937 ], [ -77.843711139950145, 46.905892112759574 ], [ -77.850798592828895, 46.891547181459323 ], [ -77.849460347654954, 46.872209769791922 ], [ -77.84373728870375, 46.871697491463429 ], [ -77.847236752959475, 46.872609997612365 ], [ -77.846081601698558, 46.88150188063571 ], [ -77.848488045664595, 46.882336995676283 ], [ -77.843781426100279, 46.887053783100654 ], [ -77.845844919885792, 46.887967841667539 ], [ -77.841814463405271, 46.908929144445736 ], [ -77.835256699693716, 46.917012996943861 ], [ -77.833835633240952, 46.925923189340025 ], [ -77.836307445761278, 46.934099392700524 ], [ -77.842703668601132, 46.940771496451248 ], [ -77.843305058890436, 46.957292953008675 ], [ -77.836094281204211, 46.966100583843712 ], [ -77.842095124664837, 46.96965288172327 ], [ -77.844768982651487, 46.995020510147796 ], [ -77.828350659076833, 47.014828590004392 ], [ -77.834067266133715, 47.013073117934589 ], [ -77.835141541285054, 47.019474525042099 ], [ -77.840625060819619, 47.013855009619284 ], [ -77.843518496439884, 47.014547877251012 ], [ -77.847010235837274, 47.005330206885233 ], [ -77.850460433302402, 47.017455099729091 ], [ -77.846441368526527, 47.021625661816955 ], [ -77.845049562751583, 47.039680114718053 ], [ -77.833101440026581, 47.045542621244536 ], [ -77.838051044291248, 47.05289620972647 ], [ -77.827949899677733, 47.060158299128815 ], [ -77.828119087657839, 47.079405342516445 ], [ -77.831125435571735, 47.086061143080137 ], [ -77.836474441883865, 47.088981678476088 ], [ -77.832942966898599, 47.09238509989995 ], [ -77.832415258974493, 47.105791398475816 ], [ -77.826172766892498, 47.108170621200067 ], [ -77.834588445561423, 47.106328183657126 ], [ -77.836144020345913, 47.108917464110554 ], [ -77.842911079208534, 47.103413618778063 ], [ -77.847324536662214, 47.105114287689418 ], [ -77.842700373575752, 47.110421679346089 ], [ -77.846508779072281, 47.115602077487921 ], [ -77.841558357763361, 47.11980029849169 ], [ -77.845514715669282, 47.123034185986747 ], [ -77.842631006879557, 47.127414636442793 ], [ -77.845418894319863, 47.130196898851608 ], [ -77.845264664070299, 47.141650853568812 ], [ -77.851066159092454, 47.141879678145095 ], [ -77.852777467161118, 47.143388611075288 ], [ -77.849386592537542, 47.145271682975164 ], [ -77.853870440912587, 47.146342835291044 ], [ -77.847127946659086, 47.149752906691894 ], [ -77.851520238974771, 47.152612870874158 ], [ -77.848474392615145, 47.156624539496448 ], [ -77.856279505898939, 47.167551717944164 ], [ -77.853999463613533, 47.167384377459982 ], [ -77.855091570527506, 47.172193174873946 ], [ -77.849393215719374, 47.178334641564661 ], [ -77.85230955593974, 47.183722770919715 ], [ -77.851563682529857, 47.199451479674153 ], [ -77.857246848974995, 47.207513611517783 ], [ -77.854519984066286, 47.211457839718051 ], [ -77.85733260754705, 47.212601523867221 ], [ -77.858365954867267, 47.236285562982701 ], [ -77.865807972829501, 47.242759365388068 ], [ -77.878846685197075, 47.245278405153705 ], [ -77.901181778672608, 47.243272404129982 ], [ -77.903934864109928, 47.247331509561121 ], [ -77.918473862110233, 47.253331855478443 ], [ -77.915066661988476, 47.255046454637352 ], [ -77.91834409736326, 47.257385152825698 ], [ -77.914981604346579, 47.258435313684963 ], [ -77.924270564422628, 47.263610036293194 ], [ -77.925668487979792, 47.267655179614053 ], [ -77.929116166890196, 47.263658476740538 ], [ -77.93131825779551, 47.269330454766298 ], [ -77.647272227160954, 47.269271541902079 ], [ -77.647278888111728, 47.290349720364048 ], [ -77.432627259540638, 47.28956134804033 ] ] ] } },
{ "type": "Feature", "properties": { "riding_code": 581, "riding_name": "Deux-Montagnes" }, "geometry": { "type": "Polygon", "coordinates": [ [ [ -73.94206368614536, 45.618632235321591 ], [ -73.933295394433244, 45.61934529745173 ], [ -73.933117114113898, 45.616559591336127 ], [ -73.916329849384269, 45.605758128066093 ], [ -73.905318662428087, 45.613004063431589 ], [ -73.900806049719279, 45.607040133935882 ], [ -73.896197891365475, 45.606645294397033 ], [ -73.896494574027329, 45.616992098328822 ], [ -73.880430797049954, 45.606640616055365 ], [ -73.875099563371123, 45.597052664775248 ], [ -73.870048813507793, 45.59999226477273 ], [ -73.840751589975724, 45.58310551176173 ], [ -73.843683068613586, 45.581557531241728 ], [ -73.842757257854672, 45.578719925459012 ], [ -73.859420677240635, 45.571217330260112 ], [ -73.865334870033664, 45.565155140162048 ], [ -73.883599373511885, 45.559709720602143 ], [ -73.88630167750145, 45.549140146902076 ], [ -73.880899701237809, 45.536371493775704 ], [ -73.899878470359994, 45.524457393627252 ], [ -73.927809146632669, 45.544742203723445 ], [ -73.957116680160581, 45.538878163216737 ], [ -73.973500083219164, 45.539627770545287 ], [ -73.971743439279493, 45.532801497821247 ], [ -74.018780023305155, 45.566897370941128 ], [ -74.025818238897713, 45.567481701441615 ], [ -74.020371530360208, 45.577509941025227 ], [ -74.013137779025513, 45.575698305895806 ], [ -74.009577438368879, 45.576999639546656 ], [ -74.011172315571699, 45.579723157018265 ], [ -73.998423913734982, 45.576026720599437 ], [ -73.991942568886444, 45.577237937107611 ], [ -73.987625259080474, 45.571997780367163 ], [ -73.978058069089457, 45.581538687943521 ], [ -73.982392000361472, 45.5956989743988 ], [ -73.980185520763939, 45.602287153833842 ], [ -73.959608421964617, 45.60622173200673 ], [ -73.950604237277162, 45.602412864812898 ], [ -73.951288214940021, 45.61668207967098 ], [ -73.944670139286814, 45.621675497383556 ], [ -73.94206368614536, 45.618632235321591 ] ] ] } },
{ "type": "Feature", "properties": { "riding_code": 681, "riding_name": "Abitibi-Ouest" }, "geometry": { "type": "Polygon", "coordinates": [ [ [ -79.517769794957857, 49.009120323152381 ], [ -79.053527239956352, 49.009516218342618 ], [ -79.053345972920823, 48.999985405875314 ], [ -77.059498651058377, 49.000106349092825 ], [ -77.062761902107553, 48.9891879139862 ], [ -77.060650306309569, 48.965402679774094 ], [ -77.072760736865519, 48.957842998787903 ], [ -77.093926446434907, 48.954246664012132 ], [ -77.11205631987319, 48.943827846230818 ], [ -77.117669825552483, 48.935164577275806 ], [ -77.117462971623979, 48.912853769728251 ], [ -77.131064489525556, 48.9008012946124 ], [ -77.135513317710064, 48.877277720704633 ], [ -77.141995013800013, 48.86384194836441 ], [ -77.119467796626523, 48.854270500729513 ], [ -77.110992008850403, 48.838667513181584 ], [ -77.127103839254389, 48.817500808405441 ], [ -77.126326776280806, 48.803223688406973 ], [ -77.118053440129245, 48.792485377799942 ], [ -77.105809757874312, 48.786255063251609 ], [ -77.104676113326647, 48.779120315952646 ], [ -77.109742816409977, 48.76489313690201 ], [ -77.093550248363997, 48.749563050524195 ], [ -77.084100434473925, 48.726273497125341 ], [ -77.092787472923632, 48.717082816353859 ], [ -77.097175561856503, 48.706591809466403 ], [ -77.096756784432912, 48.675764383045049 ], [ -77.093936404234171, 48.666884397201351 ], [ -77.100096725671705, 48.641391810571022 ], [ -77.127410806905147, 48.610434281530083 ], [ -77.127538452705693, 48.584612915614485 ], [ -77.135743856760598, 48.575064058631227 ], [ -77.344048814829691, 48.574846760354689 ], [ -77.34409514115994, 48.503571408952567 ], [ -77.560690092502639, 48.503311073360244 ], [ -77.560570723849935, 48.287411347724706 ], [ -78.061144885661136, 48.287464708638709 ], [ -78.064769370569493, 48.277776127925733 ], [ -78.072322430831449, 48.269661352695252 ], [ -78.104232570152874, 48.258886829229475 ], [ -78.156630890051218, 48.261278765042469 ], [ -78.16866388783221, 48.258299935264596 ], [ -78.223389493220807, 48.258263020484684 ], [ -78.223416745831969, 48.298253409965206 ], [ -78.271809541114266, 48.298392024290791 ], [ -78.278938289300925, 48.305589489137361 ], [ -78.283046713675475, 48.317989762414783 ], [ -78.274237956130037, 48.339016409647442 ], [ -78.292540993799207, 48.341017037139871 ], [ -78.314377033448466, 48.349624523497603 ], [ -78.329847710033036, 48.343006485446104 ], [ -78.369849437638337, 48.306360551214482 ], [ -78.392856461039401, 48.296014089595893 ], [ -78.418932778043015, 48.292487940575221 ], [ -78.42946464370101, 48.287653958076326 ], [ -78.429666791422093, 48.247922959651852 ], [ -78.540939658242877, 48.247943660411302 ], [ -78.540580160553048, 48.430406024968292 ], [ -78.646816135612212, 48.430530007666896 ], [ -78.647139904231707, 48.57496224235998 ], [ -78.679287609303756, 48.574930288098784 ], [ -78.688454891000745, 48.571137331079427 ], [ -78.710376118432379, 48.570162301361691 ], [ -78.710321246137028, 48.554268690207756 ], [ -78.787871411245902, 48.553965046986605 ], [ -78.78783917298351, 48.561087857259999 ], [ -78.864859997289855, 48.561511510115352 ], [ -78.864711026284468, 48.574920152770524 ], [ -79.027180048055655, 48.57493888981454 ], [ -79.02707068994988, 48.561101201253486 ], [ -79.082406554071653, 48.561040074430544 ], [ -79.082353754166405, 48.429993930546289 ], [ -79.51749685819631, 48.430522052837404 ], [ -79.517769794957857, 49.009120323152381 ] ] ] } }
]
}
